Checked,Protein FDR Confidence: Combined,Master,Accession,Description,Exp. Protein q-value: Combined,Sum PEP Score,Coverage [%],# Peptides,# PSMs,# Unique Peptides,MW [kDa],Gene Symbol,"Abundance Ratio: (Heavy, Insoluble_S59L-Treat) / (Light, Insoluble_S59L-Treat)","Abundance Ratio: (Heavy, Insoluble_S59L-WT) / (Light, Insoluble_S59L-WT)","Abundance Ratio P-Value: (Heavy, Insoluble_S59L-Treat) / (Light, Insoluble_S59L-Treat)","Abundance Ratio P-Value: (Heavy, Insoluble_S59L-WT) / (Light, Insoluble_S59L-WT)","Abundance: F1: Light, Sample, I8, Insoluble_S59L-Treat, 4","Abundance: F3: Light, Sample, I7, Insoluble_S59L-Treat, 3","Abundance: F5: Light, Sample, I6, Insoluble_S59L-Treat, 2","Abundance: F7: Light, Sample, I5, Insoluble_S59L-Treat, 1","Abundance: F2: Light, Sample, I4, Insoluble_S59L-WT, 4","Abundance: F4: Light, Sample, I3, Insoluble_S59L-WT, 3","Abundance: F6: Light, Sample, I2, Insoluble_S59L-WT, 2","Abundance: F8: Light, Sample, I1, Insoluble_S59L-WT, 1","Abundance: F1: Heavy, Sample, I8, Insoluble_S59L-Treat, 4","Abundance: F3: Heavy, Sample, I7, Insoluble_S59L-Treat, 3","Abundance: F5: Heavy, Sample, I6, Insoluble_S59L-Treat, 2","Abundance: F7: Heavy, Sample, I5, Insoluble_S59L-Treat, 1","Abundance: F2: Heavy, Sample, I4, Insoluble_S59L-WT, 4","Abundance: F4: Heavy, Sample, I3, Insoluble_S59L-WT, 3","Abundance: F6: Heavy, Sample, I2, Insoluble_S59L-WT, 2","Abundance: F8: Heavy, Sample, I1, Insoluble_S59L-WT, 1",Modifications,WikiPathways,Reactome Pathways
FALSE,High,Master Protein,A2ASS6,Titin [OS=Mus musculus],0,15535.921,63,1711,46913,1711,3904.1,Ttn,1.176,0.633,0.106312194,0.018374533,91092711566,59113845934,60665004677,45185563819,92123341393,1.31804E+11,1.08239E+11,1.23804E+11,88797741463,66432836118,75886431935,55652274068,49567998139,75250039480,87288220691,86827149497,,,
FALSE,High,Master Protein,Q02566,Myosin-6 [OS=Mus musculus],0,2686.8,70,182,39006,63,223.4,Myh6,1.193,0.701,0.103137532,0.056654177,74167600809,49270658095,45709097890,43947666765,96732666534,1.18267E+11,1.00374E+11,1.05965E+11,74181820259,55642338559,65581880110,55403184642,50784045496,71177058548,88206459798,86614960224,Acetyl [N-Term]; Met-loss+Acetyl [N-Term],Striated muscle contraction,Striated Muscle Contraction
FALSE,High,Master Protein,Q91Z83,Myosin-7 [OS=Mus musculus],0,2194.417,68,162,26389,41,222.7,Myh7,1.872,0.81,0.003052278,0.02035178,3447270554,3294281434,2978731281,3873177367,382163305.2,522066973.6,446762906.3,717990730.3,6550078196,5153713350,6572918239,7141369654,313727876.8,463191354.9,311877191,573414185.4,Acetyl [N-Term]; Met-loss+Acetyl [N-Term],Regulation of cardiac hypertrophy by miR-208; Striated muscle contraction,
FALSE,High,Master Protein,A2AAJ9,Obscurin [OS=Mus musculus],0,1349.848,46,239,2541,239,966,Obscn,0.896,0.847,0.159380226,0.134413372,2155919781,1410847416,1380701160,1089086008,797201619.9,1181461988,939277183.6,1169696301,1859153875,1254555268,1445684642,982936022.5,541496672,918476575.3,943413649.8,1080414643,Acetyl [N-Term],,RHOA GTPase cycle; NRAGE signals death through JNK; G alpha (12/13) signalling events; RHOQ GTPase cycle
FALSE,High,Master Protein,Q9QXS1,Plectin [OS=Mus musculus],0,1212.662,58,237,2555,235,533.9,Plec,1.592,0.95,0.002538059,0.663027265,763039837.1,584996528.8,528884622.1,575321387.1,788540663.1,1028707871,821129162.8,893184471.3,1126114102,937693282.3,997333806.6,910031695.5,579754160.5,850204410.3,990062286.6,975160062.1,,Alpha 6 beta 4 integrin signaling pathway; EGFR1 signaling pathway,Type I hemidesmosome assembly; Caspase-mediated cleavage of cytoskeletal proteins
FALSE,High,Master Protein,E9Q557,Desmoplakin [OS=Mus musculus],0,1200.995,64,171,3085,171,332.7,Dsp,2.768,1.997,0.00019404,0.006082455,2994979666,2167676381,2136842147,2026676106,1693381396,2157031383,1770710220,1958353532,8542988999,5824412955,6865265704,5276515823,2642953853,3896919422,4242820907,4323935058,,Lung fibrosis; Alpha 6 beta 4 integrin signaling pathway,Neutrophil degranulation; Formation of the cornified envelope; RND3 GTPase cycle; RND1 GTPase cycle; Apoptotic cleavage of cell adhesion  proteins
FALSE,High,Master Protein,P16546,"Spectrin alpha chain, non-erythrocytic 1 [OS=Mus musculus]",0,1048.239,69,141,2118,140,284.4,Sptan1,1.15,0.404,0.023300077,0.004981109,1211666050,892281531.5,913293768.8,1547732036,1431847980,1658159160,1431298033,1787081350,1333240133,1071756896,1147893840,1686433145,465309015.8,549678792.8,722868860.1,881650939.6,,FAS pathway and stress induction of HSP regulation,Neutrophil degranulation; RAF/MAP kinase cascade; NCAM signaling for neurite out-growth; Interaction between L1 and Ankyrins; COPI-mediated anterograde transport; RHOU GTPase cycle; RHOV GTPase cycle; Caspase-mediated cleavage of cytoskeletal proteins
FALSE,High,Master Protein,E9Q401,Ryanodine receptor 2 [OS=Mus musculus],0,1005.424,46,173,1661,173,564.5,Ryr2,2.599,1.719,0.003821273,0.01091951,470967317.1,244758471.1,217917508.4,165082518,591242046.9,818478653.9,699859717.6,850152108.9,902912137.7,562346953.6,640741494.4,516002555,838693246.5,1272910778,1533017393,1615500546,Acetyl [N-Term]; Met-loss+Acetyl [N-Term],SIDS susceptibility pathways; Myometrial relaxation and contraction pathways; Calcium regulation in cardiac cells,Stimuli-sensing channels; Ion homeostasis
FALSE,High,Master Protein,Q62261,"Spectrin beta chain, non-erythrocytic 1 [OS=Mus musculus]",0,951.128,68,131,1967,125,274.1,Sptbn1,1.992,1.355,0.001113658,0.030096259,846718700.4,625495594.5,596403393.4,898586095.9,778324784.8,930106698.4,890551833.4,1000223514,1714541418,1201662724,1479809057,1760056398,875528117.9,1141808341,1331451892,1507867774,Acetyl [N-Term],,COPI-mediated anterograde transport; RAF/MAP kinase cascade; NCAM signaling for neurite out-growth; Interaction between L1 and Ankyrins; RHOU GTPase cycle; RHOV GTPase cycle
FALSE,High,Master Protein,P11531,Dystrophin [OS=Mus musculus],0,947.084,51,159,1667,159,425.6,Dmd,1.121,0.532,0.06497551,0.002716842,1113597077,667695145.5,683563777.6,798662299.5,656381396.7,949625985.1,784692420.4,1020153646,1128045898,748283730.3,838653177.4,896301138.4,325815941.6,448185260.6,497611391.3,581648019,,Striated muscle contraction,Striated Muscle Contraction; Formation of the dystrophin-glycoprotein complex (DGC)
FALSE,High,Master Protein,Q60675,Laminin subunit alpha-2 [OS=Mus musculus],0,925.695,59,129,2092,129,343.6,Lama2,0.22,0.14,0.000380273,3.16683E-05,3569744086,2135857559,2631164639,2514408601,1817266509,2015850692,1592695649,2274226441,694924780.3,504789866.1,539766370.6,708654853,232011980.8,286007311.1,219050612.5,364873775.9,,Focal adhesion: PI3K-Akt-mTOR signaling pathway; Alpha 6 beta 4 integrin signaling pathway; Focal adhesion,
FALSE,High,Master Protein,Q05793,Basement membrane-specific heparan sulfate proteoglycan core protein [OS=Mus musculus],0,876.721,53,121,1845,121,398,Hspg2,0.683,0.81,0.019683626,0.335989389,1170367756,627220749.8,620007410.3,718797693.6,394130397.5,375847817.5,339572728.6,463789486.3,613362529.3,402151514.8,451008716.5,569657119,270344452.3,248171888.5,408520327.3,443352546.5,,,
FALSE,High,Master Protein,Q62234,Myomesin-1 [OS=Mus musculus],0,858.525,76,103,2534,103,185.3,Myom1,1.968,0.822,0.000485409,0.101579618,2955887946,1894247585,1862787998,1862841507,5766065141,7514117785,5874948920,6606427446,5349657022,3784836378,4117361365,3610215990,3866476557,5823601061,5865243922,5765486842,Acetyl [N-Term]; Met-loss+Acetyl [N-Term],Striated muscle contraction,
FALSE,High,Master Protein,Q9JHU4,Cytoplasmic dynein 1 heavy chain 1 [OS=Mus musculus],0,790.446,45,162,1303,162,531.7,Dync1h1,3.379,2.016,0.000358777,0.026749501,301688485.6,145002775.6,166695142.1,112232879.2,132375867.9,198783809.8,214841702.8,188968810.3,1028029941,485893948,726618286.4,359207650.4,163762868.4,361123213.5,540524681,422855635.8,,,MHC class II antigen presentation; Neutrophil degranulation; COPI-mediated anterograde transport; Separation of Sister Chromatids; Resolution of Sister Chromatid Cohesion; Recruitment of NuMA to mitotic centrosomes; RHO GTPases Activate Formins; EML4 and NUDC in mitotic spindle formation; HSP90 chaperone cycle for steroid hormone receptors (SHR) in the presence of ligand; COPI-independent Golgi-to-ER retrograde traffic; Aggrephagy; Amplification  of signal from unattached  kinetochores via a MAD2  inhibitory signal; Anchoring of the basal body to the plasma membrane; Regulation of PLK1 Activity at G2/M Transition; Loss of Nlp from mitotic centrosomes; Recruitment of mitotic centrosome proteins and complexes; AURKA Activation by TPX2
FALSE,High,Master Protein,Q61554,Fibrillin-1 [OS=Mus musculus],0,738.515,51,98,1378,96,312.1,Fbn1,0.081,0.051,0.001843128,0.003475953,3755333451,1869300801,1561189366,1412221505,363531685.9,457052236.4,315230808.1,942521322.6,125004866.4,168089677.8,114089569,147481136.6,19169103.38,16999616,51575415.38,46032222,,Comprehensive IL-17A signaling,Integrin cell surface interactions; Degradation of the extracellular matrix; Regulation of Insulin-like Growth Factor (IGF) transport and uptake by Insulin-like Growth Factor Binding Proteins (IGFBPs); Post-translational protein phosphorylation; TGF-beta receptor signaling activates SMADs; Molecules associated with elastic fibres
FALSE,High,Master Protein,Q8VHX6,Filamin-C [OS=Mus musculus],0,724.177,55,109,1444,97,290.9,Flnc,2.888,2.033,0.000388471,0.007071603,1016612887,810031684.5,676631323.4,743190664.9,360367999.9,380111769.1,362243491.9,427510949,3080482985,2229697608,2406254302,2023916218,553385304.6,736330931.5,922139933,911772986.9,Acetyl [N-Term],,Cell-extracellular matrix interactions
FALSE,High,Master Protein,P70670,"Nascent polypeptide-associated complex subunit alpha, muscle-specific form [OS=Mus musculus]",0,660.551,61,85,1388,85,220.4,Naca,3.337,2.756,0.000577692,0.001622701,477848303.3,352185851.8,386359640.3,760988670.5,364553513.5,477841828.3,343935779.9,451494229.4,1635319193,1145686054,1502099668,2046618619,849396409.8,1209498062,1226637662,1354689265,,,
FALSE,High,Master Protein,Q8VDD5,Myosin-9 [OS=Mus musculus],0,621.463,52,90,1230,69,226.2,Myh9,2.297,1.673,0.001141741,0.067360606,464875901.3,306765039.6,264130543,307327792.1,173704160.3,249957892.3,189019284.6,254204938.9,874642915.8,732125813.3,673201769.4,679604115.5,225638229.8,296237192,494133689.3,547938402.6,Met-loss+Acetyl [N-Term],Primary focal segmental glomerulosclerosis (FSGS),RHO GTPases activate PAKs; Regulation of actin dynamics for phagocytic cup formation
FALSE,High,Master Protein,Q9JI91,Alpha-actinin-2 [OS=Mus musculus],0,609.875,77,60,4627,44,103.8,Actn2,1.427,0.623,0.00447315,0.019588628,10170014633,7842035654,7456819866,9407710368,16060392396,18402474828,16502638130,18295366607,13146859024,11178064569,12114675252,13431457608,8738260385,10977894961,13910115845,11919164282,,Striated muscle contraction,"Platelet degranulation ; RAF/MAP kinase cascade; Striated Muscle Contraction; Unblocking of NMDA receptors, glutamate binding and activation"
FALSE,High,Master Protein,G3UW82,Myosin-2 [OS=Mus musculus],0,606.046,18,49,5751,2,223.1,Myh2,0.112,,0.054434905,,2826817.75,4241330.5,2697255.75,2182874.75,,,,,,53154520,54305600,,,,,,,,Regulation of actin dynamics for phagocytic cup formation
FALSE,High,Master Protein,O70468,"Myosin-binding protein C, cardiac-type [OS=Mus musculus]",0,602.304,66,67,3814,67,140.5,Mybpc3,2.21,0.756,0.00246223,0.025258174,9735318260,6194389741,5960551303,5336934241,14394198890,18912140122,16173638895,18330428645,16383911188,13584253112,14408339666,11885320692,9074984371,14122866731,14267841814,14029896707,,,Striated Muscle Contraction
FALSE,High,Master Protein,Q71LX4,Talin-2 [OS=Mus musculus],0,597.381,58,95,956,85,253.5,Tln2,0.549,0.271,0.003087187,0.000288965,527674340,326854732.4,317503999.4,383174815.4,243419052.6,340872322.1,302599633.9,433307558.1,223508944,193316636.2,172585889.1,212606391.9,56929934.81,83495822,90640325.13,131182471,,,
FALSE,High,Master Protein,P13542,Myosin-8 [OS=Mus musculus],0,591.569,20,48,5761,3,222.6,Myh8,0.049,0.038,0.000225285,0.00010957,45219052,41359136.5,47166424,46524347,41214826,46039035.5,63191470.5,59276685.5,1360335.625,2380165.25,2154536,2486749.5,1641488.5,1761640.125,2367391.25,1390849,,Striated muscle contraction,Striated Muscle Contraction
FALSE,High,Master Protein,Q61001,Laminin subunit alpha-5 [OS=Mus musculus],0,569.879,45,95,821,95,403.8,Lama5,0.325,0.141,0.02408884,0.000752893,763185725.4,372785490.2,415170795.1,369705086.9,83204908.24,85714435.5,91246146.25,172485199.9,136658429.2,86192023.58,189641932.8,204569258.8,11976976.13,11790241.25,16213949.13,15590880.38,,Primary focal segmental glomerulosclerosis (FSGS); Focal adhesion: PI3K-Akt-mTOR signaling pathway; Inflammatory response pathway; Alpha 6 beta 4 integrin signaling pathway; Focal adhesion,
FALSE,High,Master Protein,P13541,Myosin-3 [OS=Mus musculus],0,502.564,16,40,4954,2,223.7,Myh3,,,,,,,,,,,,,,,,,,,,,,Striated muscle contraction,Striated Muscle Contraction
FALSE,High,Master Protein,Q61292,Laminin subunit beta-2 [OS=Mus musculus],0,478.136,63,81,1110,79,196.5,Lamb2,0.206,0.157,0.00013086,0.000141446,695087329.4,392909205.3,435178848.3,410535546.8,154537684.5,154780537.3,156727234,249378913.5,115034906.5,81689055.5,88497815.25,90979799.38,20417023.63,29349120.88,24310727.75,39880244.38,,Primary focal segmental glomerulosclerosis (FSGS); Focal adhesion: PI3K-Akt-mTOR signaling pathway; Inflammatory response pathway; Alpha 6 beta 4 integrin signaling pathway; Focal adhesion,
FALSE,High,Master Protein,Q80XB4,Nebulin-related-anchoring protein [OS=Mus musculus],0,476.876,63,96,714,96,195.6,Nrap,3.431,1.379,0.000296067,0.13143702,412389734.1,297020408.6,248173522.4,277723852.4,162119272.3,247325821.8,166916874.4,189995976.9,1340473780,1075762869,1006291659,840869361.9,181620104.2,244475365.7,288201359.1,322738156.6,,,
FALSE,High,Master Protein,Q64727,Vinculin [OS=Mus musculus],0,470.332,71,67,1154,67,116.6,Vcl,0.764,0.304,0.025920426,0.000798465,1423948251,952216322.7,827026628.1,1405350771,1481759505,1564746652,2080782003,1568388520,861025645.6,772157589.4,693353001.2,1012773323,423654221.2,497538396.8,604952650.5,637855984.7,,Primary focal segmental glomerulosclerosis (FSGS); IL-3 signaling pathway; Regulation of actin cytoskeleton; Integrin-mediated cell adhesion; Focal adhesion,"Neutrophil degranulation; MAP2K and MAPK activation; Platelet degranulation ; Smooth Muscle Contraction; High laminar flow shear stress activates signaling by PIEZO1 and PECAM1:CDH5:KDR in endothelial cells; Turbulent (oscillatory, disturbed) flow shear stress activates signaling by PIEZO1 and integrins in endothelial cells; Regulation of CDH1 Function"
FALSE,High,Master Protein,P02468,Laminin subunit gamma-1 [OS=Mus musculus],0,468.757,51,63,1070,63,177.2,Lamc1,0.266,0.174,0.000845914,0.000200144,2170053134,1303419479,1493669883,1531611126,864453145.4,935523372.8,753386050.4,1159418225,440829604.5,366538777,374714428.5,495247940.8,136597645.6,145487496.4,145148272.9,247962163.5,,,
FALSE,High,Master Protein,Q68FD5,Clathrin heavy chain 1 [OS=Mus musculus],0,451.576,56,67,731,67,191.4,Cltc,2.443,1.869,5.64009E-05,0.035376791,302671469.5,195751534.6,191794625.9,103412454.9,52233069.13,55993551.44,118983452.8,83448421.63,764640963.5,462323493.5,499037376.5,241003828.5,57834049.13,112062769.6,237069799.8,146305142.2,Acetyl [N-Term],IL-7 signaling pathway; Kit receptor signaling pathway,"MHC class II antigen presentation; Recycling pathway of L1; Cargo recognition for clathrin-mediated endocytosis; Golgi Associated Vesicle Biogenesis; LDL clearance; Retrograde neurotrophin signalling; Formation of annular gap junctions; Lysosome Vesicle Biogenesis; WNT5A-dependent internalization of FZD4; WNT5A-dependent internalization of FZD2, FZD5 and ROR2; VLDLR internalisation and degradation; RHOU GTPase cycle; RHOV GTPase cycle"
FALSE,High,Master Protein,O55143,Sarcoplasmic/endoplasmic reticulum calcium ATPase 2 [OS=Mus musculus],0,450.952,51,48,1101,48,114.8,Atp2a2,1.74,1.356,0.000773661,0.072954558,1417875500,858397395.6,675476864.4,531063756.1,999109446.7,1667493088,1625290072,1061434219,2555470131,1406025077,1324880567,892515187,1031703929,2074253620,2764989094,1568116231,Acetyl [N-Term],Alzheimer's disease; Myometrial relaxation and contraction pathways; Calcium regulation in cardiac cells,Ion homeostasis; Ion transport by P-type ATPases; Reduction of cytosolic Ca++ levels
FALSE,High,Master Protein,O08638,Myosin-11 [OS=Mus musculus],0,440.086,43,70,772,53,226.9,Myh11,0.815,1.02,0.500425648,0.887481068,126417699.8,240716931.9,67911803.25,129133188,135090057.9,67981607.88,195808293.1,141223970.1,100572829.3,200080236,88861540.75,103174440,102002630.3,62839810,233912997.5,158882604.3,,,Smooth Muscle Contraction; RHO GTPases activate PAKs
FALSE,High,Master Protein,P57780,Alpha-actinin-4 [OS=Mus musculus],0,429.879,72,55,1262,35,104.9,Actn4,2.489,1.538,0.000424972,0.002852007,294876451.5,269298871.5,183840970.1,284611338.8,85761752.38,85801695.88,156190067,109613775.8,760204888.5,647282801.9,482726487.5,596428814.5,129630343.6,122914999.3,244465527.3,198473755.6,,Striated muscle contraction; Primary focal segmental glomerulosclerosis (FSGS),Platelet degranulation
FALSE,High,Master Protein,Q7TPR4,Alpha-actinin-1 [OS=Mus musculus],0,407.81,70,51,1858,27,103,Actn1,0.821,0.332,0.020239708,0.000806681,1702555705,1482284789,1388552298,1728247806,2557501046,2937700112,3231426872,3811096746,1152301980,1184829436,1170797176,1464207725,712699538.8,941046809.9,1315446267,1311158272,Acetyl [N-Term],Regulation of actin cytoskeleton; Integrin-mediated cell adhesion; Focal adhesion,Platelet degranulation ; RHOF GTPase cycle; RHOBTB2 GTPase cycle; RHOD GTPase cycle; Regulation of cytoskeletal remodeling and cell spreading by IPP complex components
FALSE,High,Master Protein,P02469,Laminin subunit beta-1 [OS=Mus musculus],0,400.652,52,63,776,61,197,Lamb1,0.294,0.228,0.000479299,0.000221357,781173473.8,536757416.8,653705486.8,765145448.5,648808128,646109792.8,567684620.3,717152795,171310345.4,153707337.4,199591320.3,231114448.8,130322567.8,133531679.8,143230672.6,188806606.5,,Focal adhesion: PI3K-Akt-mTOR signaling pathway; Inflammatory response pathway; Alpha 6 beta 4 integrin signaling pathway; Focal adhesion,
FALSE,High,Master Protein,Q8BMS1,"Trifunctional enzyme subunit alpha, mitochondrial [OS=Mus musculus]",0,393.295,62,34,1386,34,82.6,Hadha,0.945,0.364,0.197338935,0.000672244,5837149434,3199288351,3397339409,3100189955,7716478458,10561468664,11014152073,8733361836,4746938555,2879599305,3369758739,3099695536,2418339891,3598814619,4687554790,3404251922,,Fatty acid beta-oxidation; Fatty acid beta-oxidation (streamlined); Mitochondrial long chain fatty acid beta-oxidation,Beta oxidation of decanoyl-CoA to octanoyl-CoA-CoA; Beta oxidation of octanoyl-CoA to hexanoyl-CoA; Acyl chain remodeling of CL; Beta oxidation of palmitoyl-CoA to myristoyl-CoA; Beta oxidation of myristoyl-CoA to lauroyl-CoA; Beta oxidation of lauroyl-CoA to decanoyl-CoA-CoA; Beta oxidation of hexanoyl-CoA to butanoyl-CoA
FALSE,High,Master Protein,P62737,"Actin, aortic smooth muscle [OS=Mus musculus]",0,376.194,85,26,6661,3,42,Acta2,0.86,0.289,0.056379293,0.001676557,771349379,455653370.5,481662216,572906745,1399758876,1413219519,1653748634,1504030267,524632253,414393186.5,415613212,490586395,310890624.5,364790442.5,615022528,485740148.5,,Striated muscle contraction; Comprehensive IL-17A signaling,Formation of the dystrophin-glycoprotein complex (DGC); Smooth Muscle Contraction; Regulation of CDH1 Function
FALSE,High,Master Protein,P56480,"ATP synthase F(1) complex catalytic subunit beta, mitochondrial [OS=Mus musculus]",0,366.199,77,27,1037,27,56.3,Atp5f1b,1.119,0.291,0.03622715,0.001990074,1449515972,968005527,503705736.7,804269867.8,2040414932,3026551390,2539037871,1593833341,1619470547,1048224352,648380822.9,901981545.3,445264665,738828655,897287742.5,554326900.3,,Oxidative phosphorylation; Electron transport chain,Mitochondrial protein degradation; Mitochondrial protein import; Formation of ATP by chemiosmotic coupling; Cristae formation
FALSE,High,Master Protein,Q02257,Junction plakoglobin [OS=Mus musculus],0,341.926,74,39,723,34,81.7,Jup,1.39,0.905,0.001340927,0.390091142,553439089.1,372230145.5,400485436.3,404107420.8,363143494.4,513571593.8,446388890.6,428887679.5,731608150.3,506237620.5,604386239.5,573748322.5,256331619.1,404610575,497925262,445954254,Acetyl [N-Term],Wnt signaling pathway,Neutrophil degranulation; RHOA GTPase cycle; RHOB GTPase cycle; Formation of the cornified envelope; RHOQ GTPase cycle; RHOC GTPase cycle; RHOH GTPase cycle; Degradation of CDH1; Adherens junctions interactions; Regulation of CDH1 posttranslational processing and trafficking to plasma membrane; Regulation of CDH11 function; VEGFR2 mediated vascular permeability; Regulation of CDH1 Function
FALSE,High,Master Protein,P68134,"Actin, alpha skeletal muscle [OS=Mus musculus]",0,341.608,79,24,6283,2,42,Acta1,0.001,0.001,,,23739002,,20075349.88,16780264,18795050.25,23179601.13,,23221246,,,,,,,,,,Striated muscle contraction; Myometrial relaxation and contraction pathways; Comprehensive IL-17A signaling,Formation of the dystrophin-glycoprotein complex (DGC); Striated Muscle Contraction; Regulation of CDH1 Function
FALSE,High,Master Protein,P26039,Talin-1 [OS=Mus musculus],0,333.795,40,76,531,67,269.7,Tln1,3.749,4.02,0.001444557,0.001475826,51032844.5,33891355.94,25125430.97,40541281.13,22645487.19,21909745.94,21656783.5,28635328.25,183819668,132260491.1,124228001.8,114395968.9,71571612.56,94916682.25,123480579.6,106830835.5,,Primary focal segmental glomerulosclerosis (FSGS); Integrin-mediated cell adhesion; Focal adhesion,Platelet degranulation ; MAP2K and MAPK activation; GRB2:SOS provides linkage to MAPK signaling for Integrins ; p130Cas linkage to MAPK signaling for integrins; Smooth Muscle Contraction; SEMA3A-Plexin repulsion signaling by inhibiting Integrin adhesion
FALSE,High,Master Protein,Q6URW6,Myosin-14 [OS=Mus musculus],0,332.633,45,70,576,64,228.4,Myh14,6.657,3.39,0.000517803,0.006810349,16426611.88,8295524.938,7255224.375,9737652.75,5473253.75,15742293.5,14954918.13,24571365.75,88423992.5,51574382.25,68474466.13,69420048.38,23007784.13,37914134.88,80490513.75,67177115,,,RHO GTPases activate PAKs
FALSE,High,Master Protein,Q9JKS4,LIM domain-binding protein 3 [OS=Mus musculus],0,330.303,62,30,1023,30,76.4,Ldb3,1.388,0.967,0.002527619,0.819750865,899528664.3,751664580.3,711805044.1,1111674156,1828668492,2131454022,1833349425,1765727217,1232067377,988697822,1110665877,1563691079,1506767565,1869970192,2185066009,1882434427,Acetyl [N-Term]; Met-loss+Acetyl [N-Term],,
FALSE,High,Master Protein,Q0II04,Nebulette [OS=Mus musculus],0,316.617,71,33,760,33,52.2,Nebl,0.944,0.361,0.314680464,0.004437097,920061059.8,583119887.4,632492501.5,907851959.6,1734873361,2151580082,2014491184,1850448053,671634532.5,519780509.1,632989522.9,947847730.3,457675500.8,634369339.6,891497235,816309500.3,,,
FALSE,High,Master Protein,P48678,Prelamin-A/C [OS=Mus musculus],0,308.961,71,47,942,46,74.2,Lmna,0.699,0.406,0.001631402,0.002310602,1939311198,1361492464,1460674109,2060739487,730929105.8,816665730.4,905831743.3,1110629853,1248987764,996418245.3,1074764537,1374216966,262454741.8,263687462.4,431636946.8,509862782.6,Acetyl [N-Term],Adipogenesis genes; FAS pathway and stress induction of HSP regulation,Initiation of Nuclear Envelope (NE) Reformation; Depolymerization of the Nuclear Lamina; Breakdown of the nuclear lamina
FALSE,High,Master Protein,Q9CQ73,Plakophilin-2 [OS=Mus musculus],0,307.713,65,44,827,44,88,Pkp2,1.368,0.558,0.000848016,0.004356981,922636747.9,652366009.9,684836719.5,696564723.5,611943493.7,794329319.5,790984579,721891070.5,1218014395,876385923.4,1005935132,970488593.8,313882591.6,387093173.5,528663940,437503532.8,Acetyl [N-Term]; Met-loss+Acetyl [N-Term],,Formation of the cornified envelope
FALSE,High,Master Protein,P60710,"Actin, cytoplasmic 1 [OS=Mus musculus]",0,304.443,84,24,3440,2,41.7,Actb,1.435,0.972,0.000521882,0.509525138,5907945,7446952,7383388,7966365,4493385.5,5206278,4975622.5,5742705,9183697,10439151,10449463,11590719,4446706,4970394,7375958,,Acetyl [N-Term]; Met-loss+Acetyl [N-Term],Myometrial relaxation and contraction pathways; Regulation of actin cytoskeleton; Focal adhesion,Cell-extracellular matrix interactions; Formation of the dystrophin-glycoprotein complex (DGC); Interaction between L1 and Ankyrins; Formation of annular gap junctions; RHOF GTPase cycle; Regulation of actin dynamics for phagocytic cup formation; DNA Damage Recognition in GG-NER; MAP2K and MAPK activation; RHO GTPases Activate Formins; Recycling pathway of L1; RHO GTPases activate IQGAPs; Clathrin-mediated endocytosis; Formation of the canonical BAF (cBAF) complex; Formation of the embryonic stem cell BAF (esBAF) complex; Formation of neuronal progenitor and neuronal BAF (npBAF and nBAF); EPHB-mediated forward signaling; UCH proteinases; B-WICH complex positively regulates rRNA expression; Adherens junctions interactions; Formation of the non-canonical BAF (ncBAF) complex; Formation of the polybromo-BAF (pBAF) complex; VEGFA-VEGFR2 Pathway; RHO GTPases Activate WASPs and WAVEs; Regulation of CDH1 Function
FALSE,High,Master Protein,P26231,Catenin alpha-1 [OS=Mus musculus],0,298.252,60,35,492,27,100,Ctnna1,6.052,6.907,0.000217305,3.40831E-05,127117911.6,97936737.5,79308825.13,116636526.8,94725247.88,92262870.63,108283209.1,106497111.1,753666538.3,604968689.9,654817892.5,655168733.5,579192942.9,684265600.1,797362881.1,689901826,Acetyl [N-Term],White fat cell differentiation,RHO GTPases activate IQGAPs; Degradation of CDH1; Adherens junctions interactions; Myogenesis; VEGFR2 mediated vascular permeability; Regulation of CDH1 Function
FALSE,High,Master Protein,Q04857,Collagen alpha-1(VI) chain [OS=Mus musculus],0,297.239,49,35,860,35,108.4,Col6a1,0.046,0.067,0.000390601,0.001550773,2537924959,1683316055,1729030834,2740287090,741748215,738219570.9,1077169223,1324399178,60634241.25,77404579,80940735.13,146040410.3,37774502.94,24087032.19,101731557.8,117556507.3,,,ECM proteoglycans; Signaling by PDGF; Assembly of collagen fibrils and other multimeric structures; Integrin cell surface interactions; NCAM1 interactions; Collagen chain trimerization; Collagen degradation
FALSE,High,Master Protein,Q8CAQ8,MICOS complex subunit Mic60 [OS=Mus musculus],0,295.34,67,44,700,44,83.8,Immt,2.732,1.566,0.000285013,0.004880539,575105682.5,324933800.4,326065317.4,419937421.1,1088689583,1151659551,1346065561,1034001185,1497315502,931587201.1,987227848.5,1011972629,1557517554,1925107676,1975555859,1939411877,,,
FALSE,High,Master Protein,Q4U4S6,Xin actin-binding repeat-containing protein 2 [OS=Mus musculus],0,292.635,29,84,378,84,428,Xirp2,10.357,13.564,0.001334976,0.001881803,20610597.5,16805865.84,8054930.688,12998871.75,3428759.25,1522162.5,3480637,5597217,185728362.8,160836908.8,183199950.7,145691675.8,37827726.81,54434903.69,53006901.63,67616266.13,,,
FALSE,High,Master Protein,P11276,Fibronectin [OS=Mus musculus],0,290.982,38,58,405,58,272.4,Fn1,5.788,32.656,0.000464698,0.000522791,32576816,19800910.63,12247888,20048155.75,1843765.875,3590257.375,1398770.5,2180338.5,170997480.7,108131363.3,104044392.8,122975355.8,48086746.38,72731056.38,74193818.63,89153847,,Focal adhesion: PI3K-Akt-mTOR signaling pathway; Inflammatory response pathway; Regulation of actin cytoskeleton; Comprehensive IL-17A signaling; Focal adhesion,"Platelet degranulation ; Cell surface interactions at the vascular wall; ECM proteoglycans; Syndecan interactions; MAP2K and MAPK activation; Integrin cell surface interactions; Molecules associated with elastic fibres; Regulation of Insulin-like Growth Factor (IGF) transport and uptake by Insulin-like Growth Factor Binding Proteins (IGFBPs); Post-translational protein phosphorylation; Fibronectin matrix formation; GRB2:SOS provides linkage to MAPK signaling for Integrins ; p130Cas linkage to MAPK signaling for integrins; Degradation of the extracellular matrix; Turbulent (oscillatory, disturbed) flow shear stress activates signaling by PIEZO1 and integrins in endothelial cells; MET activates PTK2 signaling; GPER1 signaling"
FALSE,High,Master Protein,P63260,"Actin, cytoplasmic 2 [OS=Mus musculus]",0,290.969,84,24,3424,2,41.8,Actg1,1000,1000,,,,,,,,,,,29467804,19009654,45413450.5,25811826,23316746,34295872,28086340,3882442.75,Acetyl [N-Term]; Met-loss+Acetyl [N-Term],Striated muscle contraction; Myometrial relaxation and contraction pathways; Regulation of actin cytoskeleton; Focal adhesion,RHO GTPases activate IQGAPs; Adherens junctions interactions; Regulation of CDH1 Function; RHO GTPases Activate Formins; Regulation of actin dynamics for phagocytic cup formation; Platelet degranulation ; Interaction between L1 and Ankyrins; MAP2K and MAPK activation; Recycling pathway of L1; Clathrin-mediated endocytosis; Formation of the dystrophin-glycoprotein complex (DGC); EPHB-mediated forward signaling; RHOF GTPase cycle; Formation of annular gap junctions; VEGFA-VEGFR2 Pathway; Cell-extracellular matrix interactions; RHO GTPases Activate WASPs and WAVEs; RHOBTB2 GTPase cycle
FALSE,High,Master Protein,Q99KI0,"Aconitate hydratase, mitochondrial [OS=Mus musculus]",0,290.782,63,37,752,37,85.4,Aco2,1.116,0.38,0.01139112,0.001900574,861923929.8,856161973.4,686537755.3,539669013.9,1100107064,1711576462,1567131973,1225188824,927128123.3,965607678.5,814318712.5,595648988,345579746,578091616.9,726662705.8,523654444.6,,TCA cycle,Mitochondrial protein degradation; Maturation of TCA enzymes and regulation of TCA cycle; Citric acid cycle (TCA cycle)
FALSE,High,Master Protein,Q8BWT1,"3-ketoacyl-CoA thiolase, mitochondrial [OS=Mus musculus]",0,283.444,78,22,547,22,41.8,Acaa2,0.761,0.325,0.035581182,0.001311685,471172201.6,245899922.5,297718097.8,272190212.4,1571916769,2973912367,2257130734,1467876218,285695654.5,189383830.3,265542162.8,204807476,379184863.3,876565877,832509562.5,527504047.5,,Fatty acid biosynthesis,Mitochondrial Fatty Acid Beta-Oxidation
FALSE,High,Master Protein,P63038,"60 kDa heat shock protein, mitochondrial [OS=Mus musculus]",0,280.814,76,34,572,34,60.9,Hspd1,0.907,0.273,0.028698604,0.003050978,704799688.5,440413771.8,508458704.3,359684870.5,635256565,729413322.1,929999462.7,564250984.8,574512834.8,405757760.6,472040048.3,321367055.4,134213719,162078670.9,350725461.2,188641419.1,,SIDS susceptibility pathways,Mitochondrial protein degradation; Mitochondrial protein import
FALSE,High,Master Protein,Q6P8J7,"Creatine kinase S-type, mitochondrial [OS=Mus musculus]",0,279.995,62,22,1275,20,47.4,Ckmt2,1.065,0.365,0.081586648,0.002917439,3116194252,2157721063,1814842624,2417278404,2847726353,3154295163,2675766693,2387550421,3122583770,2279214612,2039408937,2594510579,860594622.5,993460008.5,1266531604,1011571605,,,Creatine metabolism
FALSE,High,Master Protein,Q8K4L3,Supervillin [OS=Mus musculus],0,278.239,39,63,376,63,243,Svil,9.144,8.077,0.000669252,0.000524081,23271609.5,20155393.06,21542981.44,34902922.81,13253920.25,14283086.75,12762526.13,20213438.13,247952273.1,176047035.8,206244547.1,193528895.9,75943939.81,113799359.6,137410404,165497321.5,,Androgen receptor signaling pathway,
FALSE,High,Master Protein,P63017,Heat shock cognate 71 kDa protein [OS=Mus musculus],0,278.127,65,30,761,26,70.8,Hspa8,2.56,1.556,0.000338177,0.025699624,516579390.9,417263131.6,317635437.3,461788503.8,484735086.1,494439606.8,419602367.9,477965421.5,1297872898,1030205485,986496027.5,1204509177,602779776.4,692551704.4,854720420.1,826411539,,TGF-beta receptor signaling pathway; Mapk signaling pathway; Exercise-induced circadian regulation,"Neutrophil degranulation; Regulation of HSF1-mediated heat shock response; mRNA Splicing - Major Pathway; PKR-mediated signaling; HSP90 chaperone cycle for steroid hormone receptors (SHR) in the presence of ligand; Clathrin-mediated endocytosis; Golgi Associated Vesicle Biogenesis; Attenuation phase; Lysosome Vesicle Biogenesis; GABA synthesis, release, reuptake and degradation; AUF1 (hnRNP D0) binds and destabilizes mRNA; Protein methylation"
FALSE,High,Master Protein,P10493,Nidogen-1 [OS=Mus musculus],0,277.87,56,43,695,42,136.5,Nid1,0.524,0.456,0.000478026,0.023922802,771063163.4,427160309.5,483387107.3,523464013.2,336291313,369269770.3,256366844.4,378863424.3,354624939.1,226660911.8,250304836.8,290461652.8,115948038.6,117961493.3,166893989.7,228648209.8,,,Laminin interactions; Degradation of the extracellular matrix
FALSE,High,Master Protein,P16858,Glyceraldehyde-3-phosphate dehydrogenase [OS=Mus musculus],0,273.456,77,18,999,18,35.8,Gapdh,1.75,0.961,0.001007304,0.85987499,2453938419,2006376686,1934592157,1656089731,1386268756,2032646817,2579793691,1856959690,4246480751,3530431552,4064188684,2882506984,1182226120,1888760634,3096613907,1846196960,,Glycolysis and gluconeogenesis,Gluconeogenesis; Glycolysis
FALSE,High,Master Protein,Q62407,Striated muscle-specific serine/threonine-protein kinase [OS=Mus musculus],0,266.858,30,63,394,63,354.1,Speg,3.122,0.934,0.006378298,0.367734979,42105664.56,19566497.06,17826369.38,22003939.88,64297766.88,94303974,82660979.75,92332697.5,75021295.88,59299753.25,60411217.5,70747159.88,54180643.63,71112541.63,88291217.75,95598463.25,,,
FALSE,High,Master Protein,O70373,Xin actin-binding repeat-containing protein 1 [OS=Mus musculus],0,265.268,69,51,455,51,123.4,Xirp1,2.88,2.366,0.000819052,0.004184389,84756444.5,81070892.63,66314231.88,92824661.25,40806987.75,48272733,48636230.13,45238485,259193482.8,219949365,252319172,250514518.8,67461624.19,113723874,126829873.3,107454337.1,Met-loss+Acetyl [N-Term]; Acetyl [N-Term],,
FALSE,High,Master Protein,P31001,Desmin [OS=Mus musculus],0,264.596,78,40,1838,36,53.5,Des,0.973,1.079,0.475008964,0.265404395,7634842228,6225582794,5195223975,6793502568,2853029222,2856648928,2762401391,2743723997,6847446233,6065247779,5484777141,6607508618,2705342710,2991498243,3594064849,3049677034,Acetyl [N-Term]; Met-loss+Acetyl [N-Term],Striated muscle contraction,Striated Muscle Contraction
FALSE,High,Master Protein,P50544,"Very long-chain specific acyl-CoA dehydrogenase, mitochondrial [OS=Mus musculus]",0,264.068,68,35,576,35,70.8,Acadvl,1.929,0.57,0.0005584,0.009051007,251119977,162507143.3,177140628.6,136347196.9,614621488.5,871797885,1037735172,593365670.9,433880698.4,319336953.1,373441822.1,258204106.8,290647395.6,468445898.6,751895867,358754628.9,,Fatty acid beta-oxidation; Fatty acid beta-oxidation (streamlined); Mitochondrial long chain fatty acid beta-oxidation,Beta oxidation of palmitoyl-CoA to myristoyl-CoA
FALSE,High,Master Protein,Q60597,2-oxoglutarate dehydrogenase complex component E1 [OS=Mus musculus],0,263.159,50,39,460,39,116.4,Ogdh,3.18,0.96,0.007699831,0.97925266,157982379.3,77747396.38,40262574.63,45130999.19,163462759.3,270927364.1,213648526.9,166687004,341953644,268523218.9,211827649.8,132180401.4,129883567.1,253384501.4,288266310.4,164177072.7,,TCA cycle; Amino acid metabolism; Tryptophan metabolism,Mitochondrial protein degradation; Glycine degradation; OGDH complex synthesizes succinyl-CoA from 2-OG
FALSE,High,Master Protein,P68372,Tubulin beta-4B chain [OS=Mus musculus],0,254.684,72,22,736,1,49.8,Tubb4b,0.524,0.486,0.001069274,0.010592572,119073176,72478104,79594528,68578552,60390304,75017440,85205416,57670428,55959468,36604148,47419416,37276488,23232700,32422820,56777628,31520570,,,Neutrophil degranulation; PKR-mediated signaling; HSP90 chaperone cycle for steroid hormone receptors (SHR) in the presence of ligand; COPI-independent Golgi-to-ER retrograde traffic; Hedgehog 'off' state; COPI-dependent Golgi-to-ER retrograde traffic; Kinesins; MHC class II antigen presentation; COPI-mediated anterograde transport; Separation of Sister Chromatids; Anchoring of the basal body to the plasma membrane; Resolution of Sister Chromatid Cohesion; Regulation of PLK1 Activity at G2/M Transition; Loss of Nlp from mitotic centrosomes; Recruitment of mitotic centrosome proteins and complexes; Recruitment of NuMA to mitotic centrosomes; RHO GTPases Activate Formins; AURKA Activation by TPX2; EML4 and NUDC in mitotic spindle formation; Intraflagellar transport; Carboxyterminal post-translational modifications of tubulin; Microtubule-dependent trafficking of connexons from Golgi to the plasma membrane; Recycling pathway of L1; Cargo trafficking to the periciliary membrane; RHO GTPases activate IQGAPs; The role of GTSE1 in G2/M progression after G2 checkpoint; Aggrephagy; Sealing of the nuclear envelope (NE) by ESCRT-III
FALSE,High,Master Protein,P21981,Protein-glutamine gamma-glutamyltransferase 2 [OS=Mus musculus],0,246.617,60,35,581,35,77,Tgm2,1.717,0.891,0.000969902,0.285311446,1156786790,810663496,696908479.5,718957052.8,158983369,230141002.2,207447633,357208856.4,2021312554,1367438573,1340495065,1130738452,115140841.6,184377881.8,223806148.4,353732466.6,Met-loss+Acetyl [N-Term]; Acetyl [N-Term],,
FALSE,High,Master Protein,P58771,Tropomyosin alpha-1 chain [OS=Mus musculus],0,244.49,70,32,1751,10,32.7,Tpm1,2.203,0.89,0.000485885,0.391432921,5714131334,4381655889,4002015066,5990456100,18915375042,16467688275,15689501964,15674736535,12101672016,9928710147,10532455745,12827119932,13145718871,13174195891,18166416423,15508646103,,Striated muscle contraction,Striated Muscle Contraction; Smooth Muscle Contraction
FALSE,High,Master Protein,Q99JY0,"Trifunctional enzyme subunit beta, mitochondrial [OS=Mus musculus]",0,241.814,68,24,920,24,51.4,Hadhb,1.677,0.767,0.001533949,0.053125921,1976102224,1161621093,1294496529,1417815934,3103104897,3589122931,3583759037,2939034833,3163746500,1974198884,2585078196,2345054783,1981979240,2524477745,3335145648,2458672321,,Fatty acid beta-oxidation; Fatty acid beta-oxidation (streamlined),Beta oxidation of decanoyl-CoA to octanoyl-CoA-CoA; Beta oxidation of octanoyl-CoA to hexanoyl-CoA; Acyl chain remodeling of CL; Beta oxidation of palmitoyl-CoA to myristoyl-CoA; Beta oxidation of myristoyl-CoA to lauroyl-CoA; Beta oxidation of lauroyl-CoA to decanoyl-CoA-CoA; Beta oxidation of hexanoyl-CoA to butanoyl-CoA
FALSE,High,Master Protein,P99024,Tubulin beta-5 chain [OS=Mus musculus],0,239.74,73,22,693,4,49.6,Tubb5,0.781,0.709,0.026180575,0.190824245,120450013.5,91736291.5,85029349,79588964.5,17865892,29732425,43359753.25,37523530,89486398,70455751.75,79850422,63171712.75,11620233,19883260.88,51578757.75,28232079.5,,T cell receptor signaling pathway,Neutrophil degranulation; Anchoring of the basal body to the plasma membrane; Regulation of PLK1 Activity at G2/M Transition; Loss of Nlp from mitotic centrosomes; Recruitment of mitotic centrosome proteins and complexes; Recruitment of NuMA to mitotic centrosomes; AURKA Activation by TPX2
FALSE,High,Master Protein,Q8K4G5,Actin-binding LIM protein 1 [OS=Mus musculus],0,239.625,51,34,542,34,96.7,Ablim1,1.938,1.35,0.011312297,0.014193065,238034090,142260807.3,202310824.9,260087747.8,430401012.4,514018826.4,512266671.5,448911124.6,318256302.3,287914075,437739268.8,482772285.8,493596124.6,700047373,767845267.8,600428762.8,,,
FALSE,High,Master Protein,Q8BTM8,Filamin-A [OS=Mus musculus],0,236.471,31,54,420,43,281,Flna,2.56,2.114,0.002753057,0.095913993,24662233,25612168.5,12723125.25,18756481.63,18788996.75,6681771.75,33217293.5,24908642.13,65204802.75,57993800.38,47564121,46476321.75,17212162.19,21918339.25,78664139.75,46999580.63,,TNF-alpha NF-kB signaling pathway; Androgen receptor signaling pathway; Mapk signaling pathway; Focal adhesion,Platelet degranulation ; Cell-extracellular matrix interactions; RHO GTPases activate PAKs; GP1b-IX-V activation signalling
FALSE,High,Master Protein,Q8BFR5,"Elongation factor Tu, mitochondrial [OS=Mus musculus]",0,235.567,67,26,527,26,49.5,Tufm,1.129,0.377,0.355553356,0.002516584,293434624.9,149497931.8,205337610.8,144933043.7,672162359.5,960612144.6,1072190603,672146052.3,258897524.9,166570404.8,234944658.5,173338739.3,203814451.1,325525981,512821548.9,281942869,,,
FALSE,High,Master Protein,P20152,Vimentin [OS=Mus musculus],0,233.332,77,36,639,28,53.7,Vim,1.162,0.938,0.083975184,0.853150438,761518772,588006636.5,582278291.8,739747932,138082614.6,122256745.2,250015459.9,377334053,756850864.3,694578677.5,748586431.8,846278569.8,116400692.5,107052124.3,375091923.9,378946550.1,,Striated muscle contraction; Spinal cord injury; Primary focal segmental glomerulosclerosis (FSGS); Alpha 6 beta 4 integrin signaling pathway,Aggrephagy; Caspase-mediated cleavage of cytoskeletal proteins; Striated Muscle Contraction; RHOBTB1 GTPase cycle
FALSE,High,Master Protein,Q03265,"ATP synthase F(1) complex subunit alpha, mitochondrial [OS=Mus musculus]",0,231.444,64,32,962,32,59.7,Atp5f1a,1.24,0.448,0.020660033,0.003623081,1741638019,1067001943,760838551.4,924700061.4,2636795674,4002095223,3591768186,2406465969,1907183782,1322764136,1047908516,1147396971,897424288.8,1609362735,1884499443,1198569724,,Oxidative phosphorylation; Electron transport chain,Mitochondrial protein degradation; Formation of ATP by chemiosmotic coupling; Cristae formation
FALSE,High,Master Protein,Q9JMH9,Unconventional myosin-XVIIIa [OS=Mus musculus],0,229.134,33,55,330,55,232.6,Myo18a,2.392,2.739,0.00531613,0.00396914,37342395.13,30892421.75,58125941.75,40145876.13,31654331.75,41230495.13,33712936,32273622.38,120061443.3,83961147,109329428.4,84548962.13,63018238.88,96958735.5,107585577.8,105281706.9,,,
FALSE,High,Master Protein,P09542,Myosin light chain 3 [OS=Mus musculus],0,227.065,81,17,1225,13,22.4,Myl3,0.296,0.681,0.01188156,0.009488384,9035623183,9767290092,6226116499,10068560457,10094942942,9714727987,6666353821,9172785257,1957701225,2081141771,3046753596,4074037984,6076957153,6534681438,5424739402,6327236156,,Striated muscle contraction; Regulation of actin cytoskeleton,Striated Muscle Contraction
FALSE,High,Master Protein,P26041,Moesin [OS=Mus musculus],0,224.989,56,33,495,23,67.7,Msn,1.893,1.224,0.001396553,0.08192119,313261833.8,229410371.9,174396780.8,206154867.9,72649233.75,72650311.69,77787154.13,85547581.75,593901134.8,433769867,393163889,353443178.5,78389817.5,80579098,124385641.3,115540452.8,,Regulation of actin cytoskeleton,Recycling pathway of L1
FALSE,High,Master Protein,Q7TMM9,Tubulin beta-2A chain [OS=Mus musculus],0,223.332,72,21,620,1,49.9,Tubb2a,0.652,0.016,0.003878962,0.166836999,31421372,22363066,22731834,19994154,7402436,8602330,8706677,8893780,18437926,14945248,17059958,12723480,,2213711.75,,4063979.75,,,MHC class II antigen presentation; Recycling pathway of L1; COPI-dependent Golgi-to-ER retrograde traffic; COPI-mediated anterograde transport; Kinesins; Separation of Sister Chromatids; PKR-mediated signaling; Resolution of Sister Chromatid Cohesion; Recruitment of NuMA to mitotic centrosomes; RHO GTPases Activate Formins; EML4 and NUDC in mitotic spindle formation; Intraflagellar transport; Carboxyterminal post-translational modifications of tubulin; Microtubule-dependent trafficking of connexons from Golgi to the plasma membrane; HSP90 chaperone cycle for steroid hormone receptors (SHR) in the presence of ligand; Hedgehog 'off' state; Cargo trafficking to the periciliary membrane; RHO GTPases activate IQGAPs; COPI-independent Golgi-to-ER retrograde traffic; The role of GTSE1 in G2/M progression after G2 checkpoint; Aggrephagy; Sealing of the nuclear envelope (NE) by ESCRT-III
FALSE,High,Master Protein,O55111,Desmoglein-2 [OS=Mus musculus],0,222.771,48,38,392,38,122.3,Dsg2,1.279,0.462,0.016170184,0.011786822,140318597.5,114096326.5,110065128.5,135459082.8,109503834,122902971.9,125255462.3,112965363.5,179087884.8,126955879.8,141146691.3,189959551.4,30372338.38,50826121.25,69115475,58377419,,,Formation of the cornified envelope; RHOG GTPase cycle; RAC2 GTPase cycle; RAC3 GTPase cycle; Apoptotic cleavage of cell adhesion  proteins
FALSE,High,Master Protein,P51667,"Myosin regulatory light chain 2, ventricular/cardiac muscle isoform [OS=Mus musculus]",0,222.258,86,14,2419,14,18.9,Myl2,0.859,0.527,0.113175971,0.003604547,21745111709,22142371627,15931099948,23198489951,36825934860,32383076607,26114132597,30780812582,15315094343,17392502875,15538542817,21794756886,15938759000,15751359661,15996115569,17541970140,,Striated muscle contraction; Myometrial relaxation and contraction pathways,Striated Muscle Contraction
FALSE,High,Master Protein,P97927,Laminin subunit alpha-4 [OS=Mus musculus],0,221.301,32,38,319,38,201.7,Lama4,1.432,1.318,0.086034961,0.258629306,67575568,41245170.13,32653975.5,51004851.25,16134510.75,17376673.25,13286573.25,37181749.75,64838409,56336169.25,49052539.38,80641344.5,16344383.88,15338930.5,34651141,63732671.63,,Focal adhesion: PI3K-Akt-mTOR signaling pathway; Focal adhesion,Formation of the dystrophin-glycoprotein complex (DGC); Laminin interactions; MET activates PTK2 signaling
FALSE,High,Master Protein,Q62417,Sorbin and SH3 domain-containing protein 1 [OS=Mus musculus],0,220.895,35,37,568,36,143,Sorbs1,1.782,1.297,0.002044139,0.049853155,360332732.4,262013796.6,219623096.3,327102019,404950481.3,445260444.3,429766884,416918805.8,599182812,470685104.6,482608298.5,578529242.9,416540751.8,547544620.3,587659912.6,574865067,Acetyl [N-Term],PPAR signaling pathway; Integrin-mediated cell adhesion; Insulin signaling,Smooth Muscle Contraction
FALSE,High,Master Protein,P07724,Albumin [OS=Mus musculus],0,220.541,66,34,463,34,68.6,Alb,3.151,3.841,0.000290906,0.007014336,121091320.8,244769149.5,119990095.9,236461491.9,59123846.06,108487898.8,30782616,125369901.3,331040489.3,739947658.5,431514166.5,776492482.5,211793259.8,446848880,292124986.8,447488538.5,,,Scavenging of heme from plasma; Platelet degranulation ; Regulation of Insulin-like Growth Factor (IGF) transport and uptake by Insulin-like Growth Factor Binding Proteins (IGFBPs); Post-translational protein phosphorylation; Cytoprotection by HMOX1; Heme degradation; Aspirin ADME; Prednisone ADME; Recycling of bile acids and salts; Heme biosynthesis; Ciprofloxacin ADME; HDL remodeling
FALSE,High,Master Protein,Q9CWF2,Tubulin beta-2B chain [OS=Mus musculus],0,219.938,72,21,616,1,49.9,Tubb2b,0.001,,,,5464228.5,2166920,2577182,1686889.125,,,,,3480577.75,,,,,,,,,,PKR-mediated signaling; COPI-mediated anterograde transport; HSP90 chaperone cycle for steroid hormone receptors (SHR) in the presence of ligand; MHC class II antigen presentation; Recycling pathway of L1; Recruitment of NuMA to mitotic centrosomes; COPI-dependent Golgi-to-ER retrograde traffic; Kinesins; Separation of Sister Chromatids; Resolution of Sister Chromatid Cohesion; RHO GTPases Activate Formins; EML4 and NUDC in mitotic spindle formation; Intraflagellar transport; Carboxyterminal post-translational modifications of tubulin; Microtubule-dependent trafficking of connexons from Golgi to the plasma membrane; Hedgehog 'off' state; Cargo trafficking to the periciliary membrane; RHO GTPases activate IQGAPs; COPI-independent Golgi-to-ER retrograde traffic; The role of GTSE1 in G2/M progression after G2 checkpoint; Aggrephagy; Sealing of the nuclear envelope (NE) by ESCRT-III
FALSE,High,Master Protein,Q8CGK3,"Lon protease homolog, mitochondrial [OS=Mus musculus]",0,216.762,56,33,247,33,105.8,Lonp1,1.212,0.296,0.036132114,0.009221442,264789988.4,175436871,165113310.6,100925672.3,27770675.25,38517585.38,44857877.63,25000803.25,332675153,199583080.4,249584027.9,118074766.9,4206550.25,10774376.25,18949883.63,7840210.375,,,Mitochondrial protein degradation
FALSE,High,Master Protein,Q9WTI7,Unconventional myosin-Ic [OS=Mus musculus],0,213.943,47,40,411,39,121.9,Myo1c,2.016,0.857,0.004766085,0.583965751,132016612.5,75231547.63,64598079.63,63115250.13,80692511,96540538.25,86243594.75,172245590.5,227929340.3,159235329,175798844.5,121158279.3,78196192.25,73145806.13,116893261.5,120173457.3,,Insulin signaling,B-WICH complex positively regulates rRNA expression; Regulation of actin dynamics for phagocytic cup formation
FALSE,High,Master Protein,Q61879,Myosin-10 [OS=Mus musculus],0,213.248,29,43,394,27,228.9,Myh10,1000,1000,,,,,,,,,,,21199802.25,14194377.88,27597101.25,17824501.13,804316.0625,2777145,5806110.875,15673019.5,,Regulation of actin cytoskeleton,RHO GTPases activate PAKs
FALSE,High,Master Protein,P48962,ADP/ATP translocase 1 [OS=Mus musculus],0,211.363,82,24,1246,13,32.9,Slc25a4,0.95,0.333,0.273834233,0.000547522,1220885865,705982532.3,743381333.4,732582838.6,2603542494,3229489717,3861382641,3210375829,974100480.4,645888143,765894585.5,722197160.8,736566726.8,1005178056,1494594673,1143101686,Acetyl [N-Term]; Met-loss+Acetyl [N-Term],Androgen receptor signaling pathway; Electron transport chain; mRNA processing,Transport of nucleosides and free purine and pyrimidine bases across the plasma membrane; Mitochondrial Uncoupling
FALSE,High,Master Protein,A2ASQ1,Agrin [OS=Mus musculus],0,211.241,33,40,214,40,207.4,Agrn,0.574,0.384,0.030315219,0.003240831,19657607.5,14781506.75,14516662.75,19212352.5,5248830.5,2009156.625,5151241.75,7170732.5,5295440,8334895,8469549.75,11232316.5,1985148.25,784879.25,1562949.875,3697608.5,,Primary focal segmental glomerulosclerosis (FSGS),ECM proteoglycans; Retinoid metabolism and transport; Glycosaminoglycan-protein linkage region biosynthesis; HS-GAG biosynthesis; HS-GAG degradation; Formation of the dystrophin-glycoprotein complex (DGC)
FALSE,High,Master Protein,P27546,Microtubule-associated protein 4 [OS=Mus musculus],0,209.452,52,38,362,38,117.4,Map4,4.107,3.43,0.000284706,0.001108573,65285805.25,56153919.38,47874837.63,108872835.3,26772571.09,40729676.63,25510140.5,34066435.28,287486582.5,199300377.4,234780872.4,417045020.3,75582255.88,128813353,114130783.1,126718696.1,Acetyl [N-Term],,
FALSE,High,Master Protein,Q9QYR6,Microtubule-associated protein 1A [OS=Mus musculus],0,209.415,24,40,186,39,300,Map1a,3.004,0.001,1.81597E-05,,70195892.5,50302600.63,44062014,53356357.25,,,,15935221,218440919.5,142305405.8,135584903.5,156442103.5,,,,,,,
FALSE,High,Master Protein,Q6PB66,"Leucine-rich PPR motif-containing protein, mitochondrial [OS=Mus musculus]",0,206.127,43,49,376,49,156.5,Lrpprc,2.981,1.174,0.001420563,0.353856384,119732732.8,47401101.25,51896551.88,45045667,145698496.3,188421461.1,180999799.8,111341916.2,267378305,144810847.5,179519588.5,131052334.6,122816377.1,195266238.4,281415461.3,148112121,,TNF-alpha NF-kB signaling pathway,
FALSE,High,Master Protein,Q924X2,"Carnitine O-palmitoyltransferase 1, muscle isoform [OS=Mus musculus]",0,205.325,49,35,604,33,88.2,Cpt1b,0.897,0.476,0.070229413,0.005320377,1008623593,592556586.9,645235517.9,421129351.6,392909665.9,577094834.8,533808516.4,472811123,841978800,505923498.3,607929237,411830277,154711142,258274851,334369611.3,239569143.5,Acetyl [N-Term]; Met-loss+Acetyl [N-Term],Fatty acid beta-oxidation; PPAR signaling pathway; Fatty acid beta-oxidation (streamlined),Carnitine shuttle
FALSE,High,Master Protein,Q8C6K9,Collagen alpha-6(VI) chain [OS=Mus musculus],0,205.275,27,43,289,43,246.2,Col6a6,0.01,0.041,0.001915518,0.004583345,231060738.8,119072557.9,100627269.2,204699151.4,111572410,98552959.88,121387783.1,178564381.1,3928121,1039469.938,,2576749,2791777.5,1348795.125,10196074.25,12235424.75,,,Integrin cell surface interactions; ECM proteoglycans; Signaling by PDGF; Assembly of collagen fibrils and other multimeric structures; NCAM1 interactions; Collagen chain trimerization; Collagen degradation
FALSE,High,Master Protein,P14873,Microtubule-associated protein 1B [OS=Mus musculus],0,203.691,30,45,159,44,270.1,Map1b,5.829,132.902,0.000152065,0.050997878,27707330.75,22507227.75,15403466,14717152.5,,1373281.5,1711766.25,,167530081.9,123790867.5,86569441.75,112132360.9,21660777,24256285.22,19731597.88,2429266.75,Acetyl [N-Term],Wnt signaling pathway,
FALSE,High,Master Protein,Q3UTJ2,Sorbin and SH3 domain-containing protein 2 [OS=Mus musculus],0,201.874,36,33,685,32,132.3,Sorbs2,2.101,1.258,0.000337773,0.049068049,1043219984,826490121.3,662022419.5,792073331.8,305855220.4,393948283.3,387551133.3,396158089.8,2158612757,1656392954,1600891468,1689695774,333915229.6,473641148.3,610468073.4,521090003,,,Neutrophil degranulation; Neurexins and neuroligins; Caspase-mediated cleavage of cytoskeletal proteins
FALSE,High,Master Protein,P62631,Elongation factor 1-alpha 2 [OS=Mus musculus],0,201.459,63,18,863,9,50.4,Eef1a2,1.734,0.974,0.00117691,0.991208564,713948226,496746499.3,489005582.5,531130478.1,640230959,948967612.5,951224268.5,832443199.3,1349319877,802433482.8,910209768.5,847507568.5,541655342.5,854387722.3,1180503495,876996425.3,,Translation factors,
FALSE,High,Master Protein,Q8BH64,EH domain-containing protein 2 [OS=Mus musculus],0,201.25,68,26,367,24,61.1,Ehd2,1.067,0.555,0.388580152,0.032715774,164495442,105507381,95292053.38,131042067.5,123499788.4,140826447.6,180695394,153825865.3,153574556.1,117524739.8,106222275.9,133986102.5,52311703.75,60605734.5,134179937,110215072.9,,Insulin signaling,Factors involved in megakaryocyte development and platelet production
FALSE,High,Master Protein,Q91YE8,Synaptopodin-2 [OS=Mus musculus],0,201.155,43,31,281,31,116.5,Synpo2,3.405,1.537,0.004435928,0.021944391,28245433.13,36157382.13,23191497,54218240.63,92805460.5,118853264.6,100464786.9,116348128.5,115367719.6,102660456.4,123713596.1,143199242.3,125315105.3,180078394.8,228222951.3,181312710,,,
FALSE,High,Master Protein,P38647,"Stress-70 protein, mitochondrial [OS=Mus musculus]",0,198.699,53,24,393,24,73.4,Hspa9,1.497,0.716,0.006109269,0.033088015,260032776.8,172696844,137765758.3,152535651.9,184481445,223253052.2,223957022.3,163129049.5,393455162,253405948.8,267091849.5,225901387.1,111617054.5,145635992.8,197960258.9,128030778.2,,,Complex III assembly; Regulation of HSF1-mediated heat shock response; Complex I biogenesis; Mitochondrial protein degradation
FALSE,High,Master Protein,Q61595,Kinectin [OS=Mus musculus],0,198.581,42,45,349,45,152.5,Ktn1,5.574,5.606,0.000124601,0.001583149,40108125.63,23089893.63,23304845.25,39439238.25,27127976.63,29594247.44,33763905.75,30919763.63,214615099.6,112716940.9,155668806,228960979.6,88501207.06,163784182.7,209583451.6,175577705.3,,TNF-alpha NF-kB signaling pathway,RHOA GTPase cycle; Regulation of Insulin-like Growth Factor (IGF) transport and uptake by Insulin-like Growth Factor Binding Proteins (IGFBPs); Post-translational protein phosphorylation; CDC42 GTPase cycle; RAC1 GTPase cycle; RHOG GTPase cycle; RND2 GTPase cycle; RND3 GTPase cycle; RHO GTPases activate KTN1
FALSE,High,Master Protein,Q9D6F9,Tubulin beta-4A chain [OS=Mus musculus],0,196.716,61,18,629,1,49.6,Tubb4a,,,,,,,,,,,,,,,,,,,,,,Exercise-induced circadian regulation,Separation of Sister Chromatids; Anchoring of the basal body to the plasma membrane; Resolution of Sister Chromatid Cohesion; Regulation of PLK1 Activity at G2/M Transition; Loss of Nlp from mitotic centrosomes; Recruitment of mitotic centrosome proteins and complexes; Recruitment of NuMA to mitotic centrosomes; RHO GTPases Activate Formins; AURKA Activation by TPX2; EML4 and NUDC in mitotic spindle formation; COPI-independent Golgi-to-ER retrograde traffic; COPI-dependent Golgi-to-ER retrograde traffic; Kinesins; MHC class II antigen presentation; COPI-mediated anterograde transport; PKR-mediated signaling; Intraflagellar transport; Carboxyterminal post-translational modifications of tubulin; Microtubule-dependent trafficking of connexons from Golgi to the plasma membrane; HSP90 chaperone cycle for steroid hormone receptors (SHR) in the presence of ligand; Recycling pathway of L1; Hedgehog 'off' state; Cargo trafficking to the periciliary membrane; RHO GTPases activate IQGAPs; The role of GTSE1 in G2/M progression after G2 checkpoint; Aggrephagy; Sealing of the nuclear envelope (NE) by ESCRT-III
FALSE,High,Master Protein,P17710,Hexokinase-1 [OS=Mus musculus],0,196.46,43,35,256,32,108.2,Hk1,0.516,0.569,0.007011721,0.183626038,233150471.5,164278680.8,95400073.75,163109246,2062815.875,9818733.125,14887621.88,19031940,118521023.3,86165554,69037010.5,80780170.5,2524128.375,4745302.688,9968458.75,4395249.938,,Glucuronidation; Glycolysis and gluconeogenesis,Glycolysis; Synthesis of GDP-mannose
FALSE,High,Master Protein,P10126,Elongation factor 1-alpha 1 [OS=Mus musculus],0,196.279,63,18,651,9,50.1,Eef1a1,2.368,2.072,0.0008018,0.00970996,511588709.4,321354293.5,330510740,391845332.3,33692290.25,41940503.5,44824806,97914971.94,1187569279,776090794.8,956698634.6,839187062,66188360.25,91680506,134587255.9,158878820.8,,Translation factors; EGFR1 signaling pathway,Neutrophil degranulation; Eukaryotic Translation Elongation; HSF1 activation; Protein methylation
FALSE,High,Master Protein,Q02788,Collagen alpha-2(VI) chain [OS=Mus musculus],0,196.134,35,30,642,30,110.3,Col6a2,0.034,0.046,0.000164569,0.000180917,2293362055,1620394695,1613837810,2587376399,682549833,852452216.6,1103530348,1274413065,45598310.88,50970987,58132936.75,98433829.25,27047798.25,31594526.06,72640108,67060517,,Focal adhesion: PI3K-Akt-mTOR signaling pathway; Focal adhesion,ECM proteoglycans; Signaling by PDGF; Assembly of collagen fibrils and other multimeric structures; Integrin cell surface interactions; NCAM1 interactions; Collagen chain trimerization; Collagen degradation
FALSE,High,Master Protein,Q65CL1,Catenin alpha-3 [OS=Mus musculus],0,191.635,48,32,301,31,99.7,Ctnna3,3.214,1.763,0.000226117,0.014388978,36604503,26495863.5,26010805.38,41328264.75,58655618.5,75191166.63,67079431,71486078.5,126840118.3,78952988.5,96724018,123182367.7,81161336.25,122199102.3,157189326.4,136653195.8,,,
FALSE,High,Master Protein,E9Q0S6,Tensin-1 [OS=Mus musculus],0,191.425,33,38,271,36,201.3,Tns1,5.357,3.993,0.002302613,0.00588857,26280165.75,8874088,9835244.25,18119360.25,22374802,23931451,17548699.25,25105889,107034287,61970712.25,78409048.25,74458599.75,49707885.63,95743562.75,95243454,100078042.3,,Integrin-mediated cell adhesion,
FALSE,High,Master Protein,Q8CI51,PDZ and LIM domain protein 5 [OS=Mus musculus],0,189.994,44,21,599,21,63.3,Pdlim5,1.972,1.089,0.000967711,0.465049711,600485605.3,433808498.5,398368155,515235967.3,994974990.1,1055755903,806688139.9,783508398.8,1116690266,867102176.7,949895546.4,1002100416,850335159.4,999205975.3,1251434935,981566589.5,Met-loss+Acetyl [N-Term]; Acetyl [N-Term],,
FALSE,High,Master Protein,P19123,"Troponin C, slow skeletal and cardiac muscles [OS=Mus musculus]",0,187.319,63,12,1268,12,18.4,Tnnc1,1.716,0.653,0.002307038,0.016107417,3405860398,3250631819,2380101138,2566716652,6568254765,6110447915,6969277911,6965603555,5487923204,5616572258,5028978053,4373584151,3661235656,3836509552,5760255650,4729356073,Acetyl [N-Term],Striated muscle contraction,Striated Muscle Contraction
FALSE,High,Master Protein,P68368,Tubulin alpha-4A chain [OS=Mus musculus],0,186.82,72,20,566,7,49.9,Tuba4a,0.729,1.078,0.001993844,0.6988289,187594004.8,112505248,141045343,113054170,66173906,87527974,92335980,68462661,129798156,81169556,112580396,83215726,49989501,79744058,136761172,87264602,,T cell receptor signaling pathway,Platelet degranulation ; Separation of Sister Chromatids; Regulation of PLK1 Activity at G2/M Transition; The role of GTSE1 in G2/M progression after G2 checkpoint; Aggrephagy; PKR-mediated signaling; MHC class II antigen presentation; Resolution of Sister Chromatid Cohesion; RHO GTPases Activate Formins; EML4 and NUDC in mitotic spindle formation; COPI-dependent Golgi-to-ER retrograde traffic; Kinesins; COPI-mediated anterograde transport; Anchoring of the basal body to the plasma membrane; Loss of Nlp from mitotic centrosomes; Recruitment of mitotic centrosome proteins and complexes; Recruitment of NuMA to mitotic centrosomes; AURKA Activation by TPX2; Intraflagellar transport; Carboxyterminal post-translational modifications of tubulin; Microtubule-dependent trafficking of connexons from Golgi to the plasma membrane; HSP90 chaperone cycle for steroid hormone receptors (SHR) in the presence of ligand; Recycling pathway of L1; Hedgehog 'off' state; Cargo trafficking to the periciliary membrane; RHO GTPases activate IQGAPs; COPI-independent Golgi-to-ER retrograde traffic; Sealing of the nuclear envelope (NE) by ESCRT-III
FALSE,High,Master Protein,O70433,Four and a half LIM domains protein 2 [OS=Mus musculus],0,185.308,81,21,540,21,32.1,Fhl2,2.497,1.03,0.000995338,0.556725985,414807288.5,330374237.3,229419980,419427405.3,769236702.3,653592314.5,1171025422,1888124408,974552888,853576262.8,748450712,1011892579,715291220.5,745567897.1,1746070283,1643120578,,Androgen receptor signaling pathway; Wnt signaling pathway,
FALSE,High,Master Protein,Q7TQ48,Sarcalumenin [OS=Mus musculus],0,184.908,61,23,305,23,54.3,Srl,1.202,0.329,0.028607001,0.003899029,92599878.5,59278298.88,64435356.63,71008163.31,393567463.5,499372083.1,625479571.8,302071912,113152249.4,65509269.51,90716820,83941616.75,98225046.19,134426434.3,267653721.3,121499465,,,
FALSE,High,Master Protein,O88322,Nidogen-2 [OS=Mus musculus],0,184.811,43,36,346,35,153.8,Nid2,0.215,0.335,0.000507467,0.003817111,148924659,70533339.88,88301707.13,112282061.8,41161119.13,40003229.75,36720818,58124521,24266615.25,15794982.63,22762408.5,23184869,8518594.75,12017974.06,14198732.38,21758192.88,,,Laminin interactions
FALSE,High,Master Protein,P51881,ADP/ATP translocase 2 [OS=Mus musculus],0,183.851,63,21,896,10,32.9,Slc25a5,0.901,0.362,0.044013365,0.002579667,993435394.5,609766524,671450155.9,614797789.5,477629306.3,553807497.5,584546851.3,557067245.5,835342023,533010864.5,648695819.3,571447216.9,139824942.7,172034010.4,264326038.4,234509919.5,Met-loss+Acetyl [N-Term]; Acetyl [N-Term],Electron transport chain,Mitochondrial protein degradation; Transport of nucleosides and free purine and pyrimidine bases across the plasma membrane
FALSE,High,Master Protein,P54071,"Isocitrate dehydrogenase [NADP], mitochondrial [OS=Mus musculus]",0,182.758,54,22,531,21,50.9,Idh2,1.029,0.411,0.660502794,0.000312684,685143169.9,738448340.8,535483194.4,540307346.4,1353889983,2163031997,2044338115,1496511977,737401215,668669812,619012226.8,531723343.6,531176559.4,846518424.5,882099385.9,708263833.4,,TCA cycle; Oxidative stress and redox pathway,Mitochondrial protein degradation; Maturation of TCA enzymes and regulation of TCA cycle; Citric acid cycle (TCA cycle); Transcriptional activation of mitochondrial biogenesis
FALSE,High,Master Protein,P41216,Long-chain-fatty-acid--CoA ligase 1 [OS=Mus musculus],0,182.05,55,32,400,32,77.9,Acsl1,0.594,0.41,0.004534005,0.006101567,407129308.5,262937591.1,221941789.5,150758073.5,323198153,501991579.5,524755140.5,280721829,213068570.3,150190797.8,158278521.1,93225832.63,95563408.63,170714830.9,262571183.3,138584599,Acetyl [N-Term],Fatty acid beta-oxidation; PPAR signaling pathway; Fatty acid biosynthesis; Fatty acid beta-oxidation (streamlined); Mitochondrial long chain fatty acid beta-oxidation; Cholesterol metabolism with Bloch and Kandutsch-Russell pathways; Omega-3 / omega-6 fatty acid synthesis; Omega-9 fatty acid synthesis,Synthesis of very long-chain fatty acyl-CoAs; Linoleic acid (LA) metabolism; alpha-linolenic acid (ALA) metabolism
FALSE,High,Master Protein,P51660,Peroxisomal multifunctional enzyme type 2 [OS=Mus musculus],0,180.566,55,27,284,27,79.4,Hsd17b4,2.196,3.219,5.83966E-05,0.011153672,136704586.3,75029091.25,82684182,65583043,26461703.5,21495083.13,22428462.88,22178279.13,301269304,154394720.8,190610714.5,143483271.8,42246558.38,71469933,70771382.25,72813051,,Steroid biosynthesis,Peroxisomal protein import; Synthesis of bile acids and bile salts via 7alpha-hydroxycholesterol; Beta-oxidation of pristanoyl-CoA; Beta-oxidation of very long chain fatty acids; alpha-linolenic acid (ALA) metabolism
FALSE,High,Master Protein,E9Q8Q6,Coiled-coil domain-containing protein 141 [OS=Mus musculus],0,179.653,36,41,240,41,173.5,Ccdc141,5.981,9.518,0.001730798,0.001775705,24716488,13884544.88,7715538,14003641.81,7992401.625,7491710.75,6797770.375,9050161.25,123341624.8,74770927.75,84336611.88,93036174.5,37234390.5,69391534.13,77998287.75,88509442.5,,,
FALSE,High,Master Protein,P47857,"ATP-dependent 6-phosphofructokinase, muscle type [OS=Mus musculus]",0,177.913,57,31,268,26,85.2,Pfkm,3.641,1.859,0.000412172,0.011131127,42583977.75,28058692.63,26277718,19772989.88,27380907,63887826.5,34678273.5,32921786.88,126731709.5,102929261.9,111925961.3,71450272.5,44755130.25,104325009,93948545,69639609.75,,Glycolysis and gluconeogenesis; Insulin signaling,Glycolysis
FALSE,High,Master Protein,Q99P72,Reticulon-4 [OS=Mus musculus],0,177.797,52,34,153,34,126.5,Rtn4,4.059,0.853,0.000115203,0.433636104,52635325.75,32633438.13,28028016.63,30505325.38,8733178,8880271,9812140,8660582,218396291.8,129606340.3,136470857,116288382.4,272261.125,5268071,12021148.56,14403402.91,Acetyl [N-Term],Spinal cord injury,Axonal growth inhibition (RHOA activation)
FALSE,High,Master Protein,O09161,Calsequestrin-2 [OS=Mus musculus],0,176.502,48,15,520,15,48.1,Casq2,1.774,0.603,0.00166717,0.009599497,888135059.3,590540668.9,679697992.8,620313843.1,2810436200,2625011589,3434610115,1998040122,1383915830,1050659863,1371239582,1097730374,1242110758,1452609890,2267614703,1313097179,,Striated muscle contraction; Calcium regulation in cardiac cells,Stimuli-sensing channels; Ion homeostasis
FALSE,High,Master Protein,Q8VDN2,Sodium/potassium-transporting ATPase subunit alpha-1 [OS=Mus musculus],0,176.075,39,31,291,18,112.9,Atp1a1,1.61,0.503,0.000848444,0.015091808,80839269.5,44909898.25,33476161.2,29175711.75,46746219.88,66994090.75,61035222.75,46950395.63,119547220.9,70441316.75,55303057.75,50723620.38,16847095.13,29568467.63,41065632.25,26967541.38,,Na/K-ATPase/Src signaling,Ion homeostasis; Ion transport by P-type ATPases
FALSE,High,Master Protein,P15508,"Spectrin beta chain, erythrocytic [OS=Mus musculus]",0,174.959,29,46,258,40,245.1,Sptb,54.373,4.17,0.23823209,0.003079921,,,4012241.188,7644421,5793314,4998042.625,7126031.125,7840280.75,8523714.125,4063418.563,11862051.38,12263662.88,14448782.5,22975896.5,26959752,38348301.75,,,RAF/MAP kinase cascade; NCAM signaling for neurite out-growth; Interaction between L1 and Ankyrins; COPI-mediated anterograde transport
FALSE,High,Master Protein,Q9CQ62,"2,4-dienoyl-CoA reductase [(3E)-enoyl-CoA-producing], mitochondrial [OS=Mus musculus]",0,173.751,59,15,442,15,36.2,Decr1,0.91,0.316,0.176858696,0.001179032,769643413.3,532420823.5,481672209,708145200.8,372137967.9,523889985.1,558961065.4,719558415,642687497.3,455757480.8,493487835.4,685417694.8,93927426.5,154776983.5,219492133,243460407.8,,Fatty acid beta-oxidation; Fatty acid biosynthesis; Fatty acid beta-oxidation (streamlined),mitochondrial fatty acid beta-oxidation of unsaturated fatty acids
FALSE,High,Master Protein,Q8QZT1,"Acetyl-CoA acetyltransferase, mitochondrial [OS=Mus musculus]",0,172.911,56,17,413,17,44.8,Acat1,1.041,0.374,0.817365035,0.001042386,492374333.4,199950902.3,198201758.1,227195358,1213312795,1778532168,1283246825,1402292158,502120454.8,178382623,213993685.2,241635514.6,375986178.3,609868520,558797926.4,570814948.5,,Fatty acid beta-oxidation; Fatty acid beta-oxidation (streamlined); Synthesis and degradation of ketone bodies; Tryptophan metabolism,Mitochondrial protein degradation; Branched-chain amino acid catabolism; Maturation of TCA enzymes and regulation of TCA cycle; Synthesis of Ketone Bodies; Utilization of Ketone Bodies
FALSE,High,Master Protein,P49813,Tropomodulin-1 [OS=Mus musculus],0,172.786,65,21,470,19,40.4,Tmod1,1.978,1.242,0.000586845,0.105611371,431552691,307755588.3,313431933.6,351274237.8,600164984,643662593.5,624799177.8,632436421.8,737848639,592275215,645395861.5,714017207.8,591879201,757630428.3,952648674,828329610,,Striated muscle contraction,Striated Muscle Contraction
FALSE,High,Master Protein,Q9Z2I9,"Succinate--CoA ligase [ADP-forming] subunit beta, mitochondrial [OS=Mus musculus]",0,171.479,56,24,298,24,50.1,Sucla2,0.841,0.291,0.010036843,0.001671712,246051451.8,171189572.6,177193979.5,127324717.9,436374482,705097145.5,711929252.5,448492855,194266824.3,151140152.5,156400555,101933527.8,103275280,173324729,261754704.5,154197994.9,,TCA cycle,Citric acid cycle (TCA cycle)
FALSE,High,Master Protein,P11499,Heat shock protein HSP 90-beta [OS=Mus musculus],0,170.162,53,29,327,17,83.2,Hsp90ab1,3.514,2.806,0.00261322,0.025669035,37179023.5,32093887.25,21031155.88,32537015,22151249,30737646.75,31848242.75,30866131.75,113207376.5,126435824,119376437.8,102006849.8,30669201.25,85293357.5,134299075.3,87600242.5,,TNF-alpha NF-kB signaling pathway; Focal adhesion: PI3K-Akt-mTOR signaling pathway,Neutrophil degranulation; The role of GTSE1 in G2/M progression after G2 checkpoint; Regulation of actin dynamics for phagocytic cup formation; HSP90 chaperone cycle for steroid hormone receptors (SHR) in the presence of ligand; Attenuation phase; Estrogen-dependent gene expression; Sema3A PAK dependent Axon repulsion; Aryl hydrocarbon receptor signalling; DDX58/IFIH1-mediated induction of interferon-alpha/beta; HSF1 activation; RHOBTB2 GTPase cycle; The NLRP3 inflammasome
FALSE,High,Master Protein,Q02248,Catenin beta-1 [OS=Mus musculus],0,169.245,51,30,308,25,85.4,Ctnnb1,5.467,2.023,0.001607423,0.010664839,12525783.25,8480245.5,6734464.75,12439648.25,23829022,32299799,33033393,30368981.5,63496520.75,49991660.63,60510788.75,52844126.25,35962522,56453297.5,82759396,71083300,Acetyl [N-Term],TGF-beta signaling pathway; IL-5 signaling pathway; MicroRNAs in cardiomyocyte hypertrophy; Mechanisms associated with pluripotency; Ptf1a related regulatory pathway; Heart development; Neural crest differentiation; Androgen receptor signaling pathway; Primary focal segmental glomerulosclerosis (FSGS); TGF-beta receptor signaling pathway; B cell receptor signaling pathway; ESC pluripotency pathways; Wnt signaling in kidney disease; Wnt signaling; Adipogenesis genes; T cell receptor signaling pathway; Na/K-ATPase/Src signaling; ID signaling pathway; Wnt signaling pathway; Wnt signaling pathway and pluripotency,Apoptotic cleavage of cell adhesion  proteins; Degradation of CDH1; Adherens junctions interactions; VEGFR2 mediated vascular permeability; RHO GTPases activate IQGAPs; Myogenesis; Ca2+ pathway; Formation of the beta-catenin:TCF transactivating complex; LRR FLII-interacting protein 1 (LRRFIP1) activates type I IFN production; Regulation of CDH1 posttranslational processing and trafficking to plasma membrane; Deactivation of the beta-catenin transactivating complex; Regulation of MITF-M-dependent genes involved in cell cycle and proliferation; Beta-catenin phosphorylation cascade; Disassembly of the destruction complex and recruitment of AXIN to the membrane; Regulation of CDH11 function; Regulation of CDH1 Function; RUNX3 regulates WNT signaling
FALSE,High,Master Protein,Q8BH59,"Electrogenic aspartate/glutamate antiporter SLC25A12, mitochondrial [OS=Mus musculus]",0,168.662,62,29,318,24,74.5,Slc25a12,0.933,0.19,0.379295711,0.00011025,117783841.8,39951603.13,42394713,34450462.88,141899342,208276565,269824757.5,151735269.3,66047286.75,32873647.88,44870665.5,37492607.38,23061005.75,45691122.5,50674249,29109144.13,,,Aspartate and asparagine metabolism; Malate-aspartate shuttle
FALSE,High,Master Protein,P52480,Pyruvate kinase PKM [OS=Mus musculus],0,168.294,69,28,259,28,57.8,Pkm,2.174,1.156,0.001030633,0.13371115,110290508.8,186048030,114612134,105562677.1,56055470.5,104267012.9,79539174,89803189.75,279419677.3,359051175.8,265256096.8,215519616.8,61196102.88,114481604.3,143301399.5,109364507.3,Met-loss [N-Term],Glycolysis and gluconeogenesis; Purine metabolism,Neutrophil degranulation; Pyruvate metabolism; Glycolysis; Regulation of pyruvate metabolism
FALSE,High,Master Protein,Q9WUB3,"Glycogen phosphorylase, muscle form [OS=Mus musculus]",0,167.208,49,36,410,28,97.2,Pygm,3.551,1.241,0.003080755,0.115834929,36759360.75,50510197.25,22169659,21146447.75,50755530.75,81720994,72857728.25,56985473,126516080.5,139009453,124834167.8,77468981.5,52017509,93389174.5,126823686.8,76842663.5,,Glycogen metabolism,Glycogen breakdown (glycogenolysis)
FALSE,High,Master Protein,Q8BWB1,Synaptopodin 2-like protein [OS=Mus musculus],0,167.023,52,30,322,30,102.9,Synpo2l,2.354,0.818,0.00018337,0.345297095,50978675,45148763.75,47193614.5,66346211.75,49181603.88,72559861.75,58149267,59246180.75,125789036,95824238.5,116245341.8,149200759.5,33263267,43739394.5,57593309,71280315,Met-loss [N-Term],,
FALSE,High,Master Protein,P15116,Cadherin-2 [OS=Mus musculus],0,164.847,32,18,300,18,99.7,Cdh2,1.648,0.901,0.005598039,0.479131416,195219634,121666329,112989027,172438976.5,192061661.8,223689393.8,169018466,167519071.5,262182226,205532491.5,207798610,277131630,142860008,156427248.8,195945721.5,182923433.5,,Splicing factor NOVA regulated synaptic proteins; Neural crest differentiation; Primary focal segmental glomerulosclerosis (FSGS),Regulation of Insulin-like Growth Factor (IGF) transport and uptake by Insulin-like Growth Factor Binding Proteins (IGFBPs); Post-translational protein phosphorylation; Adherens junctions interactions; Myogenesis
FALSE,High,Master Protein,Q99LC5,"Electron transfer flavoprotein subunit alpha, mitochondrial [OS=Mus musculus]",0,163.896,66,15,288,15,35,Etfa,0.873,0.332,0.102602687,0.000597127,305842151.5,283544802.3,216605205,186732801.8,532787104.5,745409903.5,798090799.5,557160443.5,266170507.5,248072237,222810405,159472745.3,153710634,233807206.5,319510654,195301542.5,,,Respiratory electron transport
FALSE,High,Master Protein,Q8K4G1,Latent-transforming growth factor beta-binding protein 4 [OS=Mus musculus],0,163.665,31,34,148,34,178.5,Ltbp4,0.814,1000,0.141821194,,9267893.25,6143254,3626620.5,9538418.25,,,,,5139588.875,4445073.75,3322840.688,9338685.375,,1016349.75,,426130.6563,,,TGF-beta receptor signaling activates SMADs; Molecules associated with elastic fibres
FALSE,High,Master Protein,P68373,Tubulin alpha-1C chain [OS=Mus musculus],0,163.62,64,19,539,4,49.9,Tuba1c,0.018,0.001,0.043727005,,13787680,10711210,9834427,8713397,,,,2623194,5217332,,3223651.25,,,,,,,,MHC class II antigen presentation; RHO GTPases activate IQGAPs; Aggrephagy; Separation of Sister Chromatids; The role of GTSE1 in G2/M progression after G2 checkpoint; COPI-mediated anterograde transport; Resolution of Sister Chromatid Cohesion; Recruitment of NuMA to mitotic centrosomes; RHO GTPases Activate Formins; EML4 and NUDC in mitotic spindle formation; Intraflagellar transport; HSP90 chaperone cycle for steroid hormone receptors (SHR) in the presence of ligand; COPI-independent Golgi-to-ER retrograde traffic; Recycling pathway of L1; COPI-dependent Golgi-to-ER retrograde traffic; Kinesins; PKR-mediated signaling; Carboxyterminal post-translational modifications of tubulin; Microtubule-dependent trafficking of connexons from Golgi to the plasma membrane; Hedgehog 'off' state; Cargo trafficking to the periciliary membrane; Sealing of the nuclear envelope (NE) by ESCRT-III
FALSE,High,Master Protein,Q91VD9,"NADH-ubiquinone oxidoreductase 75 kDa subunit, mitochondrial [OS=Mus musculus]",0,161.852,56,27,275,27,79.7,Ndufs1,1.199,0.36,0.037173861,0.001401944,96096884.5,51660027,26576940,59944905.5,122904929.9,197412303.5,168199409,99076469,121555768.8,53315623,31630849.25,72386299.38,35804739.25,67524805.25,74678864.25,37626834.38,,Oxidative phosphorylation; Electron transport chain,Mitochondrial protein degradation; Complex I biogenesis
FALSE,High,Master Protein,Q9EPX2,Papilin [OS=Mus musculus],0,161.729,45,36,209,36,138.8,Papln,0.001,,,,20123186,,,15367318,,,,,,,,,,,,,,,
FALSE,High,Master Protein,P05214,Tubulin alpha-3 chain [OS=Mus musculus],0,161.343,51,16,504,1,49.9,Tuba3a; Tuba3b,,,,,,,,,,,,,,,,,,,,,,,COPI-dependent Golgi-to-ER retrograde traffic; Kinesins; MHC class II antigen presentation; COPI-mediated anterograde transport; Separation of Sister Chromatids; PKR-mediated signaling; Resolution of Sister Chromatid Cohesion; Recruitment of NuMA to mitotic centrosomes; RHO GTPases Activate Formins; EML4 and NUDC in mitotic spindle formation; Intraflagellar transport; Carboxyterminal post-translational modifications of tubulin; Microtubule-dependent trafficking of connexons from Golgi to the plasma membrane; HSP90 chaperone cycle for steroid hormone receptors (SHR) in the presence of ligand; Recycling pathway of L1; Hedgehog 'off' state; Cargo trafficking to the periciliary membrane; RHO GTPases activate IQGAPs; COPI-independent Golgi-to-ER retrograde traffic; The role of GTSE1 in G2/M progression after G2 checkpoint; Aggrephagy; Sealing of the nuclear envelope (NE) by ESCRT-III
FALSE,High,Master Protein,P50752,"Troponin T, cardiac muscle [OS=Mus musculus]",0,160.741,39,16,1460,16,35.8,Tnnt2,2.721,1.239,0.000374967,0.126239697,3955860131,2971332977,2626367316,3983230757,11115828434,10596741749,10244640109,9574870691,10857955998,8016458660,8955266754,10609039064,10864764391,12205329831,16217113804,12758100114,,Striated muscle contraction,Striated Muscle Contraction
FALSE,High,Master Protein,Q9DBG3,AP-2 complex subunit beta [OS=Mus musculus],0,158.714,45,31,209,19,104.5,Ap2b1,2.863,1.413,0.002768351,0.062194411,42673707.25,34468506.25,22858536,15591302,8360452.875,13974465.75,12642589.88,20914297.75,104705022,84854461.88,76123854.63,62324820.66,13459646.56,15781404.88,25288480.38,25926752.5,,TGF-beta receptor signaling pathway,"Cargo recognition for clathrin-mediated endocytosis; VLDLR internalisation and degradation; Recycling pathway of L1; WNT5A-dependent internalization of FZD4; MHC class II antigen presentation; LDL clearance; Trafficking of GluR2-containing AMPA receptors; Retrograde neurotrophin signalling; WNT5A-dependent internalization of FZD2, FZD5 and ROR2"
FALSE,High,Master Protein,P14733,Lamin-B1 [OS=Mus musculus],0,157.806,63,35,375,32,66.7,Lmnb1,0.063,0.032,3.55763E-08,0.00216057,287295750,231702651.6,255702239,354199348.4,183229113.5,200097846.1,258658773.4,266241419,17863984.5,14591520,16258513.38,21815032.88,5714535.875,2654799.25,18728901.75,8953629.25,Acetyl [N-Term],FAS pathway and stress induction of HSP regulation,RHOF GTPase cycle; Formation of Senescence-Associated Heterochromatin Foci (SAHF); Initiation of Nuclear Envelope (NE) Reformation; Depolymerization of the Nuclear Lamina; RHOD GTPase cycle; Breakdown of the nuclear lamina
FALSE,High,Master Protein,P08249,"Malate dehydrogenase, mitochondrial [OS=Mus musculus]",0,157.357,66,18,546,18,35.6,Mdh2,0.807,0.273,0.005738631,0.001481735,1347321310,1338314981,973191102.4,871418998.1,1435069186,2059728847,1813241292,1528490828,1017702774,1035923384,832246672,732827393,305058346,468743785,595874275,500415733,,Glycolysis and gluconeogenesis; TCA cycle,Mitochondrial protein degradation; Malate-aspartate shuttle; Citric acid cycle (TCA cycle)
FALSE,High,Master Protein,Q8K2B3,"Succinate dehydrogenase [ubiquinone] flavoprotein subunit, mitochondrial [OS=Mus musculus]",0,156.444,53,24,303,24,72.5,Sdha,1.514,0.536,0.011933279,0.006710679,148963864.9,87848135.75,61747664.75,55785946,226215626.4,378310541.3,329794450.3,259778673.6,231798401.4,119645852,123825553.5,82204323.25,96238842.38,195650608.3,220206534.5,144251791.7,,Electron transport chain; TCA cycle,Maturation of TCA enzymes and regulation of TCA cycle; Citric acid cycle (TCA cycle)
FALSE,High,Master Protein,P97807,"Fumarate hydratase, mitochondrial [OS=Mus musculus]",0,155.698,58,19,247,19,54.3,Fh,0.925,0.297,0.105348379,0.001279709,148509408.8,145346369.1,99674118.25,96427847.25,254099094.5,386095766,348161722.5,266808595.3,113908772.3,133078487.1,93156335.75,92340212.13,65096603.5,92625735.63,125260473.1,91947590.25,,TCA cycle; Amino acid metabolism,Mitochondrial protein degradation; Citric acid cycle (TCA cycle)
FALSE,High,Master Protein,Q8CC88,von Willebrand factor A domain-containing protein 8 [OS=Mus musculus],0,153.256,29,43,200,43,213.3,Vwa8,0.948,0.522,0.829587646,0.015240316,132911299.1,83525798.38,76532541,47678795.75,119794397.5,181305238.2,167838865.4,138439523.2,105153683,75488824.63,97809972.38,47444507.25,50645095.94,71957226.75,108763400.9,89301435.22,,,
FALSE,High,Master Protein,Q9JLV1,BAG family molecular chaperone regulator 3 [OS=Mus musculus],0,152.463,65,25,309,25,61.8,Bag3,2.666,1.738,0.001204168,0.01742174,48235846.38,32239080,25624935.13,59145340.25,56889744,47285543.13,34786553.06,48141606.25,137450518.6,80406658.88,91257896.13,146142412.3,79564522.81,73895239.5,84436720,93061011.25,,,Regulation of HSF1-mediated heat shock response
FALSE,High,Master Protein,P21619,Lamin-B2 [OS=Mus musculus],0,151.369,59,33,348,30,67.3,Lmnb2,0.237,0.039,0.002982925,0.006982751,138998857.8,87516900.25,105187710.8,137747036.5,73807898.75,73755844.63,104239369.8,94774837.38,16282175.13,20993288.63,26052776.75,32230188.75,2897515.375,841430.0625,13203911,3637633.75,Met-loss+Acetyl [N-Term]; Acetyl [N-Term],FAS pathway and stress induction of HSP regulation,
FALSE,High,Master Protein,Q9JJW5,Myozenin-2 [OS=Mus musculus],0,151.047,79,17,658,17,29.7,Myoz2,1.354,0.541,0.018208655,0.003430925,1186708847,775634432,824648739.5,1232549144,2722593546,2631023300,3031829482,2334413078,1374663533,1117921632,1263019869,1566688358,1115453980,1366657862,1705348568,1352928154,Acetyl [N-Term],,
FALSE,High,Master Protein,Q9QVP4,"Myosin regulatory light chain 2, atrial isoform [OS=Mus musculus]",0,150.901,74,10,81,10,19.4,Myl7,1.197,1.854,0.526382145,0.043422594,9671073.375,6857857,9655719.75,45495696.5,3821421.5,6829178.75,7713554.5,1105349981,6383676,5382895.5,27525762.25,83069173.5,9137292.75,17613144,11092970,1395104888,,,Smooth Muscle Contraction
FALSE,High,Master Protein,Q1XH17,Tripartite motif-containing protein 72 [OS=Mus musculus],0,150.803,76,24,311,24,52.8,Trim72,2.101,1.317,0.001634479,0.128950148,55790927,62733670,33751812.38,52748641,47746625.75,82013167.25,35977191.5,83264156.5,116418251,121684815.8,91052667.25,111555543.3,47662040,93655995.5,67335825.5,126521040.3,Acetyl [N-Term],,
FALSE,High,Master Protein,P07310,Creatine kinase M-type [OS=Mus musculus],0,150.59,61,18,415,17,43,Ckm,1.092,0.508,0.79948063,0.0106412,257741369.3,269075690.1,176881589.8,309812475.4,607219628.2,760817098.1,603017123.5,714044138.1,196489366.6,272477233.2,219854930.6,364593353.8,263539130.4,338946065.3,418222027.1,413326064.8,,,Creatine metabolism
FALSE,High,Master Protein,O08749,"Dihydrolipoyl dehydrogenase, mitochondrial [OS=Mus musculus]",0,149.088,52,16,275,16,54.2,Dld,0.702,0.225,0.000769798,0.001055187,259459206.5,205334812.1,147908353.5,127305504.6,344107909.7,487744182.8,444319428.3,337187001.8,175452864,140521626,106621342.5,95715300.25,64681155.5,107735162,143584408.5,77008862.25,,Fatty acid beta-oxidation; Glycolysis and gluconeogenesis; TCA cycle,"OADH complex synthesizes glutaryl-CoA from 2-OA; Mitochondrial protein degradation; Regulation of pyruvate dehydrogenase (PDH) complex; Signaling by Retinoic Acid; Glycine degradation; Branched-chain amino acid catabolism; OGDH complex synthesizes succinyl-CoA from 2-OG; BCKDH synthesizes BCAA-CoA from KIC, KMVA, KIV; PDH complex synthesizes acetyl-CoA from PYR"
FALSE,High,Master Protein,P47934,Carnitine O-acetyltransferase [OS=Mus musculus],0,147.146,46,25,381,25,70.8,Crat,1.056,0.368,0.172581097,0.001855959,367984912,236604196.5,252059952.4,227858720.2,352168441.7,514716008.6,506625097.1,469340016.8,370578806.8,246553129.3,313920695.3,243617985.9,102955159.9,166647575.2,211341700.9,204573241.6,,Fatty acid beta-oxidation,Peroxisomal protein import; Beta-oxidation of pristanoyl-CoA
FALSE,High,Master Protein,Q9Z0X1,"Apoptosis-inducing factor 1, mitochondrial [OS=Mus musculus]",0,147.052,51,22,238,22,66.7,Aifm1,0.846,0.29,0.004686481,0.001812928,143446956.5,80866191,86767815.94,84909100.5,221324996.5,283402865.5,316798306.5,268868881.3,120446073.8,68867488.63,74023521,65269221.13,50243453.63,75280213,123408936,84993632.5,,Apoptosis modulation by HSP70,
FALSE,High,Master Protein,Q9CZN7,"Serine hydroxymethyltransferase, mitochondrial [OS=Mus musculus]",0,144.538,65,25,221,25,55.7,Shmt2,2.346,1.378,0.000361859,0.270074286,263413404,115143299,108457341.5,104877920.5,25605332.5,30219426.5,31348246.63,23159517.13,580644216.5,271021030.8,299447065.3,245175497.8,21500443.75,33416090.38,132148913.1,39764198,,One-carbon metabolism and related pathways; One-carbon metabolism; Glutathione and one-carbon metabolism,Mitochondrial protein degradation; RHOG GTPase cycle; Metabolism of folate and pterines
FALSE,High,Master Protein,Q9D051,"Pyruvate dehydrogenase E1 component subunit beta, mitochondrial [OS=Mus musculus]",0,144.519,53,14,362,14,38.9,Pdhb,0.852,0.408,0.034606832,0.003150643,484979662,350198811.3,252937881.4,250718681.6,673454049,883929856,813968160.5,561422793,388058532.5,286978356.3,241391990.5,222116427.8,209757880.3,328811442,407722728.3,251032162.9,,Glycolysis and gluconeogenesis; TCA cycle,Mitochondrial protein degradation; Regulation of pyruvate dehydrogenase (PDH) complex; Signaling by Retinoic Acid; PDH complex synthesizes acetyl-CoA from PYR
FALSE,High,Master Protein,Q9DB77,"Cytochrome b-c1 complex subunit 2, mitochondrial [OS=Mus musculus]",0,143.889,51,18,336,18,48.2,Uqcrc2,1.148,0.395,0.099832493,0.002011528,405264223.8,219753268,126360356,241906128.9,383314584.3,593713159,486795064.5,303703482,429709831.3,234718804,185087994.5,298435997.8,114798231.9,210543956.5,216665530.4,133739203.3,,Electron transport chain,Mitochondrial protein degradation; Respiratory electron transport; Complex III assembly
FALSE,High,Master Protein,Q7TPW1,Nexilin [OS=Mus musculus],0,143.771,44,25,262,24,72.1,Nexn,3.067,2.688,0.000540056,0.002855698,145348347,114981336.5,91264392.75,150611890.5,75444897.25,69010645.13,69878479.25,71660780.75,447032036.3,351683925.3,365968872,434072348.7,146554153.8,168517310.3,212654920.6,212040934.1,,,
FALSE,High,Master Protein,Q60932,Non-selective voltage-gated ion channel VDAC1 [OS=Mus musculus],0,143.266,72,14,414,13,32.3,Vdac1,0.748,0.325,0.001988328,0.000808531,1037153183,550985419.5,421687917.4,595870029.4,429812533.3,681521095.8,650192174,459990653.7,717111871.5,403637281,321651284.3,471596949.4,120282266.8,217573579.3,266841395,152293965,,,Ub-specific processing proteases; PINK1-PRKN Mediated Mitophagy; Pyruvate metabolism
FALSE,High,Master Protein,P05064,Fructose-bisphosphate aldolase A [OS=Mus musculus],0,142.924,84,25,333,25,39.3,Aldoa,2.713,1.444,7.15222E-05,0.029353524,221523817,252546122.8,169717625,212125675.3,100082424.6,151522961.1,153863486,132276867,606195262.5,678740352.4,522734160.5,570368246.9,116377550,192958679.5,252073065.9,216661339.7,Met-loss [N-Term],Glycolysis and gluconeogenesis,Neutrophil degranulation; Platelet degranulation ; Gluconeogenesis; Glycolysis
FALSE,High,Master Protein,P04247,Myoglobin [OS=Mus musculus],0,142.399,68,9,430,9,17.1,Mb,1.33,0.506,0.023102546,0.001699224,236270070.4,328802268.4,261629862,302133810.2,998046083.4,1163239543,960042834.8,840890333.9,271040898.6,420634723.6,414362937.1,417650676.4,454961691.4,559670294.6,578487110.4,447884675.5,Met-loss [N-Term],,Intracellular oxygen transport
FALSE,High,Master Protein,P21107,Tropomyosin alpha-3 chain [OS=Mus musculus],0,142.164,36,16,770,1,33,Tpm3,,,,,,,,,,,,,,,,,,,,,,Striated muscle contraction,Striated Muscle Contraction; RHOV GTPase cycle; Smooth Muscle Contraction
FALSE,High,Master Protein,P61979,Heterogeneous nuclear ribonucleoprotein K [OS=Mus musculus],0,141.818,54,21,270,21,50.9,Hnrnpk,2.928,2.202,0.001498239,0.012953051,105627486.5,72675091.75,49858649.5,102308363.5,49064722,60565529.25,62789916.63,56089139.63,278845438,213727591.3,208693209.3,298335347,88475672.75,115589320.3,230720813.3,142497142.3,,B cell receptor signaling pathway; mRNA processing,SUMOylation of RNA binding proteins; mRNA Splicing - Major Pathway; Processing of Capped Intron-Containing Pre-mRNA
FALSE,High,Master Protein,Q63918,Caveolae-associated protein 2 [OS=Mus musculus],0,140.487,64,20,234,20,46.7,Cavin2,0.252,0.22,2.82888E-05,0.00051132,1138476354,974175979.6,1001482507,1448549692,925200847.3,930304912.3,1044560780,1269946940,255404460.3,252801459,248512897.9,370424897.3,189773002.8,171431094.3,295103506,299294911,Acetyl [N-Term],,
FALSE,High,Master Protein,P51174,"Long-chain specific acyl-CoA dehydrogenase, mitochondrial [OS=Mus musculus]",0,140.433,48,18,330,18,47.9,Acadl,0.89,0.303,0.13515583,0.001013338,421009961.5,425360981.6,320733026.8,250823050.1,422608476.1,640430934.8,647162453.8,461592423.9,364181702.9,359255172.1,293663878.1,259503431.9,112693803,168365539.5,244521445.6,158921143.6,,Fatty acid beta-oxidation; PPAR signaling pathway; Mitochondrial long chain fatty acid beta-oxidation,Beta oxidation of myristoyl-CoA to lauroyl-CoA; Beta oxidation of lauroyl-CoA to decanoyl-CoA-CoA
FALSE,High,Master Protein,Q8BG95,Protein phosphatase 1 regulatory subunit 12B [OS=Mus musculus],0,138.768,32,28,208,26,109,Ppp1r12b,4.216,4.388,0.001010313,0.001286952,29712374.06,22778649.47,16001503.19,27286122.56,52516897.56,47626409.47,38237227.78,40153238.63,105361873.5,83336139.25,91125677.59,132558993.1,170356547.2,193437594.4,223512204.5,190388440.8,Acetyl [N-Term]; Met-loss+Acetyl [N-Term],,Regulation of PLK1 Activity at G2/M Transition; RHO GTPases activate PKNs; RHO GTPases activate PAKs
FALSE,High,Master Protein,Q99PL5,Ribosome-binding protein 1 [OS=Mus musculus],0,138.644,26,38,211,38,172.8,Rrbp1,0.634,0.889,0.00241586,0.020319374,171292272.4,123068016.9,129640750.3,202617945,55785383.38,65882080.75,94677573.13,108275237.4,101174054.6,75473396.25,94384706.88,132755982.8,44775673,60228249.31,82280932.81,98508753.13,,,
FALSE,High,Master Protein,Q9ERD7,Tubulin beta-3 chain [OS=Mus musculus],0,138.463,51,17,379,4,50.4,Tubb3,0.517,,0.055341456,,9603535,7397854.5,2662688.75,5184643.5,,,,,4353824,3878829.25,2616015,2644213.25,,,,,,,COPI-dependent Golgi-to-ER retrograde traffic; Kinesins; MHC class II antigen presentation; Recruitment of NuMA to mitotic centrosomes; COPI-independent Golgi-to-ER retrograde traffic; PKR-mediated signaling; COPI-mediated anterograde transport; Separation of Sister Chromatids; Resolution of Sister Chromatid Cohesion; RHO GTPases Activate Formins; EML4 and NUDC in mitotic spindle formation; Intraflagellar transport; Carboxyterminal post-translational modifications of tubulin; Microtubule-dependent trafficking of connexons from Golgi to the plasma membrane; HSP90 chaperone cycle for steroid hormone receptors (SHR) in the presence of ligand; Recycling pathway of L1; Hedgehog 'off' state; Cargo trafficking to the periciliary membrane; RHO GTPases activate IQGAPs; The role of GTSE1 in G2/M progression after G2 checkpoint; Aggrephagy; Sealing of the nuclear envelope (NE) by ESCRT-III
FALSE,High,Master Protein,Q80X90,Filamin-B [OS=Mus musculus],0,138.286,20,37,255,28,277.7,Flnb,5.69,8.668,0.004775759,0.113566002,6230342.75,2285733.25,3462561.75,1833974.25,,1803195.75,1566632,5387130.5,18538215.5,19884127.63,18790737.13,10942656,1989164.813,6851359.125,30976749.75,12964344.5,,,ISG15 antiviral mechanism
FALSE,High,Master Protein,P19324,Serpin H1 [OS=Mus musculus],0,136.965,53,17,295,17,46.5,Serpinh1,2.908,3.337,0.000462976,0.002079935,137763664.8,130254509.6,92572759.75,159512427.5,36877989,26813855.13,66660670.25,62250227.13,403828590.5,354065506,340226349,460066415.8,105219588.9,136755737.5,212138420.4,217767792,,Endochondral ossification,Collagen biosynthesis and modifying enzymes
FALSE,High,Master Protein,P27659,Large ribosomal subunit protein uL3 [OS=Mus musculus],0,136.47,45,16,204,15,46.1,Rpl3,1.673,1.336,0.000914365,0.258276324,382202016.6,267756444.8,280439308,242732200,23867796.16,29505141.63,33419655,74108820.88,653786243.5,396493755.1,491501875.6,397089438.5,20423210.94,31152324.25,58561138.97,125252527,,Cytoplasmic ribosomal proteins,L13a-mediated translational silencing of Ceruloplasmin expression; SRP-dependent cotranslational protein targeting to membrane; Major pathway of rRNA processing in the nucleolus and cytosol; Formation of a pool of free 40S subunits; GTP hydrolysis and joining of the 60S ribosomal subunit; Nonsense Mediated Decay (NMD) independent of the Exon Junction Complex (EJC); Nonsense Mediated Decay (NMD) enhanced by the Exon Junction Complex (EJC); Ribosome Quality Control (RQC) complex extracts and degrades nascent peptide; PELO:HBS1L and ABCE1 dissociate a ribosome on a non-stop mRNA; ZNF598 and the Ribosome-associated Quality Trigger (RQT) complex dissociate a ribosome stalled on a no-go mRNA
FALSE,High,Master Protein,P47754,F-actin-capping protein subunit alpha-2 [OS=Mus musculus],0,134.998,70,15,323,13,32.9,Capza2,2.67,1.185,0.000175965,0.273588469,85290399.5,64939132,67919535,91974631.63,150352824.5,148206356.8,164654849.8,163563262.8,222689284,177294228,209035653.8,232163594.3,133376328,160476278,217047117.8,211939935.8,Met-loss+Acetyl [N-Term]; Acetyl [N-Term],,MHC class II antigen presentation; COPI-mediated anterograde transport; HSP90 chaperone cycle for steroid hormone receptors (SHR) in the presence of ligand; COPI-independent Golgi-to-ER retrograde traffic; Factors involved in megakaryocyte development and platelet production; Advanced glycosylation endproduct receptor signaling
FALSE,High,Master Protein,Q8C8R3,Ankyrin-2 [OS=Mus musculus],0,134.74,14,37,206,32,426,Ank2,16.734,13.161,0.000229703,0.000730924,2538879.75,3314056.75,2683473.5,1929830.25,3412061.125,4822614.5,2370220.25,5389745,47192838,40845133.88,40426870.88,44064429.13,28211534.69,67782356.38,46392546.13,66420390.13,,,
FALSE,High,Master Protein,O54724,Caveolae-associated protein 1 [OS=Mus musculus],0,134.576,42,13,335,13,43.9,Cavin1,0.55,0.39,0.002614792,0.003357776,416735720.8,340827618.3,320292388.8,366446188.6,691205448.5,759043942.5,680148862.5,756303547.8,211761621.8,180501863.3,183015774.8,245524512,239009501.8,224445065.3,328618379.5,332492860.5,Acetyl [N-Term],,RHOA GTPase cycle; RHOB GTPase cycle; RHOC GTPase cycle; RNA Polymerase I Transcription Termination
FALSE,High,Master Protein,Q9R069,Basal cell adhesion molecule [OS=Mus musculus],0,133.49,54,21,150,21,67.6,Bcam,2.122,1.07,0.000946383,0.985249618,47682113,32401364.5,31885840.75,31514688.75,6597425,11702846.94,13744057,14634198.75,101510650.5,68533373,67119215.5,85319879.5,10226661.25,6483461,12720048,18087532.25,,Mechanisms associated with pluripotency,
FALSE,High,Master Protein,Q8K0E8,Fibrinogen beta chain [OS=Mus musculus],0,131.927,62,21,192,21,54.7,Fgb,1.23,25.333,0.109447481,0.00914025,172617069,112905688.5,87428274,95852364.88,,3632556.25,5952556.75,1914483.625,234300230,108019478.8,106204388.3,119425110.8,53831305.75,74696799,69215887,59751374.88,,Complement and coagulation cascades; Blood clotting cascade; Fibrin complement receptor 3 signaling pathway,Integrin cell surface interactions; MAP2K and MAPK activation; Platelet degranulation ; Common Pathway of Fibrin Clot Formation; GRB2:SOS provides linkage to MAPK signaling for Integrins ; p130Cas linkage to MAPK signaling for integrins; Regulation of TLR by endogenous ligand
FALSE,High,Master Protein,P58252,Elongation factor 2 [OS=Mus musculus],0,131.846,40,30,222,29,95.3,Eef2,5.893,4.619,0.000147188,0.003995241,33065822.25,26997367.38,22551106.5,14405844.88,5415664.5,18801065.25,20388073.25,7910062.5,186765942,153537856.1,174999745.5,87969027.5,24809410.63,50736521,94951721,52173080.75,,Translation factors,Neutrophil degranulation; Protein methylation; Peptide chain elongation; Synthesis of diphthamide-EEF2
FALSE,High,Master Protein,P45952,"Medium-chain specific acyl-CoA dehydrogenase, mitochondrial [OS=Mus musculus]",0,131.823,57,18,280,18,46.5,Acadm,1.134,0.548,0.05685832,0.000823827,296761519,248524266.5,195238673,184717579,271538635.8,359943402,400403384.8,363542130.5,336866886,281344845,215705658,261212735,130646014.4,193925244,238252242,202625470.5,,Fatty acid beta-oxidation; PPAR signaling pathway; Fatty acid beta-oxidation (streamlined); Mitochondrial long chain fatty acid beta-oxidation,mitochondrial fatty acid beta-oxidation of unsaturated fatty acids; Beta oxidation of decanoyl-CoA to octanoyl-CoA-CoA; Beta oxidation of octanoyl-CoA to hexanoyl-CoA
FALSE,High,Master Protein,P13020,Gelsolin [OS=Mus musculus],0,131.327,43,22,250,22,85.9,Gsn,2.006,2.11,0.000543996,0.024563517,144008730.5,132216365,98709603,156944485.3,32078746.75,29453068,40273488.75,70254076,296421372,258509855.5,223131978.8,287577561.8,39160232,72548854,86517692,145574985,,Regulation of actin cytoskeleton,Neutrophil degranulation; Caspase-mediated cleavage of cytoskeletal proteins
FALSE,High,Master Protein,Q8VDJ3,Vigilin [OS=Mus musculus],0,131.216,34,35,200,35,141.7,Hdlbp,7.278,11.644,1.36433E-05,0.001233614,18095193,10670514.25,12235853.31,9328174.5,2382735.844,4266358.75,10389666,7569497.438,119979118,79008505.5,96621193.25,66727596.44,36768034.38,62627639,69729812.38,69915798.5,Acetyl [N-Term]; Met-loss+Acetyl [N-Term],,HDL clearance
FALSE,High,Master Protein,P07901,Heat shock protein HSP 90-alpha [OS=Mus musculus],0,131.129,50,30,223,19,84.7,Hsp90aa1,5.429,1000,0.002750294,,9621781.5,17629455,17804072,13175926.75,,,,,103544591,102111107.5,77924665.5,67058002.25,2752046.5,5230344.25,18608374.25,5822628.25,,EBV LMP1 signaling; TNF-alpha NF-kB signaling pathway; Focal adhesion: PI3K-Akt-mTOR signaling pathway; IL-6 signaling pathway; IL-2 signaling pathway,"Recruitment of NuMA to mitotic centrosomes; HSP90 chaperone cycle for steroid hormone receptors (SHR) in the presence of ligand; The role of GTSE1 in G2/M progression after G2 checkpoint; Regulation of actin dynamics for phagocytic cup formation; Neutrophil degranulation; Downregulation of ERBB2 signaling; Anchoring of the basal body to the plasma membrane; Regulation of PLK1 Activity at G2/M Transition; Loss of Nlp from mitotic centrosomes; Recruitment of mitotic centrosome proteins and complexes; AURKA Activation by TPX2; Extra-nuclear estrogen signaling; Attenuation phase; Estrogen-dependent gene expression; Sema3A PAK dependent Axon repulsion; Regulation of necroptotic cell death; VEGFR2 mediated vascular permeability; Tetrahydrobiopterin (BH4) synthesis, recycling, salvage and regulation; DDX58/IFIH1-mediated induction of interferon-alpha/beta; eNOS activation; HSF1 activation; RHOBTB2 GTPase cycle; Drug-mediated inhibition of ERBB2 signaling"
FALSE,High,Master Protein,Q9JJZ2,Tubulin alpha-8 chain [OS=Mus musculus],0,130.614,55,17,369,6,50,Tuba8,0.466,2.087,0.19087875,0.005580434,6177419.625,4340340.125,9505284.75,6432766,8885431,8502210,15807611.25,9318693.5,3829588,1517593.625,13566722.5,1839766.125,13301916.25,17063127,36012766,20214767.63,,,MHC class II antigen presentation; Recycling pathway of L1; COPI-dependent Golgi-to-ER retrograde traffic; COPI-mediated anterograde transport; Kinesins; Separation of Sister Chromatids; PKR-mediated signaling; Resolution of Sister Chromatid Cohesion; Recruitment of NuMA to mitotic centrosomes; RHO GTPases Activate Formins; EML4 and NUDC in mitotic spindle formation; Carboxyterminal post-translational modifications of tubulin; Microtubule-dependent trafficking of connexons from Golgi to the plasma membrane; HSP90 chaperone cycle for steroid hormone receptors (SHR) in the presence of ligand; Cargo trafficking to the periciliary membrane; RHO GTPases activate IQGAPs; COPI-independent Golgi-to-ER retrograde traffic; The role of GTSE1 in G2/M progression after G2 checkpoint; Aggrephagy; Sealing of the nuclear envelope (NE) by ESCRT-III
FALSE,High,Master Protein,Q62009,Periostin [OS=Mus musculus],0,129.653,38,22,116,22,93.1,Postn,2.265,0.166,0.002291373,0.034537863,75443464.25,32778783.75,28578247.25,53895249.5,5849982,9067612.5,6784368,11491199,128971933.5,78641443,62193718.38,127101590.5,479705.0938,2631736.25,646846.5,6261821.375,,,
FALSE,High,Master Protein,Q8CGC7,Bifunctional glutamate/proline--tRNA ligase [OS=Mus musculus],0,128.76,26,27,154,27,170,Eprs1,3.229,1.468,0.004064785,0.283853308,22094079.75,14249264,16064820.13,10402086.88,7144206.313,2650202.5,10208906.94,8708398,91014006.25,35766813.25,68639476,26331560.5,7134608.125,9568741.5,22041581,6906584,,Parkinson's disease,Transcriptional and post-translational regulation of MITF-M expression and activity
FALSE,High,Master Protein,Q8BMF4,"Dihydrolipoyllysine-residue acetyltransferase component of pyruvate dehydrogenase complex, mitochondrial [OS=Mus musculus]",0,128.704,42,19,270,19,67.9,Dlat,0.857,0.325,0.344921653,0.005160485,208526958.4,157260156.3,110889686.3,109229416.6,348609750.4,383666846.8,411056812.5,263525845,156529682,120213092,127595095.4,104990861.3,73402675.13,108485494.3,176226057,98652776.5,,Glycolysis and gluconeogenesis; TCA cycle,Regulation of pyruvate dehydrogenase (PDH) complex; Signaling by Retinoic Acid; PDH complex synthesizes acetyl-CoA from PYR; Protein lipoylation
FALSE,High,Master Protein,Q8BZF8,Phosphoglucomutase-like protein 5 [OS=Mus musculus],0,128.347,62,25,184,24,62.2,Pgm5,1.45,0.887,0.065721501,0.883409816,99473135.38,96127958.25,56655831.25,61669975.25,4614368.5,10738549.25,11247981.88,15757557.5,104295979,125037080,103792748.8,99741785,7393726.5,7629157.25,7851052,17467383.25,Acetyl [N-Term],Glucuronidation,
FALSE,High,Master Protein,P50580,Proliferation-associated protein 2G4 [OS=Mus musculus],0,127.396,72,21,238,21,43.7,Pa2g4,2.352,1.995,4.2362E-05,0.001985173,164799240,114964050.5,127631542.1,134067921.5,51348782.75,66594190,85433179.5,74708071.25,367530880.8,263452070.4,314374268.3,323507484.6,85163175.5,127244562.5,192880637,155583307.5,Acetyl [N-Term],Androgen receptor signaling pathway,Neutrophil degranulation
FALSE,High,Master Protein,Q8CI94,"Glycogen phosphorylase, brain form [OS=Mus musculus]",0,127.367,45,30,239,22,96.7,Pygb,3.088,1.04,0.000320033,0.824215787,15361621.75,28075616,20412446.88,10743531.5,21338605.75,24382925.75,30224026,14558634.75,52526798.25,75074660,58537303.25,35725042,13441258.5,21772652.38,37967373.88,17636645.5,Acetyl [N-Term],Glycogen metabolism,Neutrophil degranulation
FALSE,High,Master Protein,P35486,"Pyruvate dehydrogenase E1 component subunit alpha, somatic form, mitochondrial [OS=Mus musculus]",0,126.855,53,18,260,18,43.2,Pdha1,0.992,0.391,0.697878913,0.00557426,169557209.8,109412991.1,91391467.13,95773882.38,257973021.5,327651815,306339546,199631885.8,147905247,117652152.5,94556425.38,91142157.13,72892530,111652193.8,155817863.3,89715725.75,,Glycolysis and gluconeogenesis; Acetylcholine synthesis; TCA cycle; Amino acid metabolism,Mitochondrial protein degradation; Regulation of pyruvate dehydrogenase (PDH) complex; Signaling by Retinoic Acid; PDH complex synthesizes acetyl-CoA from PYR
FALSE,High,Master Protein,Q8BJS4,SUN domain-containing protein 2 [OS=Mus musculus],0,126.652,53,26,198,25,81.6,Sun2,3.424,1.597,0.004847751,0.061081332,17517633.75,16534175.75,13276484.88,9962416.5,15092392.5,14798250,12523095.25,17164183.5,56105048.75,38959966.13,48599034,52059111.5,19787048.25,16970949,28613788.5,33372419.75,,,
FALSE,High,Master Protein,Q99M87,"DnaJ homolog subfamily A member 3, mitochondrial [OS=Mus musculus]",0,125.876,50,18,207,18,52.4,Dnaja3,2.554,0.845,0.003086089,0.680095841,53292867,28330966.75,28136898.75,47739595.25,126895870,142976446.5,84874835,95709440.25,121561918,80991788,102940153,108336641.5,68781321.75,105185931,141795441.5,92981180.5,,,
FALSE,High,Master Protein,P20029,Endoplasmic reticulum chaperone BiP [OS=Mus musculus],0,125.601,43,23,269,21,72.4,Hspa5,3.071,2.264,0.009597915,0.001835633,32910199.88,30992244.88,17928398,31240752.13,17480867.19,23270541.75,24601183.63,23786638,144173129.5,70257839.13,74581990.75,67753389.25,35009329.75,52530320.5,72356938.75,53995716.88,,Mapk signaling pathway,"Antigen Presentation: Folding, assembly and peptide loading of class I MHC; Regulation of HSF1-mediated heat shock response"
FALSE,High,Master Protein,Q9ET54,Palladin [OS=Mus musculus],0,125.592,25,27,208,26,152,Palld,3.27,3.375,0.000798978,0.006896589,35661550,20430585.75,17231025.5,21334555.25,12236790.88,15524749.75,9017629.5,12008180,111308226,70011193.63,73514382.5,60551522.63,27843368.75,42846155.63,45739357.25,49556438.69,,,
FALSE,High,Master Protein,Q9QZQ8,Core histone macro-H2A.1 [OS=Mus musculus],0,124.854,65,16,300,14,39.3,Macroh2a1,0.428,0.309,0.00023145,0.000861339,294951285.8,214089285,231907661,300882681,226685117.5,214020358,295040445.3,287737547,118359965.5,101369623.5,94416773,135227451.3,53192562.25,61436290.5,102940516,95744351.75,,,
FALSE,High,Master Protein,Q91YT0,"NADH dehydrogenase [ubiquinone] flavoprotein 1, mitochondrial [OS=Mus musculus]",0,124.735,69,21,210,21,50.8,Ndufv1,1.883,0.512,0.00049493,0.003914008,85273855.5,42067169.88,22577378.88,50082331.63,79953942.5,174381922.8,118000963,91245309.75,150597113.3,77275322.75,47872825.5,96653644.5,41165393.5,87793193,80745788,46425477.5,,Oxidative phosphorylation; Electron transport chain,Complex I biogenesis; Mitochondrial protein degradation
FALSE,High,Master Protein,Q8BMK4,Cytoskeleton-associated protein 4 [OS=Mus musculus],0,124.394,49,26,197,26,63.7,Ckap4,1.788,0.998,0.000287565,0.976937677,103881811.3,80325369,79839925.75,94922256.5,41354509.5,33334443.88,51094645.88,54678775.5,179362633,148511713.1,156363090.8,164086548.5,31750455.13,26886727.06,65745012.13,67455593.13,,,Neutrophil degranulation; Regulation of Insulin-like Growth Factor (IGF) transport and uptake by Insulin-like Growth Factor Binding Proteins (IGFBPs); Post-translational protein phosphorylation; RND2 GTPase cycle; RND3 GTPase cycle; Surfactant metabolism
FALSE,High,Master Protein,Q9EQK5,Major vault protein [OS=Mus musculus],0,124.368,45,28,153,28,95.9,Mvp,3.805,0.868,0.001231532,0.559525173,26654420.25,48302452.75,19175929,35975090,6372741.75,4128467.75,3887164.75,10311097.88,132171154.9,147237568.3,82671590.38,120789062.1,1117147.625,2581717,4686541.5,19945448,,mir-193a and MVP in colon cancer metastasis,Neutrophil degranulation
FALSE,High,Master Protein,Q9D0E1,Heterogeneous nuclear ribonucleoprotein M [OS=Mus musculus],0,124.238,50,32,250,32,77.6,Hnrnpm,3.053,2.36,0.000722396,0.001600891,42024538.5,26745898,29869315.75,41202060,22941976.5,20582671.5,30770242.63,26873743.5,122234268.5,107337276.8,95695037.5,115454895.8,41823082.88,50557427,77559926.25,60943473,Acetyl [N-Term]; Met-loss+Acetyl [N-Term],mRNA processing,
FALSE,High,Master Protein,Q9EQP2,EH domain-containing protein 4 [OS=Mus musculus],0,124.143,52,21,204,19,61.4,Ehd4,2.798,2.392,0.000873953,0.010864881,32840012.25,20703820.75,20694139.25,27652207.5,16049598,14228746,25829356.75,23313730.75,97185675.5,54783014.25,61383009.5,60240301.75,24090925,40414295,66969250.25,51445548.75,,,
FALSE,High,Master Protein,P08032,"Spectrin alpha chain, erythrocytic 1 [OS=Mus musculus]",0,123.24,22,39,136,38,279.7,Spta1,7.382,0.827,0.000177367,0.658430881,2314205.625,1613403.375,1771366.313,5037685.25,1422598.656,1002766.25,4291700.875,4954422.25,17914103.75,12691823.38,12471457.88,27552547.75,,734681.3125,4005406.125,5856196.5,,,RAF/MAP kinase cascade; NCAM signaling for neurite out-growth; Interaction between L1 and Ankyrins; COPI-mediated anterograde transport
FALSE,High,Master Protein,Q62167,ATP-dependent RNA helicase DDX3X [OS=Mus musculus],0,122.262,50,25,212,8,73.1,Ddx3x,5.899,57.116,0.017054697,0.075672839,3116740.75,1769750.875,,3308436,,,3091041.75,2543077.25,18823130,5610954.5,17540584.5,19062407,2524643.75,3822230,10083798,6446236,,TNF-alpha NF-kB signaling pathway; mRNA processing,Neutrophil degranulation
FALSE,High,Master Protein,P50462,Cysteine and glycine-rich protein 3 [OS=Mus musculus],0,122.029,68,12,281,12,20.9,Csrp3,1.449,0.853,0.004560893,0.254360553,369009990.9,314777355.1,289788884.8,330663682.9,579669996.4,719341263,567553364.3,509923695.2,483530276.1,457968429.2,483027424.5,477161767.1,383803908.1,529682992.3,612002198.8,504133565.7,Met-loss [N-Term],,
FALSE,High,Master Protein,P48787,"Troponin I, cardiac muscle [OS=Mus musculus]",0,121.694,56,15,724,15,24.2,Tnni3,1.608,1.369,0.005725245,0.04906809,3811627085,2999868379,2372519736,3595999613,6977819877,6496851122,5767187609,6240093319,5595725367,4590102626,4807372868,6079393332,7565058013,8172028596,9667439882,9293315990,Acetyl [N-Term]; Met-loss+Acetyl [N-Term],Striated muscle contraction,Striated Muscle Contraction; Ion homeostasis
FALSE,High,Master Protein,P97443,Histone-lysine N-methyltransferase Smyd1 [OS=Mus musculus],0,121.532,54,19,294,19,56.5,Smyd1,0.839,0.458,0.076924425,0.008831254,254871453,168953595.5,146820910.8,176769912.3,383235599.3,531533531.1,310253158.6,461862665.5,144565176.8,145889030,124609404.3,146441790,136246746.3,214863068.8,193225208.3,240029633,,Heart development,
FALSE,High,Master Protein,Q9JKF1,Ras GTPase-activating-like protein IQGAP1 [OS=Mus musculus],0,121.384,26,31,140,31,188.6,Iqgap1,6.326,17.311,3.89522E-05,0.001955666,18036790,11449931.25,13150485.56,17083567.5,1398047.5,1451177,3739787.125,10843370,108443791.8,79046168.5,87521825.88,95618326.5,28203618.75,27445944.5,59254549,71989227.63,Acetyl [N-Term],G13 signaling pathway; Regulation of actin cytoskeleton,RHO GTPases activate IQGAPs; Neutrophil degranulation; RAC1 GTPase cycle; RHOA GTPase cycle; MAP2K and MAPK activation; RHOQ GTPase cycle; RHOC GTPase cycle; RHOU GTPase cycle; RAC2 GTPase cycle; RHOV GTPase cycle; Nephrin family interactions
FALSE,High,Master Protein,Q8CC35,Synaptopodin [OS=Mus musculus],0,120.364,31,17,197,17,99.5,Synpo,1.069,0.696,0.615689956,0.115025213,46971784.25,39827171.25,36120028,53187064.25,60347517.25,73135580,61295224.75,60835489.75,40678299,33920079.25,49624350.13,70178568.38,33621134.94,43827709.75,63904586.5,49135250.88,,Primary focal segmental glomerulosclerosis (FSGS),
FALSE,High,Master Protein,P62960,Y-box-binding protein 1 [OS=Mus musculus],0,120.194,62,10,143,8,35.7,Ybx1,2.467,2.12,0.000568505,0.109985049,18429039.5,13867355,15058981.5,17868702.5,7626370.313,865475.8125,8784198.625,9339745.625,41155430.5,31547978,40275062.5,50428735.5,13500901.38,14339216.75,22311317.25,16020180,Acetyl [N-Term],SIDS susceptibility pathways; Mecp2 and associated Rett syndrome; mRNA processing; IL-2 signaling pathway,mRNA Splicing - Major Pathway; Processing of Capped Intron-Containing Pre-mRNA; mRNA Splicing - Minor Pathway; Interferon gamma signaling; Noncanonical activation of NOTCH3
FALSE,High,Master Protein,P21550,Beta-enolase [OS=Mus musculus],0,120.189,49,17,315,13,47,Eno3,0.934,0.542,0.670139131,0.015083881,65231683.75,106836496.3,49185073.75,131689610.3,309167627.8,396778828.5,296656707,298863813.5,39965101.63,80901708.25,56651054,175477447.8,138829609,188749710.3,218857051.9,184311410,,Glycolysis and gluconeogenesis,Gluconeogenesis; Glycolysis
FALSE,High,Master Protein,P17182,Alpha-enolase [OS=Mus musculus],0,120.022,54,16,231,12,47.1,Eno1,1.97,0.996,0.009053399,0.602072343,108731138.3,120231872.9,65259003,133872078,109085142.1,121715241,68815609.25,146591729.3,227033620.3,223369807.3,173311085.6,206003281,91301698.25,127504164.5,121024203.3,138898407.8,,Glycolysis and gluconeogenesis,
FALSE,High,Master Protein,P09411,Phosphoglycerate kinase 1 [OS=Mus musculus],0,120.012,63,18,209,18,44.5,Pgk1,1.684,0.606,0.003505038,0.038742565,85913059,145122042.6,81553191,80439221,53641334.38,104302503.3,86823223.25,94308711.38,136862837.8,223135054.4,167374316.3,143113355,32146401,46839569.25,76125335.13,57860702.88,,Glycolysis and gluconeogenesis,Gluconeogenesis; Glycolysis
FALSE,High,Master Protein,Q91VR5,ATP-dependent RNA helicase DDX1 [OS=Mus musculus],0,119.768,49,27,207,27,82.4,Ddx1,2.334,1.77,0.001834406,0.004416305,80867899.25,43423605.13,65774759,58825583,27122204.44,37934796.25,41587971.38,39532522.25,180591646,123875791.5,160505093.5,114037740.3,39611776,64186138.75,85258168.63,73202948.75,,mRNA processing,
FALSE,High,Master Protein,Q8CGY6,Protein unc-45 homolog B [OS=Mus musculus],0,119.138,42,32,184,32,103.6,Unc45b,3.407,2.64,0.001120225,0.026748743,28431961.75,27688815,21920705.5,15771494.5,12666543.25,20283417,23350198.63,16454343.75,88398982.25,85100380,81831292.75,75374891.75,19140088.75,39913854.38,82676905.13,63634147.5,Acetyl [N-Term]; Met-loss+Acetyl [N-Term],,
FALSE,High,Master Protein,P17427,AP-2 complex subunit alpha-2 [OS=Mus musculus],0,119.003,35,23,183,16,104,Ap2a2,2.272,0.807,0.012795458,0.709099084,28086449.75,21695465.25,19598042.13,8084907,4429158.75,8115481.75,11054447.13,14592487,60511566,42403255.25,46942962,34636049.5,1758279.5,3103723.25,21515389,23940938.5,,,"Neutrophil degranulation; MHC class II antigen presentation; Recycling pathway of L1; Cargo recognition for clathrin-mediated endocytosis; LDL clearance; Trafficking of GluR2-containing AMPA receptors; Retrograde neurotrophin signalling; WNT5A-dependent internalization of FZD4; WNT5A-dependent internalization of FZD2, FZD5 and ROR2; VLDLR internalisation and degradation"
FALSE,High,Master Protein,O88569,Heterogeneous nuclear ribonucleoproteins A2/B1 [OS=Mus musculus],0,117.303,55,18,275,16,37.4,Hnrnpa2b1,2.303,2.399,0.000856827,0.001997496,78342024.75,54632565.5,47645669.75,82399322.25,45780440.5,39589431.75,61718874.5,47264474.75,170681839.5,130016638.5,137844306.8,183641554.8,80892609.5,93508867,150324129.3,115920699,,mRNA processing,mRNA Splicing - Major Pathway; Processing of Capped Intron-Containing Pre-mRNA
FALSE,High,Master Protein,P58281,"Dynamin-like GTPase OPA1, mitochondrial [OS=Mus musculus]",0,117.268,31,26,208,25,111.3,Opa1,1.128,0.43,0.188953805,0.003832233,53723187.5,33008917,32915427.5,26391444.25,64436756.75,84820369.25,94138309.5,64078055.13,51782951.75,34570394.75,43609538.25,32059824,27180287.38,36206751.38,58241592.25,27745985.75,,,Regulation of Apoptosis
FALSE,High,Master Protein,P26043,Radixin [OS=Mus musculus],0,114.917,39,21,273,11,68.5,Rdx,3.242,2.837,0.002304967,0.008818712,31330547.25,23232183.75,15844433.5,26437276,19147778,16565502.25,13434895,24874914.5,106881472.5,71585755,82521798,77656110.25,38346846,49811355.38,63119585.75,66576904.25,,Regulation of actin cytoskeleton,Recycling pathway of L1
FALSE,High,Master Protein,Q99K41,EMILIN-1 [OS=Mus musculus],0,114.622,32,24,134,24,107.5,Emilin1,,,,,,,,,,,,,,,,,,,,,,,Molecules associated with elastic fibres
FALSE,High,Master Protein,Q8BGH2,Sorting and assembly machinery component 50 homolog [OS=Mus musculus],0,114.425,53,18,216,18,51.8,Samm50,0.578,0.198,0.021353318,0.002045218,105961893,61543140.75,57494239.25,44755183,126205127.5,184697901,194492214,132297174.5,58408429.25,32863119,34792726.88,38041459,19333079.75,26200919,49702255.5,34235947.5,,,RAC2 GTPase cycle
FALSE,High,Master Protein,Q9ET78,Junctophilin-2 [OS=Mus musculus],0,113.919,41,20,228,19,74.6,Jph2,1.442,0.73,0.043553939,0.037260102,39986227,24696863.63,26518599.94,40546725.13,83940362,78284926,81078228.5,72161768,56325660.75,36475870.75,49473615.25,44675664.25,52484185,50690459.63,71454577,59368708.25,,,
FALSE,High,Master Protein,Q8JZQ2,Mitochondrial inner membrane m-AAA protease component AFG3L2 [OS=Mus musculus],0,113.532,43,27,160,23,89.5,Afg3l2,0.557,0.221,0.009765415,0.002784898,257175674.5,160842363.3,169025557,239648868.5,74449166.75,81488246.75,95954538,118484949,151816217.9,84435545.25,111156398.3,96136005.19,16406833.03,13879514,34948779,26232883.25,,mRNA processing,Mitochondrial protein degradation; Processing of SMDT1
FALSE,High,Master Protein,O08528,Hexokinase-2 [OS=Mus musculus],0,112.668,33,25,177,22,102.5,Hk2,4.613,2.608,0.001202291,0.009136442,11397584.5,8814046.5,5791830.5,11459242.38,3477547.25,8873537.5,8977705.75,6091855,54398454,39298129.25,33946203.25,37025085.75,8798156.375,23849518.75,34017906.5,10675944,,Glycolysis and gluconeogenesis,Glycolysis
FALSE,High,Master Protein,P08122,Collagen alpha-2(IV) chain [OS=Mus musculus],0,112.397,13,15,255,15,167.2,Col4a2,0.188,0.157,0.001871782,0.00034435,720765047.1,330104484,353186163.5,265299302.8,111935675.1,155301248,128300155.9,172334117.3,80836570.5,60908005.38,67850941.25,65693380.88,15620005.5,18571833.69,22609634.13,31767490.13,,Focal adhesion: PI3K-Akt-mTOR signaling pathway; Dysregulated miRNA targeting in insulin/PI3K-AKT signaling; Focal adhesion,Laminin interactions; Signaling by PDGF; Integrin cell surface interactions; NCAM1 interactions; Collagen chain trimerization; Collagen degradation; Fibronectin matrix formation; Crosslinking of collagen fibrils; Non-integrin membrane-ECM interactions
FALSE,High,Master Protein,Q9CY58,SERPINE1 mRNA-binding protein 1 [OS=Mus musculus],0,112.2,39,15,216,15,44.7,Serbp1,5.348,4.347,0.00043526,0.003923833,28128927.5,23320380.63,25154869.63,36002612.19,29165884.06,16103207.38,34149477.75,30705974.81,190695514.4,110125257.5,152352835.8,161405759.6,85438590.5,115587943,155559310.1,127390221,Met-loss [N-Term],Comprehensive IL-17A signaling,
FALSE,High,Master Protein,Q2TPA8,Hydroxysteroid dehydrogenase-like protein 2 [OS=Mus musculus],0,112.124,45,15,172,15,54.2,Hsdl2,1.173,0.619,0.119978846,0.035694531,75510812.75,42984871,66656097.5,39044086.25,88857708,120692402.5,179193541,80182605.5,99953304.5,44671672,89439506,40016899,52740088,78009330.5,157287924,38507067.75,,,
FALSE,High,Master Protein,Q99LF4,RNA-splicing ligase RtcB homolog [OS=Mus musculus],0,111.71,51,19,172,19,55.2,Rtcb,1.78,1.62,0.012329327,0.06364554,84860174,66362758,46308496,55050250.75,28582464,32708073.75,40256689.88,47128834.25,150082018.5,110373882,132377041.5,98626389.63,29591694.38,50371541.88,87373550.38,80284155.88,,,
FALSE,High,Master Protein,O35206,Collagen alpha-1(XV) chain [OS=Mus musculus],0,111.639,18,18,207,18,140.4,Col15a1,0.844,0.725,0.088935801,0.254163864,74704576.5,71137817.25,56827046.25,99795470.75,66095559.13,30232151.5,40428265,61848105.5,41246821.75,59957200.25,48034134.75,86405333,17636696.25,15406168,44248063.5,63787387.5,,,Assembly of collagen fibrils and other multimeric structures; Collagen chain trimerization; Collagen degradation
FALSE,High,Master Protein,Q9CZ13,"Cytochrome b-c1 complex subunit 1, mitochondrial [OS=Mus musculus]",0,110.963,54,18,280,18,52.8,Uqcrc1,0.73,0.197,0.001835786,0.002908396,147246746.9,75153545.25,45582725.5,70828479.75,114353704,171373682,158678158.1,94004731,101173063,53832125.75,33947092.25,55901450,20905630.13,27288443.25,55297012,20032075,,Electron transport chain,Respiratory electron transport; Complex III assembly
FALSE,High,Master Protein,P10649,Glutathione S-transferase Mu 1 [OS=Mus musculus],0,110.793,75,18,185,15,26,Gstm1,1.412,0.244,0.012408163,0.00875505,98610418.5,117462434,86428933,104883896.5,13264623.5,16686851.5,19200198,20987894.5,137219612.5,168249031,132558836.5,122132645.6,4732447,5974707.5,2912368.5,3516697,Met-loss [N-Term],Metapathway biotransformation; Aflatoxin B1 metabolism; Estrogen metabolism; Oxidative stress and redox pathway,Glutathione conjugation
FALSE,High,Master Protein,Q925I1,ATPase family AAA domain-containing protein 3A [OS=Mus musculus],0,110.567,49,24,227,24,66.7,Atad3a,1.464,0.375,0.008920212,0.001735734,49568716.75,28211412.38,32506174.25,42019869,40231613.38,56423302.75,88293128.5,42797991.25,71124523.5,42143362.5,62443941,59162677.5,16469285,19380286.88,37746218.19,12051541.5,,,Neutrophil degranulation
FALSE,High,Master Protein,P09405,Nucleolin [OS=Mus musculus],0,110.17,33,23,237,23,76.7,Ncl,3.092,2.534,5.83204E-05,0.006913052,144016136.5,109092214,106934967,153852295.5,60098641.75,56388676.13,56756489.88,63950784.25,463974472.4,323655138.3,348012353.5,435743005.8,130732286.8,117898334.3,224969491.8,188705241.8,,Mechanisms associated with pluripotency; mRNA processing; T cell receptor signaling pathway,Major pathway of rRNA processing in the nucleolus and cytosol
FALSE,High,Master Protein,Q9CR62,Mitochondrial 2-oxoglutarate/malate carrier protein [OS=Mus musculus],0,109.064,62,16,276,16,34.1,Slc25a11,0.851,0.322,0.04944361,0.001153668,280666122.5,160471864.8,138926413.3,133365743.3,434571587,613567251.5,629361672.3,404366765,221590911.9,119349395.3,128499268.2,122308430.4,119747763,186557782.6,263529301,137779714.9,Acetyl [N-Term],,Malate-aspartate shuttle; Organic anion transport by SLC5/17/25 transporters
FALSE,High,Master Protein,O35643,AP-1 complex subunit beta-1 [OS=Mus musculus],0,108.667,35,23,130,11,103.9,Ap1b1,4.328,5.506,0.005696178,0.004153273,6561662.25,3347576.25,3311585.375,2914028.5,1048152.688,2941686.25,3746837.125,2022362.25,27273441.75,15086278.5,26915631.25,8444140.75,6185784.5,15110235,11638261.25,17396342.88,,,MHC class II antigen presentation; Golgi Associated Vesicle Biogenesis; Lysosome Vesicle Biogenesis
FALSE,High,Master Protein,Q61656,Probable ATP-dependent RNA helicase DDX5 [OS=Mus musculus],0,108.472,46,24,250,18,69.2,Ddx5,5.022,5.458,0.00118221,0.000203826,23979700,19316599,15945341.25,30951390,11595185.63,16196336.13,19133197,16333941.75,121835879,95868371.75,114669347,115977991.5,58685533,77322769,112617649.5,110174464.8,,,Estrogen-dependent gene expression; mRNA Splicing - Major Pathway; SUMOylation of transcription cofactors
FALSE,High,Master Protein,Q921G7,"Electron transfer flavoprotein-ubiquinone oxidoreductase, mitochondrial [OS=Mus musculus]",0,107.803,46,22,204,22,68,Etfdh,0.992,0.308,0.739884442,0.003622924,68638541.13,52512968,31606424.5,23620772.13,154373279.1,258995296.8,196411171.3,125231136.1,65246183.75,42858261.5,35577978.25,24472736,33062263.63,65815999.5,75974291.38,46782843.66,,,Respiratory electron transport
FALSE,High,Master Protein,P62908,Small ribosomal subunit protein uS3 [OS=Mus musculus],0,107.305,74,17,338,17,26.7,Rps3,1.854,1.231,0.000658382,0.108771314,389944310,257580140.8,273459057.5,273388125.5,267190553.1,321052513.8,330704635,308198069.3,741307349.5,465671150.3,565513591.8,463763980.8,262498694.8,380124161.3,501342808.8,394520174,,Cytoplasmic ribosomal proteins,"L13a-mediated translational silencing of Ceruloplasmin expression; SRP-dependent cotranslational protein targeting to membrane; Major pathway of rRNA processing in the nucleolus and cytosol; Formation of a pool of free 40S subunits; GTP hydrolysis and joining of the 60S ribosomal subunit; Nonsense Mediated Decay (NMD) independent of the Exon Junction Complex (EJC); Nonsense Mediated Decay (NMD) enhanced by the Exon Junction Complex (EJC); PELO:HBS1L and ABCE1 dissociate a ribosome on a non-stop mRNA; ZNF598 and the Ribosome-associated Quality Trigger (RQT) complex dissociate a ribosome stalled on a no-go mRNA; Translation initiation complex formation; Formation of the ternary complex, and subsequently, the 43S complex; Ribosomal scanning and start codon recognition"
FALSE,High,Master Protein,Q9D8E6,Large ribosomal subunit protein uL4 [OS=Mus musculus],0,106.317,43,16,292,16,47.1,Rpl4,1.849,1.25,0.00034941,0.112874579,340336264,241425829.5,264885865,321890424.5,177953864.3,210080788,227418653,227318945.3,633244421,443501695.5,524422091.5,542760777.5,172961186.5,253250861.3,351725249,294802688,,Cytoplasmic ribosomal proteins; TNF-alpha NF-kB signaling pathway,L13a-mediated translational silencing of Ceruloplasmin expression; SRP-dependent cotranslational protein targeting to membrane; Major pathway of rRNA processing in the nucleolus and cytosol; Formation of a pool of free 40S subunits; GTP hydrolysis and joining of the 60S ribosomal subunit; Nonsense Mediated Decay (NMD) independent of the Exon Junction Complex (EJC); Nonsense Mediated Decay (NMD) enhanced by the Exon Junction Complex (EJC); Ribosome Quality Control (RQC) complex extracts and degrades nascent peptide; PELO:HBS1L and ABCE1 dissociate a ribosome on a non-stop mRNA; ZNF598 and the Ribosome-associated Quality Trigger (RQT) complex dissociate a ribosome stalled on a no-go mRNA
FALSE,High,Master Protein,Q01853,Transitional endoplasmic reticulum ATPase [OS=Mus musculus],0,105.495,40,22,126,22,89.3,Vcp,7.3,1.907,0.00038327,0.165009474,14388573.5,9432537,6143658.75,4015876.25,4248636.625,6925115,4970546.75,4439389.375,85476945.75,59109316.25,52243741,37587635.75,12161312.25,8800877.75,22569300.69,4006268.75,,IL-9 signaling pathway,Neutrophil degranulation; RHOH GTPase cycle; Ovarian tumor domain proteases; Neddylation; ABC-family proteins mediated transport; Translesion Synthesis by POLH; Hedgehog ligand biogenesis; KEAP1-NFE2L2 pathway; AMPK-induced ERAD and lysosome mediated degradation of PD-L1(CD274); HSF1 activation; N-glycan trimming in the ER and Calnexin/Calreticulin cycle; Josephin domain DUBs; Protein methylation
FALSE,High,Master Protein,Q9ESD7,Dysferlin [OS=Mus musculus],0,105.356,19,29,80,29,237.8,Dysf,0.223,0.001,0.0143186,,71547185.5,23762761.38,15427757.63,11342467.13,914199.0625,1674566.875,598119.125,,19026763.75,4437782.75,5389345.75,906859.1875,,,,,,,
FALSE,High,Master Protein,Q8BSY0,Aspartyl/asparaginyl beta-hydroxylase [OS=Mus musculus],0,104.92,32,16,173,16,83,Asph,1.841,0.391,0.002046572,0.006655105,45499923.75,30792284.63,28239494.88,32467150.13,110137530.4,110693737.1,111460463.9,106718887,80724674,51978804,63622592.25,62016081.75,31436606.75,37437669.75,59014529.25,48357242,,,Ion homeostasis; Stimuli-sensing channels
FALSE,High,Master Protein,Q62095,ATP-dependent RNA helicase DDX3Y [OS=Mus musculus],0,103.479,42,22,185,5,73.4,Ddx3y,1000,1000,,,,,,,,,,,9339376.5,5632177,,,2422123.25,5251246,,,,,
FALSE,High,Master Protein,Q9QYJ0,DnaJ homolog subfamily A member 2 [OS=Mus musculus],0,103.346,53,15,232,15,45.7,Dnaja2,4.179,3.335,0.00128835,0.011247837,68437615.38,33484478,39244218,57709374,38939393.06,32972559.75,32919387.25,39740049.69,244135371.1,170327375.6,192160901.9,181050207.6,67061558.78,102563167.5,140290963.4,142123327.4,,,HSP90 chaperone cycle for steroid hormone receptors (SHR) in the presence of ligand
FALSE,High,Master Protein,Q8BFZ3,Beta-actin-like protein 2 [OS=Mus musculus],0,102.679,32,10,1678,2,42,Actbl2,1.223,1.303,0.053210032,0.733259827,3855341,3697344.75,4113941,4749098.5,,,3094365,3516319.75,5072070,5380235.5,4431675.5,5396237.5,1984928.25,,4031064.25,3177002,,,
FALSE,High,Master Protein,Q61584,RNA-binding protein FXR1 [OS=Mus musculus],0,102.083,44,25,157,23,76.2,Fxr1,6.484,4.276,0.001762509,0.000956836,19161642,11063773.5,10139826.5,16263090.5,12739676.75,15831461.5,14130919.5,11791473.5,124148510.1,71803508.44,96391936.75,66254100.13,42803107.97,58299266.06,70172301.38,62032919.69,Acetyl [N-Term]; Met-loss+Acetyl [N-Term],mRNA processing,
FALSE,High,Master Protein,P55292,Desmocollin-2 [OS=Mus musculus],0,101.822,29,20,172,19,99.9,Dsc2,0.503,0.181,0.005202103,0.000673292,33604056.25,32611434.75,32191974.5,36361567.25,24742283.63,35243887.5,35472946,37802781,19276617.5,12287286,18008815.25,16426202,3985005.625,5397115.25,7213781.25,9451989,,,Formation of the cornified envelope
FALSE,High,Master Protein,P14869,Large ribosomal subunit protein uL10 [OS=Mus musculus],0,101.221,48,11,242,11,34.2,Rplp0,0.911,0.592,0.211074571,0.018178724,924538012,607509377.5,565637579,640759422.5,295787131,404245190,423491046.5,583009276.5,733549344.4,509671871.9,579169497.5,634102461,169832566,246689578.3,359701023.5,334889346,,Cytoplasmic ribosomal proteins,L13a-mediated translational silencing of Ceruloplasmin expression; SRP-dependent cotranslational protein targeting to membrane; Major pathway of rRNA processing in the nucleolus and cytosol; Formation of a pool of free 40S subunits; GTP hydrolysis and joining of the 60S ribosomal subunit; Nonsense Mediated Decay (NMD) independent of the Exon Junction Complex (EJC); Nonsense Mediated Decay (NMD) enhanced by the Exon Junction Complex (EJC); Ribosome Quality Control (RQC) complex extracts and degrades nascent peptide; PELO:HBS1L and ABCE1 dissociate a ribosome on a non-stop mRNA; ZNF598 and the Ribosome-associated Quality Trigger (RQT) complex dissociate a ribosome stalled on a no-go mRNA
FALSE,High,Master Protein,Q922F4,Tubulin beta-6 chain [OS=Mus musculus],0,100.996,51,16,239,5,50.1,Tubb6,1000,,,,,,,,,,,,,3182000.5,,,,,,,,,Separation of Sister Chromatids; The role of GTSE1 in G2/M progression after G2 checkpoint; Aggrephagy; PKR-mediated signaling; MHC class II antigen presentation; Resolution of Sister Chromatid Cohesion; RHO GTPases Activate Formins; EML4 and NUDC in mitotic spindle formation; COPI-dependent Golgi-to-ER retrograde traffic; Kinesins; COPI-mediated anterograde transport; Recruitment of NuMA to mitotic centrosomes; Intraflagellar transport; Carboxyterminal post-translational modifications of tubulin; Microtubule-dependent trafficking of connexons from Golgi to the plasma membrane; HSP90 chaperone cycle for steroid hormone receptors (SHR) in the presence of ligand; Recycling pathway of L1; Hedgehog 'off' state; Cargo trafficking to the periciliary membrane; RHO GTPases activate IQGAPs; COPI-independent Golgi-to-ER retrograde traffic; Sealing of the nuclear envelope (NE) by ESCRT-III
FALSE,High,Master Protein,Q9DB20,"ATP synthase peripheral stalk subunit OSCP, mitochondrial [OS=Mus musculus]",0,100.776,62,10,253,10,23.3,Atp5po,0.842,0.272,0.027736012,0.000841527,549836948,316249052,327978112,312933690,827245344,1059028616,1324396928,739106424,394750476,255568456,292222228,274217800,210048870,251549800,478119492,214917922,,Oxidative phosphorylation; Electron transport chain,Mitochondrial protein degradation; Formation of ATP by chemiosmotic coupling; Cristae formation
FALSE,High,Master Protein,Q61425,"Hydroxyacyl-coenzyme A dehydrogenase, mitochondrial [OS=Mus musculus]",0,99.746,67,12,151,12,34.4,Hadh,0.938,0.274,0.860257136,0.003622239,51936017,58005055.75,51198534.94,36258284.38,159218413.6,276143361.3,212382917.3,146952745.3,42866486.88,51444038.25,50833780,46353153.5,36735005.63,48313756.75,68905032,51769529.13,,Fatty acid beta-oxidation; Fatty acid biosynthesis; Fatty acid beta-oxidation (streamlined); Mitochondrial long chain fatty acid beta-oxidation; Tryptophan metabolism,Mitochondrial protein degradation; Beta oxidation of decanoyl-CoA to octanoyl-CoA-CoA; Beta oxidation of octanoyl-CoA to hexanoyl-CoA; Beta oxidation of lauroyl-CoA to decanoyl-CoA-CoA; Beta oxidation of hexanoyl-CoA to butanoyl-CoA; Beta oxidation of butanoyl-CoA to acetyl-CoA
FALSE,High,Master Protein,Q9WV35,C->U-editing enzyme APOBEC-2 [OS=Mus musculus],0,99.643,83,13,215,13,25.6,Apobec2,3.662,1.615,0.000194936,0.109655555,8702996,23436313.13,17012458.13,25916078.75,33678716.13,60077487.25,59820000.75,81257000.38,31145051.5,78543983.25,75202507.5,97089490.25,55033126.25,95838101.25,125025304.5,73543283,,,Formation of the Editosome
FALSE,High,Master Protein,O70400,PDZ and LIM domain protein 1 [OS=Mus musculus],0,99.439,76,16,163,16,35.8,Pdlim1,3.528,2.847,0.010274315,0.006285095,20323849.5,22544442.39,10280473.25,29756652,18535253.25,24206097.63,22442870.25,12955528,80020206.63,47834777.75,62468137.13,94059482.19,37355271.63,57747239.63,76259928.25,49789917.13,Acetyl [N-Term]; Met-loss+Acetyl [N-Term],,
FALSE,High,Master Protein,Q60931,Non-selective voltage-gated ion channel VDAC3 [OS=Mus musculus],0,99.021,53,12,212,11,30.7,Vdac3,0.584,0.224,0.012250728,0.002654574,419401674.5,173724058.6,133738385,187408450.3,95772321.5,184903318.4,183994948,120996939,239089450,80051771,99665695,112270674.3,14887044,43893916.38,62091991.75,25513246.75,Met-loss+Acetyl [N-Term]; Acetyl [N-Term],,Ub-specific processing proteases; PINK1-PRKN Mediated Mitophagy
FALSE,High,Master Protein,Q78PY7,Staphylococcal nuclease domain-containing protein 1 [OS=Mus musculus],0,98.838,38,25,158,25,102,Snd1,14.86,24.039,4.86957E-05,0.007977322,5489079.25,2345782.875,3057811.5,3291888.125,436796.125,,2738660.5,1891593.125,85244610,37275110.25,43478363.5,37735124,14102396.13,35715452.75,35496163.75,33855597.5,Acetyl [N-Term],,
FALSE,High,Master Protein,Q9WUM5,"Succinate--CoA ligase [ADP/GDP-forming] subunit alpha, mitochondrial [OS=Mus musculus]",0,98.833,36,9,245,9,36.1,Suclg1,0.884,0.273,0.210495305,0.000993913,223958745,162139158.3,160399318.8,106884017.4,277154140.6,388742069.5,405493787,278759058,184252717,118201928.5,168691934.8,101630195.9,55603624.88,95764533.25,126993941,84604462.5,,TCA cycle,Citric acid cycle (TCA cycle)
FALSE,High,Master Protein,Q9DB73,NADH-cytochrome b5 reductase 1 [OS=Mus musculus],0,98.756,66,14,101,14,34.1,Cyb5r1,0.637,,0.005963316,,209005295,128222351,101907219.3,90730479.75,,,,,149322283,87039113.5,60945305.5,48138511,,,,,,Oxidation by cytochrome P450,Platelet degranulation ; Erythrocytes take up carbon dioxide and release oxygen
FALSE,High,Master Protein,O08788,Dynactin subunit 1 [OS=Mus musculus],0,98.356,27,25,138,25,141.6,Dctn1,4.558,2.681,0.009813077,0.004571689,9575160.75,5001961,2110897.188,5244121.625,9097389.063,9217564.813,13610124.88,6139802.875,39462061.5,23258850,31221310.75,23427386.88,16557262.06,27190778.75,33164053.5,18984932.25,,,MHC class II antigen presentation; COPI-mediated anterograde transport; Anchoring of the basal body to the plasma membrane; Regulation of PLK1 Activity at G2/M Transition; Loss of Nlp from mitotic centrosomes; Recruitment of mitotic centrosome proteins and complexes; Recruitment of NuMA to mitotic centrosomes; AURKA Activation by TPX2; HSP90 chaperone cycle for steroid hormone receptors (SHR) in the presence of ligand; COPI-independent Golgi-to-ER retrograde traffic
FALSE,High,Master Protein,Q8VCM7,Fibrinogen gamma chain [OS=Mus musculus],0,98.309,47,16,162,16,49.4,Fgg,0.541,3.471,0.031799485,0.006989495,189276134.3,140684787,107672566.9,103172110.8,4791846.625,13518273.25,13198835.13,8563741.75,157320897,55294524.75,56793720.63,57257152.13,25701695.13,37161279.75,57833150.5,20532951.25,,Blood clotting cascade; Fibrin complement receptor 3 signaling pathway,Platelet degranulation ; MAP2K and MAPK activation; Integrin cell surface interactions; Regulation of Insulin-like Growth Factor (IGF) transport and uptake by Insulin-like Growth Factor Binding Proteins (IGFBPs); Post-translational protein phosphorylation; Common Pathway of Fibrin Clot Formation; GRB2:SOS provides linkage to MAPK signaling for Integrins ; p130Cas linkage to MAPK signaling for integrins; Regulation of TLR by endogenous ligand
FALSE,High,Master Protein,P05201,"Aspartate aminotransferase, cytoplasmic [OS=Mus musculus]",0,97.976,55,18,191,18,46.2,Got1,1.348,0.547,0.001142496,0.063730188,90371597.25,119476134.8,95264804.25,74641148,91985681,135763948.8,133816879.5,99067359.75,123386113.5,159073424.5,137831416.5,96068209,25379996.5,58298808.5,104231514.8,69009619.25,Met-loss [N-Term],Glycolysis and gluconeogenesis; Alanine and aspartate metabolism,Aspartate and asparagine metabolism; Malate-aspartate shuttle
FALSE,High,Master Protein,Q60930,Non-selective voltage-gated ion channel VDAC2 [OS=Mus musculus],0,97.798,55,12,221,12,31.7,Vdac2,0.749,0.329,0.00239934,0.001966044,833401197.8,403569915,347022498.5,408073517.5,247959378,434215632,439080789,308066879.5,585618076.5,298589822,281277591.5,309774519.5,68154290.13,137380367.8,198588948.5,105401897.8,,,Ub-specific processing proteases; PINK1-PRKN Mediated Mitophagy
FALSE,High,Master Protein,Q9CQQ7,"ATP synthase peripheral stalk subunit b, mitochondrial [OS=Mus musculus]",0,97.578,51,14,239,14,28.9,Atp5pb,0.874,0.314,0.287862946,0.001306616,227560774.3,142079321.4,88574345,119397550,325215175.5,472430543.3,498128401,297751859.5,172556136.3,124764902.3,99864993.88,103888266.9,82694479.38,127787808.3,185317870.3,108615023.3,,Oxidative phosphorylation; Electron transport chain,Formation of ATP by chemiosmotic coupling; Cristae formation
FALSE,High,Master Protein,Q9D0K2,"Succinyl-CoA:3-ketoacid coenzyme A transferase 1, mitochondrial [OS=Mus musculus]",0,97.487,43,15,169,15,56,Oxct1,1.497,0.77,0.022246959,0.178856568,70667663,59508589.25,35075918.63,36420243,43629529.88,69900659,59083746.25,48493002.25,86367441.5,91825856.25,68155312.5,52915157.88,23871533,48281593.63,64639491.25,41615007,,Synthesis and degradation of ketone bodies,Mitochondrial protein degradation; Utilization of Ketone Bodies
FALSE,High,Master Protein,P18760,Cofilin-1 [OS=Mus musculus],0,97.183,70,11,145,10,18.5,Cfl1,3.251,2.354,0.009764891,0.00586185,32858152.88,24123242.5,11443193.88,27296768.25,8446118.625,12568958.94,16097796.13,16912958,79881336.38,86258251.25,76212593.56,80665284.88,17977310.25,20763019.25,43831996.25,44021370.5,Acetyl [N-Term]; Met-loss+Acetyl [N-Term],G13 signaling pathway; Regulation of actin cytoskeleton,
FALSE,High,Master Protein,P17751,Triosephosphate isomerase [OS=Mus musculus],0,96.869,77,12,180,12,26.7,Tpi1,1.206,0.537,0.0354235,0.021108681,149538301.8,177005101,124595718.5,141238468.3,130108545.3,166689058.8,171106658.3,152130027.8,171611887,224465713.5,184116733.5,160344974.6,43971664.19,82559724.25,117649786.8,88515236.13,,Fatty acid beta-oxidation; Glycolysis and gluconeogenesis,Gluconeogenesis; Glycolysis
FALSE,High,Master Protein,P05202,"Aspartate aminotransferase, mitochondrial [OS=Mus musculus]",0,96.501,51,18,219,18,47.4,Got2,0.668,0.26,0.020578871,0.000745231,164836148.3,164620176,131211152,101287021.5,291583032.1,459751454.8,429592541,341410231.4,107361641.5,98244066.75,89987494.25,88326906,59556146,116500049.3,139142358,91092902.75,,Glycolysis and gluconeogenesis; Alanine and aspartate metabolism,Aspartate and asparagine metabolism; Glutamate and glutamine metabolism; Glyoxylate metabolism and glycine degradation; Malate-aspartate shuttle
FALSE,High,Master Protein,Q9QXX4,"Electrogenic aspartate/glutamate antiporter SLC25A13, mitochondrial [OS=Mus musculus]",0,96.287,39,21,204,16,74.4,Slc25a13,0.628,0.16,0.036916661,0.000238713,53918481,20172713,16738730.25,25315104.75,59750645,94093933,115202257.5,60609658.5,30088270.5,14255190,12967914.5,10208759.5,8789782,13292701.63,20051112.75,12471044,,,Aspartate and asparagine metabolism; Malate-aspartate shuttle
FALSE,High,Master Protein,Q6PIE5,Sodium/potassium-transporting ATPase subunit alpha-2 [OS=Mus musculus],0,95.075,25,21,136,8,112.1,Atp1a2,1000,,,,,2526564,,,,,,,5309046.5,,2490100.75,2517186.5,,,,,,,Ion homeostasis; Ion transport by P-type ATPases
FALSE,High,Master Protein,Q9D8N0,Elongation factor 1-gamma [OS=Mus musculus],0,95.06,44,19,179,19,50,Eef1g,2.592,1.614,0.000514249,0.038253289,39524489.25,30328725.25,26477425.5,27593524.5,30201328.75,35853149.75,26314707.75,45430115.25,107454992,73016332,65438226.75,86911599.13,43322664,63318371.75,78613887.5,66982035,Met-loss+Acetyl [N-Term]; Acetyl [N-Term],Translation factors,Eukaryotic Translation Elongation
FALSE,High,Master Protein,Q5FW52,Muscular LMNA-interacting protein [OS=Mus musculus],0,95.013,34,20,161,20,103.4,Mlip,2.057,1.743,0.001424939,0.008277998,26160059,18862946.5,27803107.5,51397523.13,36644287.25,46405972.75,46926762.25,40423858.5,64560841.5,36158439.94,61377104.63,96084340.5,51509932.13,74440041.75,88899527.75,84296074.25,,,
FALSE,High,Master Protein,Q9CZU6,"Citrate synthase, mitochondrial [OS=Mus musculus]",0,94.688,46,16,300,16,51.7,Cs,0.874,0.305,0.03026083,0.001071419,426061012.5,362420910,277304515.8,279060784.5,513843938.5,719093951,745964550,557519036,329663060.5,312992071,257539756,246853104.5,127642072.1,201077727.3,283788472.3,184981579.4,,TCA cycle,Mitochondrial protein degradation; Citric acid cycle (TCA cycle)
FALSE,High,Master Protein,Q9DC69,"NADH dehydrogenase [ubiquinone] 1 alpha subcomplex subunit 9, mitochondrial [OS=Mus musculus]",0,94.354,53,15,167,15,42.5,Ndufa9,1.514,0.509,0.026015863,0.001885835,50909960.75,35222781.63,12888682.75,37072008.5,65887179,95850673,81681473,51274651,77974704.5,43907321,27164597.13,55475814.5,31895384.38,47734728.5,51752094.75,26657267,,Oxidative phosphorylation; Electron transport chain,Complex I biogenesis
FALSE,High,Master Protein,Q8K370,Acyl-CoA dehydrogenase family member 10 [OS=Mus musculus],0,93.637,14,16,253,16,118.9,Acad10,1.041,0.384,0.743746438,0.001639515,313742311,232118459.3,228361746.8,225574764,518415924.8,589206901.3,456383361,532969827.1,224032171.8,239950347.8,239552254.8,251856181,163297972.5,201860243,207457142.8,229333780.3,,,Mitochondrial Fatty Acid Beta-Oxidation
FALSE,High,Master Protein,Q6PHZ2,Calcium/calmodulin-dependent protein kinase type II subunit delta [OS=Mus musculus],0,93.556,37,15,141,11,56.3,Camk2d,3.576,2.723,0.000245368,0.036862289,40987035,33937218,26283848.63,35183499,14002442.5,23916657,19817168.75,23727922.5,150288013.5,108328179,112905042.3,122684876.5,28165227.75,34205987,92113144,87480187.63,Acetyl [N-Term],MicroRNAs in cardiomyocyte hypertrophy; TGF-beta receptor signaling pathway; Myometrial relaxation and contraction pathways; Wnt signaling pathway; Calcium regulation in cardiac cells,"Interferon gamma signaling; Ion homeostasis; Ion transport by P-type ATPases; Trafficking of AMPA receptors; RAF activation; HSF1-dependent transactivation; Unblocking of NMDA receptors, glutamate binding and activation"
FALSE,High,Master Protein,P58774,Tropomyosin beta chain [OS=Mus musculus],0,93.541,37,17,515,3,32.8,Tpm2,0.883,1.208,0.853719586,0.689228243,5226666,13562942,2742083,9461063.5,12861619,8384661.25,8926687,11639309.5,,10294669,3953427.25,9711350.75,12658056.5,4810705.5,16899567.5,17253315,,Striated muscle contraction,Striated Muscle Contraction; Smooth Muscle Contraction
FALSE,High,Master Protein,Q8R081,Heterogeneous nuclear ribonucleoprotein L [OS=Mus musculus],0,93.377,43,16,118,16,63.9,Hnrnpl,0.674,0.431,0.287673278,0.00416448,37514402.13,56732468.63,45824897.69,46166811.38,26652059.5,34883301.34,42116853.78,36326906.06,51838534,40205676.31,26378613,29621929.5,10516026.16,16412762.31,21564633.75,11256542,,mRNA processing,mRNA Splicing - Major Pathway; Processing of Capped Intron-Containing Pre-mRNA
FALSE,High,Master Protein,Q9WVK4,EH domain-containing protein 1 [OS=Mus musculus],0,93.199,39,15,130,13,60.6,Ehd1,1.42,0.684,0.075314121,0.130345608,27748992,17080758.69,9242224,17655912.63,15910256.88,25299519.88,24001189.25,14828600.75,34152222.63,23977377.5,25252976,25358511.13,10101798.5,14938433,17675884.25,16544944.25,Acetyl [N-Term],Insulin signaling,Factors involved in megakaryocyte development and platelet production
FALSE,High,Master Protein,O35459,"Delta(3,5)-Delta(2,4)-dienoyl-CoA isomerase, mitochondrial [OS=Mus musculus]",0,93.071,52,14,127,14,36.1,Ech1,9.968,3.844,0.002381711,0.001418561,3078980.25,3672715.75,2683625.25,1246788.625,9740157.5,17824067.25,11897324,8097186,32060436.75,20593235.38,25607708.75,22516744.25,33565947.5,61498478,69280279,34682027.38,,Fatty acid biosynthesis; Fatty acid biosynthesis,Peroxisomal protein import; Mitochondrial protein degradation
FALSE,High,Master Protein,A2AGT5,Cytoskeleton-associated protein 5 [OS=Mus musculus],0,92.989,18,29,150,29,225.5,Ckap5,28.131,16.778,0.001409102,0.059754416,6667195.25,2574364.625,1229566.25,3821841,684606.0625,10238784,,3132802.5,101681256.8,77445657.81,78273033.5,100536763.8,12785102.13,30860140.5,41046992.13,47221837.06,,,Separation of Sister Chromatids; Anchoring of the basal body to the plasma membrane; Amplification  of signal from unattached  kinetochores via a MAD2  inhibitory signal; Resolution of Sister Chromatid Cohesion; Regulation of PLK1 Activity at G2/M Transition; Loss of Nlp from mitotic centrosomes; Recruitment of mitotic centrosome proteins and complexes; Recruitment of NuMA to mitotic centrosomes; RHO GTPases Activate Formins; AURKA Activation by TPX2; EML4 and NUDC in mitotic spindle formation
FALSE,High,Master Protein,Q07417,"Short-chain specific acyl-CoA dehydrogenase, mitochondrial [OS=Mus musculus]",0,92.782,50,14,157,14,44.9,Acads,1.204,0.371,0.113509493,0.001237169,58524335,48945963.75,31347367.5,31546771.75,66715112.5,84608006,57021823,63509163.5,66733996,50752883.5,39843096.75,53048509,21107457.88,31673743.5,26714460.25,23403887.25,,Fatty acid beta-oxidation; Fatty acid beta-oxidation (streamlined); Mitochondrial long chain fatty acid beta-oxidation,Beta oxidation of hexanoyl-CoA to butanoyl-CoA; Beta oxidation of butanoyl-CoA to acetyl-CoA
FALSE,High,Master Protein,Q99J39,"Malonyl-CoA decarboxylase, mitochondrial [OS=Mus musculus]",0,92.565,39,13,148,13,54.7,Mlycd,1.265,0.447,0.068067232,0.000464898,31305603.25,23743262,26926432.13,20705702.25,30743133.5,55251087.75,37435380.75,39727797,45067518.25,25857080,29940603.5,31820320.13,13385213,21189612.25,18051539,18239368,,,Peroxisomal protein import; Beta-oxidation of very long chain fatty acids
FALSE,High,Master Protein,P97742,"Carnitine O-palmitoyltransferase 1, liver isoform [OS=Mus musculus]",0,92.45,30,16,151,14,88.2,Cpt1a,0.712,0.221,0.112097157,0.002660115,134730179.3,102858271.3,109857770.8,113679546.4,94249210.63,98821997,125761235.5,109272805.3,141606205,70768150.5,80889974.75,59636729.25,10416915.5,20916734.88,29049725.5,25685627.25,,Fatty acid beta-oxidation; PPAR signaling pathway; Fatty acid beta-oxidation (streamlined); Mitochondrial long chain fatty acid beta-oxidation; Leptin and adiponectin,Carnitine shuttle
FALSE,High,Master Protein,P14206,Small ribosomal subunit protein uS2 [OS=Mus musculus],0,92.383,53,12,159,12,32.8,Rpsa,1.827,1.336,0.000103534,0.03558308,61124968,46330688.5,45073406,41778095,25585785.5,31081138,43186784,32163052.5,115117164,81965646,87034558,74052860.25,27243671.5,39599252,62904642,45026004,Acetyl [N-Term]; Met-loss+Acetyl [N-Term],Cytoplasmic ribosomal proteins; Alpha 6 beta 4 integrin signaling pathway,"L13a-mediated translational silencing of Ceruloplasmin expression; SRP-dependent cotranslational protein targeting to membrane; Major pathway of rRNA processing in the nucleolus and cytosol; Formation of a pool of free 40S subunits; GTP hydrolysis and joining of the 60S ribosomal subunit; Nonsense Mediated Decay (NMD) independent of the Exon Junction Complex (EJC); Nonsense Mediated Decay (NMD) enhanced by the Exon Junction Complex (EJC); PELO:HBS1L and ABCE1 dissociate a ribosome on a non-stop mRNA; ZNF598 and the Ribosome-associated Quality Trigger (RQT) complex dissociate a ribosome stalled on a no-go mRNA; Translation initiation complex formation; Formation of the ternary complex, and subsequently, the 43S complex; Ribosomal scanning and start codon recognition"
FALSE,High,Master Protein,Q8VEM8,Solute carrier family 25 member 3 [OS=Mus musculus],0,91.75,50,14,307,14,39.6,Slc25a3,1.047,0.394,0.476839142,0.003227942,632984662.5,365231280,354488417.5,315469583.8,759001707.1,1076325599,1222648779,839673469,588254760.8,376820103.3,392773610.5,335389613.8,226064297,389436882.4,603502336,359853440,,,
FALSE,High,Master Protein,Q61029,"Lamina-associated polypeptide 2, isoforms beta/delta/epsilon/gamma [OS=Mus musculus]",0,91.547,50,16,122,7,50.3,Tmpo,0.857,0.885,0.984547151,0.135002552,10109237,8736595.75,3372558.25,11993138.5,7486303.5,9784238.5,9637411.5,10856891.5,8089288,5674363.5,7226192.5,11009945,6057930.5,7560080,9563952,10500971,Met-loss [N-Term],,
FALSE,High,Master Protein,Q9DCW4,Electron transfer flavoprotein subunit beta [OS=Mus musculus],0,91.511,70,15,244,15,27.6,Etfb,0.835,0.331,0.050180239,0.001458949,226297945.3,198459723.8,155529096.8,148859473.4,373446402.5,532040662.5,483901150.5,383981803.5,164076905,156297284,146400315.9,131750605,100160761.3,157462031.5,197549410.8,142240372,,,Respiratory electron transport; Protein methylation
FALSE,High,Master Protein,Q76LL6,FH1/FH2 domain-containing protein 3 [OS=Mus musculus],0,91.401,25,26,105,26,175.5,Fhod3,5.6,2.643,0.000470586,0.001913873,15896971,7879564,10014826,9643329,16044527,25940567.75,22011360.25,19544895,69559355.5,56427298.75,59472154.75,50918686,36533721.75,62361679,63948059.13,68094585.75,,,
FALSE,High,Master Protein,Q7TPV4,Myb-binding protein 1A [OS=Mus musculus],0,91.239,23,22,117,22,151.9,Mybbp1a,1000,1000,,,,,,1712755.75,,,,,63471280,36570802.25,52147052.25,47685772,3135270.75,21176365.5,19312674,25258551.13,,,B-WICH complex positively regulates rRNA expression
FALSE,High,Master Protein,P53395,"Lipoamide acyltransferase component of branched-chain alpha-keto acid dehydrogenase complex, mitochondrial [OS=Mus musculus]",0,91.164,47,17,183,17,53.2,Dbt,0.949,0.328,0.133785984,0.002465764,77590691.38,65789335.25,67627893.63,78712788.13,171478856.4,270001706,217146571,263690547,72512579.5,66437351.88,60785806.88,75882697.88,40223797,77196154.75,85468950.5,98962762.75,,,"Branched-chain amino acid catabolism; RHOH GTPase cycle; Mitochondrial protein degradation; BCKDH synthesizes BCAA-CoA from KIC, KMVA, KIV; Protein lipoylation"
FALSE,High,Master Protein,P18242,Cathepsin D [OS=Mus musculus],0,91.009,42,12,104,12,44.9,Ctsd,2.805,3.85,0.001316793,0.000667764,81575034.5,65692820,48977522,58333480,4514873.5,9422403.875,10133311.13,5454713.625,179694635,201014184.5,156337841.5,149947359.8,22201559.5,30265928.13,36341376.25,22549573.5,,,Neutrophil degranulation; MHC class II antigen presentation; Insulin receptor recycling; Collagen degradation; Metabolism of Angiotensinogen to Angiotensins
FALSE,High,Master Protein,Q80XL6,Acyl-CoA dehydrogenase family member 11 [OS=Mus musculus],0,90.53,41,25,136,25,87.3,Acad11,12.421,9.925,0.000900219,0.028600819,7121879.25,3526847.25,8340402.75,2070482.5,4092372.125,9623890.125,3177999.25,,98012597.25,39534958.5,64206884.38,38860127.13,27242287.31,43191332.25,47030137.75,40145724.5,Acetyl [N-Term],,Mitochondrial Fatty Acid Beta-Oxidation
FALSE,High,Master Protein,Q8K1M6,Dynamin-1-like protein [OS=Mus musculus],0,90.437,34,18,137,18,81.8,Dnm1l,2.176,0.923,0.014102954,0.729458855,15375997.25,7121877.75,9280587.5,7492872,9815371.75,10654418.5,22429340.75,8988467,38128680.25,13593670.25,34044272,13167939.5,6825275,10209378.75,30650260.5,7984673.375,,,Apoptotic execution phase
FALSE,High,Master Protein,P70404,"Isocitrate dehydrogenase [NAD] subunit gamma 1, mitochondrial [OS=Mus musculus]",0,90.361,45,12,175,12,42.8,Idh3g,2.609,1.074,0.001281673,0.628827043,21858589.5,16187029.5,15759169,7913573.75,30140129.5,51858496.5,44958619,27416663.5,52877171.5,41257455.63,42081150.5,28077459,25568541.5,44513748,61076327.5,36849081.5,,TCA cycle,Citric acid cycle (TCA cycle)
FALSE,High,Master Protein,Q9Z2D6,Methyl-CpG-binding protein 2 [OS=Mus musculus],0,90.055,48,17,167,17,52.3,Mecp2,0.736,0.433,0.005965277,0.008125458,78415228.75,70335696.75,69827981.63,118140853,73277583.88,76157680,90051429.81,91147156.25,58450343.69,51130311.06,54785458.25,74428901.13,29060523.5,24097053,42528691.31,54061573.5,,Mecp2 and associated Rett syndrome; Lung fibrosis,Regulation of MECP2 expression and activity
FALSE,High,Master Protein,P25444,Small ribosomal subunit protein uS5 [OS=Mus musculus],0,89.961,53,15,258,15,31.2,Rps2,1.984,1.646,0.000473042,0.007706722,296673147.6,184094781,193143069.3,201971462.5,164339759,218170906.5,236329917,189895906.5,594142796.8,361804085.5,454377460,396980244,234339713.6,327481827.5,475175045.3,342621950,,Cytoplasmic ribosomal proteins,"L13a-mediated translational silencing of Ceruloplasmin expression; SRP-dependent cotranslational protein targeting to membrane; Major pathway of rRNA processing in the nucleolus and cytosol; Formation of a pool of free 40S subunits; GTP hydrolysis and joining of the 60S ribosomal subunit; Nonsense Mediated Decay (NMD) independent of the Exon Junction Complex (EJC); Nonsense Mediated Decay (NMD) enhanced by the Exon Junction Complex (EJC); PELO:HBS1L and ABCE1 dissociate a ribosome on a non-stop mRNA; ZNF598 and the Ribosome-associated Quality Trigger (RQT) complex dissociate a ribosome stalled on a no-go mRNA; RMTs methylate histone arginines; Translation initiation complex formation; Formation of the ternary complex, and subsequently, the 43S complex; Ribosomal scanning and start codon recognition; Protein methylation"
FALSE,High,Master Protein,Q3UHZ5,Leiomodin-2 [OS=Mus musculus],0,89.936,38,16,186,16,62,Lmod2,4.339,4.605,0.005747186,0.001771888,24144243.5,23125472,8390955,24165729,20333861.5,13848451,18938989.63,18150591,114042845.8,88155488,86855148,96338540.75,61971907.5,83130799,87244711.75,83557481,,,
FALSE,High,Master Protein,P06745,Glucose-6-phosphate isomerase [OS=Mus musculus],0,89.705,38,16,155,16,62.7,Gpi,1.865,0.764,0.007754955,0.123284017,115961316,146923498.5,93794546.5,91014417,44742349,64124617.88,77049518,61837487.25,162880433.3,249826807.8,191900884.8,186527112.8,31700010,46664442.25,61827735.5,66428622.94,,Glycolysis and gluconeogenesis,TP53 Regulates Metabolic Genes; Neutrophil degranulation; Gluconeogenesis; Glycolysis
FALSE,High,Master Protein,P68040,Small ribosomal subunit protein RACK1 [OS=Mus musculus],0,89.681,73,16,181,16,35.1,Rack1,2.07,1.423,0.001043143,0.047557668,113843895.5,86418659.5,84918041.5,75051032.25,52314228.5,81435247,71865486,74355297,250302281,170268100,184639706,130297224,57923310,103609385.5,127041823,118368865,,TNF-alpha NF-kB signaling pathway; IL-3 signaling pathway; IL-2 signaling pathway,Degradation of CDH1; Regulation of TNFR1 signaling; TNFR1-induced NF-kappa-B signaling pathway; TNFR1-mediated ceramide production
FALSE,High,Master Protein,A2AMM0,Caveolae-associated protein 4 [OS=Mus musculus],0,89.664,47,13,169,13,41,Cavin4,1.68,0.609,0.006687193,0.000421868,62762670,57233367,54746239.5,77803389.25,194584181.3,189111540.8,219193394,166014390.8,106649232.8,95049712,107716009,106171047.5,118052113.8,108313378.3,144232437,101434158,,,
FALSE,High,Master Protein,Q60605,Myosin light polypeptide 6 [OS=Mus musculus],0,89.655,66,10,175,7,16.9,Myl6,1.52,1.679,0.04614605,0.018608369,82939223.75,119916534.5,21318116.63,51390563,15512330.75,16942180.5,21412047.5,21543116.5,109614292,173926027.5,57731321.25,81864919.5,20843297.25,26103310,39158461.25,49575748,Acetyl [N-Term],Focal adhesion,Smooth Muscle Contraction; RHO GTPases activate PAKs
FALSE,High,Master Protein,P47962,Large ribosomal subunit protein uL18 [OS=Mus musculus],0,89.516,43,13,230,13,34.4,Rpl5,1.596,1.068,0.002970649,0.404151117,285917299.1,206739680.8,207573318.8,235971875.9,138123534.3,164893955.3,169696887.3,174093094.8,459059882.8,328087495,410845331.6,363384216.3,125424660.5,163606163.3,231049531,200164689.4,,,L13a-mediated translational silencing of Ceruloplasmin expression; SRP-dependent cotranslational protein targeting to membrane; Major pathway of rRNA processing in the nucleolus and cytosol; Formation of a pool of free 40S subunits; GTP hydrolysis and joining of the 60S ribosomal subunit; Nonsense Mediated Decay (NMD) independent of the Exon Junction Complex (EJC); Nonsense Mediated Decay (NMD) enhanced by the Exon Junction Complex (EJC); Ribosome Quality Control (RQC) complex extracts and degrades nascent peptide; PELO:HBS1L and ABCE1 dissociate a ribosome on a non-stop mRNA; ZNF598 and the Ribosome-associated Quality Trigger (RQT) complex dissociate a ribosome stalled on a no-go mRNA
FALSE,High,Master Protein,Q9R112,"Sulfide:quinone oxidoreductase, mitochondrial [OS=Mus musculus]",0,89.081,52,18,142,18,50.3,Sqor,2.301,0.358,0.024460901,0.11090787,22965780.5,18200493.75,7100485.25,6974365,42150312.75,58774182.5,29678850,36891548.5,43939453.25,26632872.25,25360815.13,19302261,11009696.25,15953605,35975090.25,17396277.75,,,Sulfide oxidation to sulfate
FALSE,High,Master Protein,P16125,L-lactate dehydrogenase B chain [OS=Mus musculus],0,88.456,43,15,166,14,36.5,Ldhb,2.593,1.116,0.000845973,0.284992388,63004511.25,99274402.5,73322951,70093164.13,125066037.6,186051151,203817399.8,166574214.5,177659466.1,214551169.5,210324763.5,167121755.5,114059301.4,229414249.3,235559115,179530207.8,,Glycolysis and gluconeogenesis,Pyruvate metabolism
FALSE,High,Master Protein,Q9Z2I0,Mitochondrial proton/calcium exchanger protein [OS=Mus musculus],0,88.291,35,18,150,18,82.9,Letm1,0.996,0.288,0.640122641,0.009361591,68908282.5,41529538.38,45195605,44623648.63,109668513.5,111016853.3,109526791,77952600.25,67499765,32553779,45746660.25,49337776.38,22345452.63,26833584.88,54837158.75,26835639,,,RHOG GTPase cycle
FALSE,High,Master Protein,P23242,Gap junction alpha-1 protein [OS=Mus musculus],0,87.797,44,11,211,11,43,Gja1,1.257,0.643,0.092511613,0.007645217,181135686.5,148004606.5,141131624.4,169089146.5,158290516.9,203535892.5,228746900.8,238194469,226004056.8,187365219.3,191865533.8,163321893.3,93512595.13,120802703.8,159359893.5,183662462.5,Met-loss [N-Term],Spinal cord injury; Myometrial relaxation and contraction pathways; Calcium regulation in cardiac cells; EGFR1 signaling pathway,RHOQ GTPase cycle; Microtubule-dependent trafficking of connexons from Golgi to the plasma membrane; Formation of annular gap junctions; Gap junction assembly; Regulation of gap junction activity
FALSE,High,Master Protein,P62702,Small ribosomal subunit protein eS4 [OS=Mus musculus],0,86.848,48,13,235,13,29.6,Rps4x,1.709,1.21,0.001604325,0.082567889,384321755.8,218230331.8,246147653,243808721.1,206189573.8,276149547.4,288497533.1,267238912.5,676690391.5,361799641.8,489237920.1,383687219.1,214953342.4,315351409.4,440650653.3,342569357,,Cytoplasmic ribosomal proteins; mRNA processing,"L13a-mediated translational silencing of Ceruloplasmin expression; SRP-dependent cotranslational protein targeting to membrane; Major pathway of rRNA processing in the nucleolus and cytosol; Formation of a pool of free 40S subunits; GTP hydrolysis and joining of the 60S ribosomal subunit; Nonsense Mediated Decay (NMD) independent of the Exon Junction Complex (EJC); Nonsense Mediated Decay (NMD) enhanced by the Exon Junction Complex (EJC); PELO:HBS1L and ABCE1 dissociate a ribosome on a non-stop mRNA; ZNF598 and the Ribosome-associated Quality Trigger (RQT) complex dissociate a ribosome stalled on a no-go mRNA; Translation initiation complex formation; Formation of the ternary complex, and subsequently, the 43S complex; Ribosomal scanning and start codon recognition"
FALSE,High,Master Protein,P12970,Large ribosomal subunit protein eL8 [OS=Mus musculus],0,86.627,45,15,242,15,30,Rpl7a,1.914,1.719,0.000588471,0.021259303,432957967.8,328551359,350081297.8,403733027,240440735.5,221411922,242783027,237117976,861873909.8,604812484.5,718547201.8,689471958.9,287659763.4,372727693,488541612.6,416397138.6,,Cytoplasmic ribosomal proteins,L13a-mediated translational silencing of Ceruloplasmin expression; SRP-dependent cotranslational protein targeting to membrane; Major pathway of rRNA processing in the nucleolus and cytosol; Formation of a pool of free 40S subunits; GTP hydrolysis and joining of the 60S ribosomal subunit; Nonsense Mediated Decay (NMD) independent of the Exon Junction Complex (EJC); Nonsense Mediated Decay (NMD) enhanced by the Exon Junction Complex (EJC); Ribosome Quality Control (RQC) complex extracts and degrades nascent peptide; PELO:HBS1L and ABCE1 dissociate a ribosome on a non-stop mRNA; ZNF598 and the Ribosome-associated Quality Trigger (RQT) complex dissociate a ribosome stalled on a no-go mRNA
FALSE,High,Master Protein,Q9QYR9,"Acyl-coenzyme A thioesterase 2, mitochondrial [OS=Mus musculus]",0,86.252,33,12,102,12,49.6,Acot2,0.645,0.275,0.032130723,0.000894647,87000087,100885053,79806471,55905415.25,21146988.13,32497201,44103789,27440146,80243342,66230048.5,48289613.5,35382955.75,5825047.188,8924982,15625911.63,6095967.375,,Cholesterol metabolism with Bloch and Kandutsch-Russell pathways; Omega-3 / omega-6 fatty acid synthesis; Omega-9 fatty acid synthesis,Peroxisomal protein import; Mitochondrial protein degradation; Mitochondrial Fatty Acid Beta-Oxidation
FALSE,High,Master Protein,P23116,Eukaryotic translation initiation factor 3 subunit A [OS=Mus musculus],0,86.225,23,27,161,27,161.8,Eif3a,11.433,4.271,0.00069591,0.002565528,11668513,5280866.375,3471265.125,3527079.5,3406754.875,4046984.25,6567814,5300715.75,98147891.5,51843149.75,62713127.38,46960287.75,13301859.28,18905988.56,48330605,18536212.75,,Translation factors,"L13a-mediated translational silencing of Ceruloplasmin expression; Formation of a pool of free 40S subunits; GTP hydrolysis and joining of the 60S ribosomal subunit; Translation initiation complex formation; Formation of the ternary complex, and subsequently, the 43S complex; Ribosomal scanning and start codon recognition"
FALSE,High,Master Protein,Q62165,Dystroglycan 1 [OS=Mus musculus],0,86.151,15,12,156,12,96.8,Dag1,0.826,0.466,0.008673719,0.03644104,117848899.4,86515305.13,98185567.31,133693818.1,73501724.06,56820717.25,37732056.25,62887259.5,97977822.88,70965805.19,88584360.75,104515048.8,30958073.13,15223974.25,28540568.75,32448662.75,,Primary focal segmental glomerulosclerosis (FSGS),Formation of the dystrophin-glycoprotein complex (DGC); Regulation of expression of SLITs and ROBOs; DAG1 core M3 glycosylations; Matriglycan biosynthesis on DAG1; DAG1 core M2 glycosylations; DAG1 core M1 glycosylations
FALSE,High,Master Protein,P27773,Protein disulfide-isomerase A3 [OS=Mus musculus],0,86.042,38,18,143,18,56.6,Pdia3,2.508,2.12,0.003246119,0.045687016,34061191.5,41693800.13,22175783,36545012.06,3490102.25,10996825.22,9309199,4934727.5,90551286.75,78173290.25,67841095,86467233.25,5095831.5,19916674,23094702.5,23983683,,,"ER-Phagosome pathway; Antigen Presentation: Folding, assembly and peptide loading of class I MHC; Calnexin/calreticulin cycle"
FALSE,High,Master Protein,P47753,F-actin-capping protein subunit alpha-1 [OS=Mus musculus],0,85.948,59,10,160,8,32.9,Capza1,1.735,0.766,0.014056934,0.951730384,35567634,30975935.63,28220989.5,42088783.38,27348136.25,26528384,32845383.88,31000382,60046093.75,52785706.5,81463629,74341234,15466651.75,18261230.75,90076708.88,26454812.63,,,MHC class II antigen presentation; COPI-mediated anterograde transport; Factors involved in megakaryocyte development and platelet production; HSP90 chaperone cycle for steroid hormone receptors (SHR) in the presence of ligand; COPI-independent Golgi-to-ER retrograde traffic; Advanced glycosylation endproduct receptor signaling
FALSE,High,Master Protein,P63276,Small ribosomal subunit protein eS17 [OS=Mus musculus],0,85.92,56,7,169,7,15.5,Rps17,2.046,1.39,0.002304618,0.067585721,188964268,111256937.3,106306671.5,136717067.5,106831502,110655089.5,152825792,169509548.5,389426275.8,225942262.5,294375700.6,267440640.9,120525988.4,181881123.5,287826813.4,199133394,,Cytoplasmic ribosomal proteins,"L13a-mediated translational silencing of Ceruloplasmin expression; SRP-dependent cotranslational protein targeting to membrane; Major pathway of rRNA processing in the nucleolus and cytosol; Formation of a pool of free 40S subunits; GTP hydrolysis and joining of the 60S ribosomal subunit; Nonsense Mediated Decay (NMD) independent of the Exon Junction Complex (EJC); Nonsense Mediated Decay (NMD) enhanced by the Exon Junction Complex (EJC); PELO:HBS1L and ABCE1 dissociate a ribosome on a non-stop mRNA; ZNF598 and the Ribosome-associated Quality Trigger (RQT) complex dissociate a ribosome stalled on a no-go mRNA; Translation initiation complex formation; Formation of the ternary complex, and subsequently, the 43S complex; Ribosomal scanning and start codon recognition"
FALSE,High,Master Protein,Q6NZJ6,Eukaryotic translation initiation factor 4 gamma 1 [OS=Mus musculus],0,85.865,18,25,130,20,176,Eif4g1,13.343,1000,0.000247606,,5303545.5,4147144.5,4517397.5,4887622,,,,,81283810,52074039.38,64049867.25,43128962.63,15091624.75,21300629.5,40643361.75,20375772.38,,Translation factors,L13a-mediated translational silencing of Ceruloplasmin expression; GTP hydrolysis and joining of the 60S ribosomal subunit; Nonsense Mediated Decay (NMD) independent of the Exon Junction Complex (EJC); Nonsense Mediated Decay (NMD) enhanced by the Exon Junction Complex (EJC); Translation initiation complex formation; Ribosomal scanning and start codon recognition; mTORC1-mediated signalling; AUF1 (hnRNP D0) binds and destabilizes mRNA; ISG15 antiviral mechanism; Deadenylation of mRNA
FALSE,High,Master Protein,Q7TMK9,Heterogeneous nuclear ribonucleoprotein Q [OS=Mus musculus],0,85.808,38,18,150,18,69.6,Syncrip,0.972,0.304,0.350097991,0.007258881,103861913.4,92292760.25,81415230,93985442.88,94900087.5,110402240.7,101783771.7,94143052.94,97472250,60608914.75,83074853.5,94553024,18611425.5,26938222,43962607.5,35760473.25,,mRNA processing,
FALSE,High,Master Protein,P47757,F-actin-capping protein subunit beta [OS=Mus musculus],0,85.764,64,16,228,16,31.3,Capzb,3.905,1.986,0.00031624,0.01024437,64534012.25,66003624.5,59737786.25,55345692,93344214.5,100341208.5,107802195.8,100848621.5,252928570.5,228935416.5,232444648,272078943.5,130965566.3,182588591,233704080,229561739.3,Acetyl [N-Term]; Met-loss+Acetyl [N-Term],,MHC class II antigen presentation; COPI-mediated anterograde transport; HSP90 chaperone cycle for steroid hormone receptors (SHR) in the presence of ligand; COPI-independent Golgi-to-ER retrograde traffic; Factors involved in megakaryocyte development and platelet production; RHOF GTPase cycle; RHOD GTPase cycle
FALSE,High,Master Protein,O70310,Glycylpeptide N-tetradecanoyltransferase 1 [OS=Mus musculus],0,85.509,40,14,123,14,56.9,Nmt1,3.172,5.525,0.001166542,0.010697054,36189293.5,23370957,16333634.38,17775502.75,2929024.25,1721064.875,7934883.375,7192554.25,113058574.8,67578673,74010971.25,57258389.5,18008007.75,27574392.13,39396860.06,25071482.25,,,"Inactivation, recovery and regulation of the phototransduction cascade; Activation, myristolyation of BID and translocation to mitochondria"
FALSE,High,Master Protein,P17426,AP-2 complex subunit alpha-1 [OS=Mus musculus],0,85.434,30,24,136,17,107.6,Ap2a1,6.525,23.045,0.001350644,0.000281378,25122099,20390675,12157041.5,22243358.75,1971093.25,3795699.5,4833077.75,5378960,171631367.5,127063864.3,128839696.3,106923543.5,86762453,83868005.63,114897666.8,120166050.5,,EGFR1 signaling pathway,"MHC class II antigen presentation; Recycling pathway of L1; Cargo recognition for clathrin-mediated endocytosis; LDL clearance; Trafficking of GluR2-containing AMPA receptors; Retrograde neurotrophin signalling; WNT5A-dependent internalization of FZD4; WNT5A-dependent internalization of FZD2, FZD5 and ROR2; VLDLR internalisation and degradation"
FALSE,High,Master Protein,Q8C0C7,Phenylalanine--tRNA ligase alpha subunit [OS=Mus musculus],0,84.553,49,18,145,18,57.6,Farsa,1.601,1.702,0.010431807,0.017024655,45595052.5,33665653,29826126.5,42961372.5,12512468.75,20984309.25,18291272.75,17607553.25,73150156,53798658.25,63656701,60261120.75,19128566.25,27684841.25,39425878.5,33362412.5,Acetyl [N-Term],,
FALSE,High,Master Protein,P28653,Biglycan [OS=Mus musculus],0,84.243,44,13,123,12,41.6,Bgn,3.668,18.448,0.002056763,0.002456118,62735537.63,46377074.25,22039406.25,65093605,1249591.625,2603697.25,2829912.75,12393943.13,216088312,172623622,138166750,235300986,36603929.5,41183942.75,60887470.75,92000436.25,,,ECM proteoglycans; Glycosaminoglycan-protein linkage region biosynthesis; CS/DS degradation; CS-GAG biosynthesis; DS-GAG biosynthesis
FALSE,High,Master Protein,P61982,14-3-3 protein gamma [OS=Mus musculus],0,83.766,66,14,221,9,28.3,Ywhag,1.298,0.725,0.077635891,0.350209395,71540052.5,37699039.25,41048408,44325313.75,43244215.13,74975475.13,42209470.5,41148017.63,90701217.25,50116379.25,44338901.07,83227228.75,20131251.63,28356714.38,54336574.75,46442782.38,,Cell cycle; TNF-alpha NF-kB signaling pathway; Myometrial relaxation and contraction pathways; Calcium regulation in cardiac cells,Anchoring of the basal body to the plasma membrane; Regulation of PLK1 Activity at G2/M Transition; Loss of Nlp from mitotic centrosomes; Recruitment of mitotic centrosome proteins and complexes; Recruitment of NuMA to mitotic centrosomes; AURKA Activation by TPX2; TP53 Regulates Metabolic Genes; SPOP-mediated proteasomal degradation of PD-L1(CD274); Activation of BAD and translocation to mitochondria ; RHO GTPases activate PKNs; Chk1/Chk2(Cds1) mediated inactivation of Cyclin B:Cdk1 complex; Regulation of localization of FOXO transcription factors
FALSE,High,Master Protein,P26040,Ezrin [OS=Mus musculus],0,83.674,29,17,210,9,69.4,Ezr,1000,,,,,,,,,,,,,,,5342074.5,,,,,,Regulation of actin cytoskeleton,Recycling pathway of L1; Netrin-1 signaling
FALSE,High,Master Protein,Q3TEA8,Heterochromatin protein 1-binding protein 3 [OS=Mus musculus],0,83.602,41,18,155,18,60.8,Hp1bp3,1.81,1.295,0.002998936,0.193623706,42648658.5,41080693.75,39282572.38,65899527.25,41143314.63,35271243.75,46064532.75,48555456.25,68037344,67576002.13,81861622.5,131294402.5,35902918.25,44436319,64392471.25,64635030.5,Acetyl [N-Term]; Met-loss+Acetyl [N-Term],,
FALSE,High,Master Protein,Q9CR42,Ankyrin repeat domain-containing protein 1 [OS=Mus musculus],0,83.455,52,15,117,15,36,Ankrd1,6.467,3.82,0.001516271,0.197473034,23022406,18729804,11505354.5,23539404,2134203,14586929.88,1148730.75,2291910.25,166066574,108591769.3,105747844,99663754.38,6215863.125,7128763.25,8221833,11480217,,Hypertrophy model,
FALSE,High,Master Protein,P00405,Cytochrome c oxidase subunit 2 [OS=Mus musculus],0,82.678,59,7,189,7,26,Mtco2,0.835,0.288,0.021955997,0.000570145,277072706,124664480.8,70586204.25,143903044,206195165,375682559.8,333014682.3,211735982.5,211253133.5,99176984,64272413.69,126185549.8,50340249,98084761.75,114068614,67067056.5,,Selenium micronutrient network; Electron transport chain,TP53 Regulates Metabolic Genes; Respiratory electron transport; Cytoprotection by HMOX1; Complex IV assembly; Mitochondrial translation termination
FALSE,High,Master Protein,Q08857,Platelet glycoprotein 4 [OS=Mus musculus],0,82.41,33,12,215,12,52.7,Cd36,1.08,1.063,0.149979146,0.504302476,400161484.5,234091833.3,200440796.1,243510457,275280664.5,244370887.5,237786765,212593463.9,391622318.3,268203193.8,223119762,255244836.8,237277128.3,231437792.3,352701466.5,253799806.5,,Retinol metabolism; PPAR signaling pathway; Fatty acid beta-oxidation (streamlined),Neutrophil degranulation; Platelet degranulation ; Regulation of TLR by endogenous ligand; Scavenging by Class B Receptors; Cross-presentation of particulate exogenous antigens (phagosomes); Intracellular metabolism of fatty acids regulates insulin secretion
FALSE,High,Master Protein,P07356,Annexin A2 [OS=Mus musculus],0,82.061,55,16,116,16,38.7,Anxa2,0.834,0.189,0.007122679,0.052887012,89921880.13,71771588,48965306.5,63966556,14773824.5,23911305.5,20570564.5,31971016,73814026.5,62168366.5,41481709,48344805.5,1032457.938,2124090.75,11685840.25,12842408.63,,Prostaglandin synthesis and regulation,"Neutrophil degranulation; Turbulent (oscillatory, disturbed) flow shear stress activates signaling by PIEZO1 and integrins in endothelial cells; Dissolution of Fibrin Clot"
FALSE,High,Master Protein,Q501J6,Probable ATP-dependent RNA helicase DDX17 [OS=Mus musculus],0,81.963,34,18,144,12,72.4,Ddx17,4.71,8.746,0.007160382,0.001364973,8273121.25,5689689,2745274.5,8185938,2115097,1745712.625,2647804.25,2974054.5,41977389.5,24878237.5,33715006.5,31133501,10111453,14385368,28725092,27604667.25,,,SUMOylation of transcription cofactors
FALSE,High,Master Protein,P23927,Alpha-crystallin B chain [OS=Mus musculus],0,81.85,63,11,264,11,20.1,Cryab,2.267,1.766,0.000963113,0.011999606,450289242,453419977,329867101,431527226.5,430598959,476003021,305364029,311706869,1022335464,1026394990,979725608,976780160,590319488,770623740,669012526,600553998,Acetyl [N-Term]; Met-loss [N-Term],,HSF1-dependent transactivation
FALSE,High,Master Protein,Q61768,Kinesin-1 heavy chain [OS=Mus musculus],0,81.639,29,22,79,22,109.5,Kif5b,172.017,1000,0.033803561,,2396992.25,,,1295050.625,,,,,50387455.25,37499422.38,42244216.25,38320274.25,13700726.63,25175366.69,27894411.75,10884026.63,,Insulin signaling,MHC class II antigen presentation; COPI-dependent Golgi-to-ER retrograde traffic; Kinesins; RHO GTPases activate KTN1
FALSE,High,Master Protein,P35700,Peroxiredoxin-1 [OS=Mus musculus],0,81.401,72,12,172,12,22.2,Prdx1,2.884,1.502,0.001267921,0.079404522,126081391.5,137900949.5,89492882,132731631.3,31145873.88,43861972,55228726.5,47804073.25,415992046.1,340362446.3,312009986.5,334580621.4,36671092.75,49962778.75,118196671,91614908,,Oxidative stress and redox pathway,TP53 Regulates Metabolic Genes; Detoxification of Reactive Oxygen Species; NFE2L2 regulating anti-oxidant/detoxification enzymes
FALSE,High,Master Protein,P45591,Cofilin-2 [OS=Mus musculus],0,81.065,66,10,171,9,18.7,Cfl2,2.656,1.295,0.000478468,0.194167507,64865110.75,58511567,42319134.25,56762151.5,57597853.5,39920058,37615695.75,65282044,179219526,149335804,134623785,136763912,57155453.75,65462112,85634708.5,66733467.5,Acetyl [N-Term]; Met-loss+Acetyl [N-Term],G13 signaling pathway; Regulation of actin cytoskeleton,
FALSE,High,Master Protein,Q9WUA2,Phenylalanine--tRNA ligase beta subunit [OS=Mus musculus],0,80.887,34,16,155,16,65.7,Farsb,1.555,1.343,0.017670704,0.184307196,72640314.25,66088477.38,65908641,63133884.5,26739420.5,34590294.75,40465768.5,39145289,144082466.3,106333486.5,99067688.25,79277859.5,23775484.75,45727322.5,55214916.75,83642931.5,,,
FALSE,High,Master Protein,O35129,Prohibitin-2 [OS=Mus musculus],0,80.791,67,17,173,17,33.3,Phb2,1.264,0.566,0.076476628,0.026142331,84033724.5,45232821.25,44064072.5,59662825.13,69663518.5,79419828,88423751,50015559.5,109625678,55418541.5,76437540,63714166.5,26035620.75,41419734,66181862,30700106.75,,,Processing of SMDT1; Cellular response to mitochondrial stress
FALSE,High,Master Protein,E9PV24,Fibrinogen alpha chain [OS=Mus musculus],0,80.314,27,17,152,17,87.4,Fga,0.681,1.733,0.161459107,0.227867264,144912500,87739594,70775284.25,83619736.5,11772499.5,6068122.25,19426558.75,14994290.75,169891601.8,50350183.88,51241452,53578976.5,10752648.5,35368931.94,61418549.75,14242520.88,,Blood clotting cascade; Fibrin complement receptor 3 signaling pathway,Platelet degranulation ; MAP2K and MAPK activation; Integrin cell surface interactions; Regulation of Insulin-like Growth Factor (IGF) transport and uptake by Insulin-like Growth Factor Binding Proteins (IGFBPs); Post-translational protein phosphorylation; Common Pathway of Fibrin Clot Formation; GRB2:SOS provides linkage to MAPK signaling for Integrins ; p130Cas linkage to MAPK signaling for integrins; Regulation of TLR by endogenous ligand
FALSE,High,Master Protein,Q9QXZ0,"Microtubule-actin cross-linking factor 1, isoforms 1/2/3/4 [OS=Mus musculus]",0,80.262,5,28,74,24,831.4,Macf1,1000,1000,,,,,,,,,,,10756562.81,2285924.5,8713410.75,10652847.44,,2983454.75,2790025.75,4032630.875,,,
FALSE,High,Master Protein,Q64511,DNA topoisomerase 2-beta [OS=Mus musculus],0,80.226,21,27,130,27,181.8,Top2b,209.338,1000,0.006080692,,1711711.5,,,1438686.75,,,,1416736.375,69833082.13,57121367.13,73098795.25,63046724.13,46884397.69,62920732.75,70405552.5,73756452,,,SUMOylation of DNA replication proteins
FALSE,High,Master Protein,P24270,Catalase [OS=Mus musculus],0,80.047,43,16,79,16,59.8,Cat,0.435,0.022,0.004773199,0.000285703,101038775.8,78494672.38,76043187,73385856,49165072.5,79637505.75,82135973.25,71682194.5,47870746,35344431.75,31925571.63,20366121.5,1308192.25,1868299.25,1756969.75,,,Selenium micronutrient network; Folic acid network; Oxidative stress response; Tryptophan metabolism,Neutrophil degranulation; Peroxisomal protein import; Detoxification of Reactive Oxygen Species
FALSE,High,Master Protein,P46935,E3 ubiquitin-protein ligase NEDD4 [OS=Mus musculus],0,79.272,28,20,81,20,102.6,Nedd4,3.48,0.42,0.000288918,0.025887309,19626024.75,12700078.75,13975740.5,11972599.75,5783821.875,7121658.5,12505542,8149828.75,71199229,46903852.75,46651980.5,33761062.13,2453286,1330189.875,5197939.5,4689429.25,,Proteasome degradation,Antigen processing: Ubiquitination & Proteasome degradation; Regulation of PTEN stability and activity; Regulation of PTEN localization; ISG15 antiviral mechanism; Downregulation of ERBB4 signaling
FALSE,High,Master Protein,Q99KK2,N-acylneuraminate cytidylyltransferase [OS=Mus musculus],0,78.948,41,16,114,16,48,Cmas,1.581,1.432,0.013389004,0.011093243,77667810,45842907.5,58523160.75,75603088.5,3044707.938,4324421.813,6282045.75,13449153,123160019.5,72286366.25,109140068.5,93980081.5,4079998.313,6616589.875,10499911.5,16858629.38,,,Sialic acid metabolism
FALSE,High,Master Protein,Q8BL65,Actin-binding LIM protein 2 [OS=Mus musculus],0,78.798,53,22,110,22,68.1,Ablim2,2.072,2.546,0.00328222,0.003022917,18816565,11668930.66,12416914.13,17488808.44,2213535.25,7168063.5,5670048.75,7786620.25,35079207,26871887.75,30324681,30043182.5,6181673,12866458,14816546,19310946,,,
FALSE,High,Master Protein,P60335,Poly(rC)-binding protein 1 [OS=Mus musculus],0,78.538,60,13,130,9,37.5,Pcbp1,3.937,3.913,0.000105294,0.00218688,24071223,15976366,17257586.5,17492043,5305076,7083312.5,8612124,9245180,98328658,60607299.5,81174808,66161720.5,18839505.75,30532978,50956350.5,28355121,,mRNA processing,mRNA Splicing - Major Pathway; Processing of Capped Intron-Containing Pre-mRNA
FALSE,High,Master Protein,P15626,Glutathione S-transferase Mu 2 [OS=Mus musculus],0,78.459,73,16,113,13,25.7,Gstm2,1.8,0.033,0.005637899,0.360774647,24352445.5,38951028.75,24255426.28,25959673.75,1638208,2720436.75,5622605,2736261.75,51869288.38,58743512.63,48363798.75,42182380.06,,,6175969.281,4174354.625,Met-loss [N-Term],Glutathione metabolism; Oxidative stress and redox pathway,Glutathione conjugation; Paracetamol ADME; Azathioprine ADME
FALSE,High,Master Protein,P51410,Large ribosomal subunit protein uL6 [OS=Mus musculus],0,78.452,60,8,170,8,21.9,Rpl9,1.752,1.295,0.005562347,0.048449275,214457649.3,148165839,150288624.3,160376670.4,94569067.13,134399942,135944103.8,133237787.9,416943891,230992470.3,327108013,253209554.8,101668287.4,162430650.8,210455069,184992007,,Cytoplasmic ribosomal proteins; mRNA processing,L13a-mediated translational silencing of Ceruloplasmin expression; SRP-dependent cotranslational protein targeting to membrane; Major pathway of rRNA processing in the nucleolus and cytosol; Formation of a pool of free 40S subunits; GTP hydrolysis and joining of the 60S ribosomal subunit; Nonsense Mediated Decay (NMD) independent of the Exon Junction Complex (EJC); Nonsense Mediated Decay (NMD) enhanced by the Exon Junction Complex (EJC); PELO:HBS1L and ABCE1 dissociate a ribosome on a non-stop mRNA; ZNF598 and the Ribosome-associated Quality Trigger (RQT) complex dissociate a ribosome stalled on a no-go mRNA; Ribosome Quality Control (RQC) complex extracts and degrades nascent peptide
FALSE,High,Master Protein,P62259,14-3-3 protein epsilon [OS=Mus musculus],0,78.439,71,15,182,13,29.2,Ywhae,1.562,1.024,0.003391705,0.763620876,86040182.22,88477240,62304634.75,74572295.5,77131751.72,78756732.11,72381483,80902586,127782473,135699574.3,119285768,118704367,61245839.5,77799914.5,101356106,85930613.5,Acetyl [N-Term],TNF-alpha NF-kB signaling pathway; Myometrial relaxation and contraction pathways; Alpha 6 beta 4 integrin signaling pathway; Calcium regulation in cardiac cells,TP53 Regulates Metabolic Genes; Regulation of HSF1-mediated heat shock response; RAB GEFs exchange GTP for GDP on RABs; Anchoring of the basal body to the plasma membrane; Regulation of PLK1 Activity at G2/M Transition; Loss of Nlp from mitotic centrosomes; Recruitment of mitotic centrosome proteins and complexes; Recruitment of NuMA to mitotic centrosomes; AURKA Activation by TPX2; Activation of BAD and translocation to mitochondria ; RHO GTPases activate PKNs; Chk1/Chk2(Cds1) mediated inactivation of Cyclin B:Cdk1 complex; NADE modulates death signalling; HSF1 activation; Signaling by Hippo
FALSE,High,Master Protein,P14824,Annexin A6 [OS=Mus musculus],0,78.372,39,22,134,21,75.8,Anxa6,2.181,0.985,0.025901313,0.576246961,12528441.75,19939451,4816790.5,7968238.25,16658233.25,17287184.5,23925782.25,10055590.5,28782916,31484550,20579719.25,16498086.5,7607896.25,14561234.75,27563358.25,12753195.88,,Prostaglandin synthesis and regulation; Comprehensive IL-17A signaling; Calcium regulation in cardiac cells,
FALSE,High,Master Protein,Q61543,Golgi apparatus protein 1 [OS=Mus musculus],0,78.096,25,19,105,19,133.6,Glg1,1000,1000,,,,,,414064.5938,,,,,17058027,18720518.13,10423171.5,23924225.25,756269.625,6367972.75,4537294,14887984.25,,TNF-alpha NF-kB signaling pathway,Cell surface interactions at the vascular wall
FALSE,High,Master Protein,Q9Z0P5,Twinfilin-2 [OS=Mus musculus],0,77.972,47,13,116,12,39.4,Twf2,8.185,7.049,0.007108837,0.006515975,4576577,8862952,3145014.5,12234265,5117572,10232220.25,3829217.75,3728196.5,62538066.5,43456351.75,43486876.25,53468250.5,31920658.5,30142472,39219971.5,29699009,Acetyl [N-Term]; Met-loss+Acetyl [N-Term],,
FALSE,High,Master Protein,P82198,Transforming growth factor-beta-induced protein ig-h3 [OS=Mus musculus],0,77.415,29,14,71,14,74.6,Tgfbi,7.876,8.91,0.005615956,0.019717467,26512363.63,3605192.75,5339848.688,15813207.63,793648.9375,1394745.5,688001.3125,,104235412.5,46399592.88,59270458,88368533.75,4753073.563,7400916.625,9119360.375,22281637.75,,,
FALSE,High,Master Protein,Q9CZW5,Mitochondrial import receptor subunit TOM70 [OS=Mus musculus],0,77.2,36,17,88,17,67.5,Tomm70,1.765,2.532,0.000420683,0.003236933,70244479.25,46188736,53876801.5,55340008.88,13520592.25,21831853.25,23795603.5,18784551.75,129479344.8,79630777.75,97393334.63,88336477,38275082.75,39119599,58011912.44,49408172.75,,,Ub-specific processing proteases; DDX58/IFIH1-mediated induction of interferon-alpha/beta; PINK1-PRKN Mediated Mitophagy
FALSE,High,Master Protein,Q99L45,Eukaryotic translation initiation factor 2 subunit 2 [OS=Mus musculus],0,77.189,50,16,129,16,38.1,Eif2s2,11.242,7.973,0.000548332,0.010935886,21877623,8353794.75,8833495,11078443.5,5269549,7065682.5,6848388,,161305484.8,96648147.25,135716877.1,121023683.3,31140665,40059460.06,73668678.63,56736003.38,,Translation factors,"ABC-family proteins mediated transport; L13a-mediated translational silencing of Ceruloplasmin expression; GTP hydrolysis and joining of the 60S ribosomal subunit; Translation initiation complex formation; Formation of the ternary complex, and subsequently, the 43S complex; Ribosomal scanning and start codon recognition; Recycling of eIF2:GDP; Cellular response to mitochondrial stress; PERK regulates gene expression"
FALSE,High,Master Protein,Q9D6S7,"Ribosome-recycling factor, mitochondrial [OS=Mus musculus]",0,76.741,39,6,113,6,29,Mrrf,2.02,0.455,0.007860475,0.019920774,46895785.5,20192136.13,33937648.25,37051391.75,96919082.5,89949225.25,85888495.75,92136362.25,67915861,47898769.5,68212296.25,75222641.5,36153586.13,30305755,58922969,51163991.75,,,Mitochondrial translation termination
FALSE,High,Master Protein,Q9WVE8,Protein kinase C and casein kinase substrate in neurons protein 2 [OS=Mus musculus],0,76.63,36,14,146,14,55.8,Pacsin2,3.323,3.772,0.00054446,0.001774481,79251634,42176962.5,43122100.38,57560731.25,13756707,7458795.25,13108762.5,11866053.75,260714959.8,141593716.4,177716538,163445161.3,35853920.63,26331705.88,59934536.5,47822234.5,,,Clathrin-mediated endocytosis
FALSE,High,Master Protein,Q9CRB9,MICOS complex subunit Mic19 [OS=Mus musculus],0,76.563,46,14,172,14,26.3,Chchd3,0.637,0.139,0.004736921,0.000908452,155685942.8,107482164,101847302.1,153161537.3,345685451.8,345253435.3,403398790.3,316031949.3,101237438,52852429.63,63476743,99736150,37212330,46337136,86766419.5,45577248.25,,,
FALSE,High,Master Protein,P22315,"Ferrochelatase, mitochondrial [OS=Mus musculus]",0,76.539,43,14,129,14,47.4,Fech,1.721,0.696,0.003238536,0.046000647,42665647.63,36106186.88,41578431.38,41706786,91231679.08,122792504.8,107440153.4,115899210.8,80159929.25,51385017,73628210.13,69758921.5,53439822.75,75519766.13,97402177.25,91162343.88,,Heme biosynthesis,Mitochondrial protein degradation; Heme biosynthesis
FALSE,High,Master Protein,P10637,Microtubule-associated protein tau [OS=Mus musculus],0,76.454,41,16,89,16,76.2,Mapt,1.749,1.235,0.085155407,0.398702984,12438569.38,8129255.75,10037106.13,29711908,20871856.88,27449132.25,15696190.25,17968468,19807707.63,7955673.25,25335553.75,57074657,15853746.63,26982861.75,33574513.5,27880092.5,,Alzheimer's disease; IL-6 signaling pathway; Mapk signaling pathway,PKR-mediated signaling; Caspase-mediated cleavage of cytoskeletal proteins
FALSE,High,Master Protein,P97855,Ras GTPase-activating protein-binding protein 1 [OS=Mus musculus],0,76.391,40,12,112,11,51.8,G3bp1,1.675,1.16,0.010657778,0.166838377,33801697.5,13625776.63,16978853.38,24894546.75,18105385.5,18622542,24460032.5,18775346,49727632.25,22833683.63,39737135.5,41661202.5,17147283.75,20406063,31024074,23045951.25,,mRNA processing; mir-193a and MVP in colon cancer metastasis,
FALSE,High,Master Protein,Q9D2N4,Dystrobrevin alpha [OS=Mus musculus],0,76.065,29,17,129,17,84,Dtna,0.389,0.279,0.004230289,0.001579365,77147115.14,42624779.93,40813786.23,48638790.41,27179032.23,41390113.88,40460973.39,49730974.21,28374887.53,12372605.17,16827423.64,25104375.02,5555754.662,10126593.01,13710265.46,15877135.22,,,Formation of the dystrophin-glycoprotein complex (DGC)
FALSE,High,Master Protein,Q9D6R2,"Isocitrate dehydrogenase [NAD] subunit alpha, mitochondrial [OS=Mus musculus]",0,75.893,43,14,189,14,39.6,Idh3a,0.728,0.217,0.067996716,0.00272464,154126118.3,126818278,109937746,68642329,181683531.6,271880080.5,319673702,172264055.5,104456670.5,88170393.5,83692801,69190262,28809962,91898698.5,77875819,33230555,,TCA cycle,Mitochondrial protein degradation; Citric acid cycle (TCA cycle)
FALSE,High,Master Protein,Q8BG05,Heterogeneous nuclear ribonucleoprotein A3 [OS=Mus musculus],0,75.755,40,14,140,14,39.6,Hnrnpa3,2.141,1.15,0.002872233,0.442535135,58492605,60604495.13,49357739,75371529,24204766.13,32846869.63,29593979,33002440.88,150903713,112080406,119886704.1,142247784.6,23539672.88,25188482.69,66256101.63,44863173.5,Acetyl [N-Term],mRNA processing,mRNA Splicing - Major Pathway; Processing of Capped Intron-Containing Pre-mRNA
FALSE,High,Master Protein,Q99MR8,"Methylcrotonoyl-CoA carboxylase subunit alpha, mitochondrial [OS=Mus musculus]",0,75.104,39,20,80,20,79.3,Mccc1,1.192,0.794,0.717080253,0.192371314,11287156.75,8956088.25,7932217.75,5100491,85052236.38,115589180.5,101630383.5,87921209.75,10760305,5526561.5,11823019,8308737,48362688,78303552,94503080,93686504,,,Branched-chain amino acid catabolism; Biotin transport and metabolism
FALSE,High,Master Protein,Q80XN0,"D-beta-hydroxybutyrate dehydrogenase, mitochondrial [OS=Mus musculus]",0,75.079,56,15,163,15,38.3,Bdh1,0.893,0.208,0.487833344,0.003620193,35078022.5,21594235.5,19458432.25,13224840.13,117066855,86233986.5,98836815.5,138699532.5,33292108,16121319.63,23577686.5,11110321.5,20410263,21494057,35476525,23173113.25,,Synthesis and degradation of ketone bodies,Mitochondrial protein degradation; Synthesis of Ketone Bodies; Utilization of Ketone Bodies
FALSE,High,Master Protein,Q76MZ3,Serine/threonine-protein phosphatase 2A 65 kDa regulatory subunit A alpha isoform [OS=Mus musculus],0,74.993,34,17,122,17,65.3,Ppp2r1a,8.502,3.04,0.001001615,0.04926889,6973873.25,4694954.125,3572024.375,2969559.75,4498248,,7329570.875,5751715.625,53373634.25,29678273,33734044.75,41408796.5,8716498.25,17171621.5,29562262.5,13179386.75,Acetyl [N-Term]; Met-loss+Acetyl [N-Term],Mechanisms associated with pluripotency; Focal adhesion: PI3K-Akt-mTOR signaling pathway; Glycogen metabolism; IL-6 signaling pathway; Wnt signaling pathway and pluripotency,"Separation of Sister Chromatids; PKR-mediated signaling; Resolution of Sister Chromatid Cohesion; Recruitment of NuMA to mitotic centrosomes; RHO GTPases Activate Formins; EML4 and NUDC in mitotic spindle formation; Turbulent (oscillatory, disturbed) flow shear stress activates signaling by PIEZO1 and integrins in endothelial cells; Nonsense Mediated Decay (NMD) enhanced by the Exon Junction Complex (EJC); Cyclin A/B1/B2 associated events during G2/M transition; PI5P, PP2A and IER3 Regulate PI3K/AKT Signaling; Anchoring of the basal body to the plasma membrane; Amplification  of signal from unattached  kinetochores via a MAD2  inhibitory signal; Regulation of PLK1 Activity at G2/M Transition; Loss of Nlp from mitotic centrosomes; Recruitment of mitotic centrosome proteins and complexes; AURKA Activation by TPX2; Negative regulation of MAPK pathway; DARPP-32 events; Platelet sensitization by LDL; Initiation of Nuclear Envelope (NE) Reformation; Spry regulation of FGF signaling; RAF activation; Cyclin D associated events in G1; Regulation of TP53 Degradation; Beta-catenin phosphorylation cascade; Disassembly of the destruction complex and recruitment of AXIN to the membrane; Co-stimulation by CD28; Co-inhibition by CTLA4; Inhibition of replication initiation of damaged DNA by RB1/E2F1; ERKs are inactivated"
FALSE,High,Master Protein,Q791V5,Mitochondrial carrier homolog 2 [OS=Mus musculus],0,74.686,50,11,140,11,33.5,Mtch2,0.633,0.312,0.052415741,0.002730451,48782302,21668471,20558010,19947266,18994328,30387953,31994362,20057519,32105651,13179801,16617567,7179296.5,4660096.75,8746054.5,14046070.5,6779172,Acetyl [N-Term]; Met-loss+Acetyl [N-Term],,
FALSE,High,Master Protein,P97461,Small ribosomal subunit protein uS7 [OS=Mus musculus],0,74.583,64,10,134,10,22.9,Rps5,1.388,0.804,0.008376698,0.042555159,60183536,41992698.5,48503263,48082477,39467344.5,39806499,54038489,43329668.5,78660754,65488335.5,71472027,59613834,25890224,33317990.5,49246798,33442866,Acetyl [N-Term]; Met-loss+Acetyl [N-Term],Cytoplasmic ribosomal proteins,"L13a-mediated translational silencing of Ceruloplasmin expression; SRP-dependent cotranslational protein targeting to membrane; Major pathway of rRNA processing in the nucleolus and cytosol; Formation of a pool of free 40S subunits; GTP hydrolysis and joining of the 60S ribosomal subunit; Nonsense Mediated Decay (NMD) independent of the Exon Junction Complex (EJC); Nonsense Mediated Decay (NMD) enhanced by the Exon Junction Complex (EJC); PELO:HBS1L and ABCE1 dissociate a ribosome on a non-stop mRNA; ZNF598 and the Ribosome-associated Quality Trigger (RQT) complex dissociate a ribosome stalled on a no-go mRNA; Translation initiation complex formation; Formation of the ternary complex, and subsequently, the 43S complex; Ribosomal scanning and start codon recognition"
FALSE,High,Master Protein,Q8R2Z5,von Willebrand factor A domain-containing protein 1 [OS=Mus musculus],0,74.504,53,11,95,11,44.7,Vwa1,1.238,1.048,0.512100578,0.961190472,18111635.25,4374723,6195839,5946158.5,4122186.563,4144401.25,3745390.5,2834397.75,12051852.5,8661305.125,6326432.5,8931769.25,2177902.5,1423234.25,8962076.75,5890529.375,,,Regulation of Insulin-like Growth Factor (IGF) transport and uptake by Insulin-like Growth Factor Binding Proteins (IGFBPs); Post-translational protein phosphorylation
FALSE,High,Master Protein,Q9DBG6,Dolichyl-diphosphooligosaccharide--protein glycosyltransferase subunit 2 [OS=Mus musculus],0,74.373,30,12,87,12,69,Rpn2,2.687,1.539,0.117310822,0.604741873,18961897.25,1851269,4934315.25,10672274.88,,1495734.75,2681976,6803096.625,29945944.5,18408275.13,22562408.88,11809213.13,1920094,1759684.875,5401754,4924489,,Proteasome degradation,Regulation of CDH1 posttranslational processing and trafficking to plasma membrane; PD-L1(CD274) glycosylation and translocation to plasma membrane
FALSE,High,Master Protein,Q9JJ28,Protein flightless-1 homolog [OS=Mus musculus],0,74.325,23,21,94,21,144.7,Flii,14.653,19.379,0.003272454,0.000469969,4031855,2089906.625,727482.5,2415407.75,,1254141,1411393.375,1243016.125,43436545.75,33480621,35617313.75,32371359.88,19342161.25,20123801.75,27321364.25,24115270.19,Acetyl [N-Term],,
FALSE,High,Master Protein,Q61937,Nucleophosmin [OS=Mus musculus],0,74.268,52,10,98,10,32.5,Npm1,1.321,0.856,0.073241704,0.161153876,245847799.5,196986591,196446808,215878081,309499199.5,406680841.8,340781156.8,331706679,366065677.5,194858097,262944098,281585862,181684350.5,322945931,336767540,305858484,Acetyl [N-Term],mRNA processing,Deposition of new CENPA-containing nucleosomes at the centromere; PKR-mediated signaling; SUMOylation of transcription cofactors; TFAP2A acts as a transcriptional repressor during retinoic acid induced cell differentiation; TP53 regulates transcription of additional cell cycle genes whose exact role in the p53 pathway remain uncertain
FALSE,High,Master Protein,Q61234,Alpha-1-syntrophin [OS=Mus musculus],0,74.114,33,12,137,11,53.6,Snta1,2.242,0.917,0.000109816,0.143369089,27616226,13818160.5,13460652,19539908.5,17315625,20000594.5,20496974.5,26670659,56842580,30835516.5,31959232.5,44009194,12288179,18760831.5,19772162.5,23926020,,,Formation of the dystrophin-glycoprotein complex (DGC)
FALSE,High,Master Protein,Q6ZWX6,Eukaryotic translation initiation factor 2 subunit 1 [OS=Mus musculus],0,74.004,63,17,135,17,36.1,Eif2s1,2.641,2.373,0.001292252,0.003145727,33686107.5,25035862.5,28228672.25,21655060.25,8613276.375,7909712.25,11632563.75,11820184.25,96956541,50365910.5,73746758,57834384.5,15947527.75,22639172.75,30285587,25560602,,Translation factors,"L13a-mediated translational silencing of Ceruloplasmin expression; GTP hydrolysis and joining of the 60S ribosomal subunit; ABC-family proteins mediated transport; Recycling of eIF2:GDP; Cellular response to mitochondrial stress; Translation initiation complex formation; Formation of the ternary complex, and subsequently, the 43S complex; Ribosomal scanning and start codon recognition; PERK regulates gene expression"
FALSE,High,Master Protein,Q149B8,PGC-1 and ERR-induced regulator in muscle protein 1 [OS=Mus musculus],0,73.88,30,11,73,11,85.1,Perm1,1000,6.301,,0.028805813,,,,,4844582.625,2088049.5,1490793,4813996,1463500.375,3511157.375,5895000.5,6397842.625,11326947.75,25926698.13,19408547.25,15391019.63,,,
FALSE,High,Master Protein,Q9CQN1,"Heat shock protein 75 kDa, mitochondrial [OS=Mus musculus]",0,73.836,43,22,100,21,80.2,Trap1,1000,1000,,,,,,,,,,,34592606,7423371.5,29895648.38,2341789.25,9851881.5,9711291.125,32443989,6591000.625,,TGF-beta receptor signaling pathway,Citric acid cycle (TCA cycle)
FALSE,High,Master Protein,P67778,Prohibitin 1 [OS=Mus musculus],0,73.818,82,16,139,16,29.8,Phb1,0.943,0.41,0.903650691,0.016096653,65217467,38428699.5,33771611,52840205.75,31800749,47160649.25,39854760,29681511.5,57040272,26708675,50209007,53754524,13974207.5,8504971.25,18198902,11338996.63,,,RAF activation; Processing of SMDT1
FALSE,High,Master Protein,P82349,Beta-sarcoglycan [OS=Mus musculus],0,73.67,44,10,113,10,34.9,Sgcb,0.639,0.402,0.002674473,0.016665567,79874187,49498114,52334295,81359502.5,34469087.5,42851758,29104848.5,54173276.5,43061181,33912710.5,33276478.5,52295644.5,13721579.38,9928661.75,17448683,22023340.5,,,Formation of the dystrophin-glycoprotein complex (DGC)
FALSE,High,Master Protein,Q78IK4,MICOS complex subunit Mic27 [OS=Mus musculus],0,73.538,61,12,107,12,29.2,Apool,1.16,0.306,0.48912386,0.004091677,48409446.25,26422440.13,31824993.75,38940999.75,93177874.25,95635899,100516304,85320410.13,52286582.25,32913314.88,41077644.75,31395017.75,24699137.63,20529134,42216723.5,30209931.75,,,Platelet degranulation
FALSE,High,Master Protein,P47911,Large ribosomal subunit protein eL6 [OS=Mus musculus],0,73.464,42,14,242,14,33.5,Rpl6,1.818,1.231,0.00104641,0.102351788,417369857,286243344.8,308494294.5,311002973.8,212041022.3,259159794,267946164.5,273204362.5,788313329.5,500987757.5,646235685,523345556,212550229.8,298097504.5,409445270.5,359835547,,Cytoplasmic ribosomal proteins; TNF-alpha NF-kB signaling pathway,L13a-mediated translational silencing of Ceruloplasmin expression; SRP-dependent cotranslational protein targeting to membrane; Major pathway of rRNA processing in the nucleolus and cytosol; Formation of a pool of free 40S subunits; GTP hydrolysis and joining of the 60S ribosomal subunit; Nonsense Mediated Decay (NMD) independent of the Exon Junction Complex (EJC); Nonsense Mediated Decay (NMD) enhanced by the Exon Junction Complex (EJC); Ribosome Quality Control (RQC) complex extracts and degrades nascent peptide; PELO:HBS1L and ABCE1 dissociate a ribosome on a non-stop mRNA; ZNF598 and the Ribosome-associated Quality Trigger (RQT) complex dissociate a ribosome stalled on a no-go mRNA
FALSE,High,Master Protein,O88398,Advillin [OS=Mus musculus],0,73.444,27,15,43,15,92,Avil,1.44,0.001,0.150141424,,19493431,10678181.5,13675897.56,8403714.125,4143476.5,4634883,8979076,8736617,58632055.5,12285434.13,14205329.25,15150857.75,,,,316534.5,Acetyl [N-Term],,
FALSE,High,Master Protein,Q3UQ28,Peroxidasin homolog [OS=Mus musculus],0,73.035,17,17,76,17,165,Pxdn,2.479,3.1,0.204877699,0.005585522,3360470.5,1520093.125,1106759.625,,5333441.5,3118079.75,3262453.75,3095686.75,4875608,6437263.25,1451108.75,1125168.5,10883912.38,9676873.75,10104261,13473178.38,,,Crosslinking of collagen fibrils
FALSE,High,Master Protein,Q9D6Z1,Nucleolar protein 56 [OS=Mus musculus],0,73.012,33,16,108,16,64.4,Nop56,2.358,2.041,0.002038344,0.102786736,38110262.75,18379487.5,20805220.75,27136944.25,12759011.25,8689743,7303334.125,8651252.625,73608210.5,45661538.5,60006869.13,60740183,11514494,14519954,18198756,22495337.63,,,Major pathway of rRNA processing in the nucleolus and cytosol
FALSE,High,Master Protein,P14152,"Malate dehydrogenase, cytoplasmic [OS=Mus musculus]",0,72.92,40,12,202,12,36.5,Mdh1,1.396,0.732,0.007613625,0.028859631,100595243.8,143053017,112314212.3,113247609.8,155609937.5,239461392,229738325,199251603.8,120976417,192459986.5,162604936,169918566.3,98158920.38,157643087,187221280,172233555,,Glycolysis and gluconeogenesis; TCA cycle,Malate-aspartate shuttle
FALSE,High,Master Protein,O55222,Scaffold protein ILK [OS=Mus musculus],0,72.845,42,15,153,15,51.3,Ilk,1.578,1.466,0.000471602,0.002161947,69679132,45860616.5,55873357.63,52156329,37174970.25,50258866.13,58529688.75,52957731.63,106065446.8,70439615.5,96074419.75,84544121.5,55444461.75,68325459.5,84296861.38,86871833.63,Acetyl [N-Term],Estrogen signaling; PPAR signaling pathway; Primary focal segmental glomerulosclerosis (FSGS); Factors and pathways affecting insulin-like growth factor (IGF1)-Akt signaling; Na/K-ATPase/Src signaling; Eukaryotic transcription initiation; Integrin-mediated cell adhesion; Focal adhesion,Localization of the PINCH-ILK-PARVIN complex to focal adhesions
FALSE,High,Master Protein,P62897,"Cytochrome c, somatic [OS=Mus musculus]",0,72.743,61,7,313,7,11.6,Cycs,1.204,0.271,0.028310153,0.001278847,846091716.3,635956200.3,636851872.5,677197316.9,2176991607,2468143445,2516528995,2711348310,908382439,736747086,841027841.8,847427370.3,460712443.8,599494036.5,871880010,817636565.5,,Oxidative damage response; p53 signaling; Parkinson's disease; Na/K-ATPase/Src signaling,Respiratory electron transport; TP53 Regulates Metabolic Genes; Cytoprotection by HMOX1; Detoxification of Reactive Oxygen Species; Release of apoptotic factors from the mitochondria; Pyroptosis; Activation of caspases through apoptosome-mediated cleavage; Regulation of the apoptosome activity; Transcriptional activation of mitochondrial biogenesis
FALSE,High,Master Protein,Q8R4Y4,Stabilin-1 [OS=Mus musculus],0,72.715,15,23,69,23,276.1,Stab1,1000,,,,,,,,,,,,7986736.875,9887840.25,4588145.125,3912144.375,,,,,,,Scavenging by Class H Receptors
FALSE,High,Master Protein,Q9Z0N1,"Eukaryotic translation initiation factor 2 subunit 3, X-linked [OS=Mus musculus]",0,72.713,37,13,103,3,51,Eif2s3x,3.516,1000,0.004211104,,3338641.5,,3772582.25,3874358.5,,,,,11506137,7675347.5,13530055,10843053,1782598.75,2276884.25,6880478,5564803.5,Acetyl [N-Term],Translation factors,"L13a-mediated translational silencing of Ceruloplasmin expression; GTP hydrolysis and joining of the 60S ribosomal subunit; Translation initiation complex formation; Formation of the ternary complex, and subsequently, the 43S complex; Ribosomal scanning and start codon recognition; ABC-family proteins mediated transport; Recycling of eIF2:GDP; Cellular response to mitochondrial stress; PERK regulates gene expression"
FALSE,High,Master Protein,Q8BU30,"Isoleucine--tRNA ligase, cytoplasmic [OS=Mus musculus]",0,72.69,24,22,66,22,144.2,Iars1,1000,1000,,,,,,,,,,,33387588.75,14829412.38,17668291.5,6066095.75,,,,2636617.5,,,Transcriptional and post-translational regulation of MITF-M expression and activity
FALSE,High,Master Protein,P53026,Large ribosomal subunit protein uL1 [OS=Mus musculus],0,72.638,44,10,213,10,24.9,Rpl10a,1.802,1.353,0.000263105,0.04489345,435809799,303764688.8,320040956.3,360916387.3,213049661,245557194.5,263902800.5,263053400.5,786753266.5,539085583.5,647127209.3,649098887.3,234436307.8,310847319.1,447397632.3,380470192.8,,,L13a-mediated translational silencing of Ceruloplasmin expression; SRP-dependent cotranslational protein targeting to membrane; Major pathway of rRNA processing in the nucleolus and cytosol; Formation of a pool of free 40S subunits; GTP hydrolysis and joining of the 60S ribosomal subunit; Nonsense Mediated Decay (NMD) independent of the Exon Junction Complex (EJC); Nonsense Mediated Decay (NMD) enhanced by the Exon Junction Complex (EJC); Ribosome Quality Control (RQC) complex extracts and degrades nascent peptide; PELO:HBS1L and ABCE1 dissociate a ribosome on a non-stop mRNA; ZNF598 and the Ribosome-associated Quality Trigger (RQT) complex dissociate a ribosome stalled on a no-go mRNA
FALSE,High,Master Protein,P02088,Hemoglobin subunit beta-1 [OS=Mus musculus],0,72.575,70,8,160,8,15.8,Hbb-b1,0.369,0.318,0.03692725,0.050600907,72620190.25,164009531.5,337486822.6,218742182.2,110666847.4,280675903,223522552.8,95642951.13,8651720.25,83351393,97225821.5,103255985.5,14681128.5,58691513.5,108210594.5,63840924,,Comprehensive IL-17A signaling,
FALSE,High,Master Protein,P14148,Large ribosomal subunit protein uL30 [OS=Mus musculus],0,72.122,50,13,196,13,31.4,Rpl7,1.963,1.411,0.001289397,0.098487449,313987174.5,227619790,265869404,295835135,196899161,192660448.5,202131048,214538693.5,665326588,427830071,545202926.5,490212476,188842233,260129365,357886275,316435909.5,Acetyl [N-Term],Cytoplasmic ribosomal proteins; mRNA processing,L13a-mediated translational silencing of Ceruloplasmin expression; SRP-dependent cotranslational protein targeting to membrane; Major pathway of rRNA processing in the nucleolus and cytosol; Formation of a pool of free 40S subunits; GTP hydrolysis and joining of the 60S ribosomal subunit; Nonsense Mediated Decay (NMD) independent of the Exon Junction Complex (EJC); Nonsense Mediated Decay (NMD) enhanced by the Exon Junction Complex (EJC); Ribosome Quality Control (RQC) complex extracts and degrades nascent peptide; PELO:HBS1L and ABCE1 dissociate a ribosome on a non-stop mRNA; ZNF598 and the Ribosome-associated Quality Trigger (RQT) complex dissociate a ribosome stalled on a no-go mRNA
FALSE,High,Master Protein,Q8JZQ9,Eukaryotic translation initiation factor 3 subunit B [OS=Mus musculus],0,72.117,33,18,75,18,91.3,Eif3b,21.767,123.848,0.001166277,0.003705292,,1766315.625,2064363,1832141.625,,3186982.25,4015600,,69873256,42050838.25,41084850.5,30605751.5,40679876.75,47362512.75,61592650.5,40883072,,Translation factors; mRNA processing; IL-2 signaling pathway,"L13a-mediated translational silencing of Ceruloplasmin expression; Formation of a pool of free 40S subunits; GTP hydrolysis and joining of the 60S ribosomal subunit; Translation initiation complex formation; Ribosomal scanning and start codon recognition; Formation of the ternary complex, and subsequently, the 43S complex"
FALSE,High,Master Protein,Q9CPR4,Large ribosomal subunit protein uL22 [OS=Mus musculus],0,71.92,50,8,282,7,21.4,Rpl17,1.683,1.234,0.001119461,0.124758108,364813864,233520964.4,240319189,305621945.3,176525077,204116720.5,235482583,214014329.3,606587813,397711511.5,469741442.4,488256300.5,168737580.5,237302695.8,333281169.8,280534039.5,,Cytoplasmic ribosomal proteins,L13a-mediated translational silencing of Ceruloplasmin expression; SRP-dependent cotranslational protein targeting to membrane; Major pathway of rRNA processing in the nucleolus and cytosol; Formation of a pool of free 40S subunits; GTP hydrolysis and joining of the 60S ribosomal subunit; Nonsense Mediated Decay (NMD) independent of the Exon Junction Complex (EJC); Nonsense Mediated Decay (NMD) enhanced by the Exon Junction Complex (EJC); Ribosome Quality Control (RQC) complex extracts and degrades nascent peptide; PELO:HBS1L and ABCE1 dissociate a ribosome on a non-stop mRNA; ZNF598 and the Ribosome-associated Quality Trigger (RQT) complex dissociate a ribosome stalled on a no-go mRNA
FALSE,High,Master Protein,Q9D0M3,"Cytochrome c1, heme protein, mitochondrial [OS=Mus musculus]",0,71.513,43,10,150,10,35.3,Cyc1,1.132,0.475,0.860117911,0.018918442,97427319.63,28770898.63,13782561.5,36354618.5,59527463.75,94958199,74597877.56,49434741.88,58198000.5,35350370.5,20975414.5,37946999,18426544,36696484.5,43540351.25,31065969.25,,,Respiratory electron transport; Complex III assembly
FALSE,High,Master Protein,Q9CZJ2,Heat shock 70 kDa protein 12B [OS=Mus musculus],0,71.282,34,19,110,19,76.1,Hspa12b,1.491,0.795,0.03704581,0.428744584,24302199.13,10690405.13,13617203.5,7572390.25,20562533,29755213.88,25398334.88,27623274,26083044.88,16801230.75,19263274.44,12361396.13,11253924.94,19865671.13,34995334.63,26142363.25,,,Regulation of HSF1-mediated heat shock response
FALSE,High,Master Protein,Q99JB8,Protein kinase C and casein kinase II substrate protein 3 [OS=Mus musculus],0,71.135,48,16,158,16,48.6,Pacsin3,1.924,1.691,0.051126145,0.048005347,27850095,8648047.75,17279197,22430731.25,16804827,17796156.75,15185167,9523750,52759171,30592977,33747696.5,27251987,23628546,24166617.5,30898597,29406249.5,,,Clathrin-mediated endocytosis
FALSE,High,Master Protein,Q8VEK3,Heterogeneous nuclear ribonucleoprotein U [OS=Mus musculus],0,71.087,20,12,133,12,87.9,Hnrnpu,4.608,5.051,0.000323732,0.00044812,30345907.38,18541932.5,17509094,21072352.25,10973597,12977905.25,16662921.5,16027876.94,126163304,85006512.75,107203024.8,97595036.25,45547578.13,61287402,108599699,86579531,Met-loss+Acetyl [N-Term],Mechanisms associated with pluripotency; mRNA processing,mRNA Splicing - Major Pathway; Processing of Capped Intron-Containing Pre-mRNA
FALSE,High,Master Protein,Q9D172,"Glutamine amidotransferase-like class 1 domain-containing protein 3, mitochondrial [OS=Mus musculus]",0,71.044,57,11,131,11,28.1,Gatd3,0.601,0.269,0.058906295,0.000199538,129076500.3,74494834.75,55182009.25,42167427,186674285,302693665.3,238187973.8,177735192,40886190.5,36583305.25,40605276.75,32043104.75,46336396.25,69854822.94,69787570.13,51916882,,,
FALSE,High,Master Protein,O70133,ATP-dependent RNA helicase A [OS=Mus musculus],0,70.835,17,18,107,18,149.4,Dhx9,4.913,6.163,0.004739722,0.024220248,8614093.75,3810993.5,3024102,7146503.5,2829573.375,5699960.375,2507386.25,2146399,32583797.25,24318420.75,24524872.25,23559047.13,13474078.75,9559767,19996887.75,17404875,,Mechanisms associated with pluripotency; mRNA processing,mRNA Splicing - Major Pathway; PKR-mediated signaling; RIP-mediated NFkB activation via ZBP1; DEx/H-box helicases activate type I IFN and inflammatory cytokines production
FALSE,High,Master Protein,Q99MQ4,Asporin [OS=Mus musculus],0,70.746,31,9,97,9,42.5,Aspn,0.591,0.3,0.059333799,0.038626973,75748744.88,46637745.5,37956271,96327702.88,14587345.5,19449880.13,23912168.5,112508305.3,33212471,31176893.5,35455358.75,50277180.25,4018567.625,2706658.5,16963939.5,36716946.25,,,
FALSE,High,Master Protein,Q91WD5,"NADH dehydrogenase [ubiquinone] iron-sulfur protein 2, mitochondrial [OS=Mus musculus]",0,70.326,49,16,159,16,52.6,Ndufs2,2.13,0.39,0.043866733,0.005937493,55291512.25,19676550,7859395,17767910.5,75676640.5,95393301.5,92531965,66474105.88,70549404,40340976.38,31375551,39325081,25496651.5,40180354.75,54534866.5,23946212,,Oxidative phosphorylation; Electron transport chain,Complex I biogenesis
FALSE,High,Master Protein,Q3UIJ9,Myocardial zonula adherens protein [OS=Mus musculus],0,70.246,41,16,108,16,53.9,Myzap,6.059,2.146,0.000897562,0.062202995,12947356,9936559,11907912.13,13037463,15549530.38,18020889.25,51871591.13,17758483,93901225.5,55296181.5,78553270.5,52323332,32668940.63,46766670.38,51602166.5,38924940.25,,,
FALSE,High,Master Protein,Q9D0F9,Phosphoglucomutase-1 [OS=Mus musculus],0,70.143,36,16,113,15,61.4,Pgm1,1.197,0.375,0.094406042,0.029306594,29522526.25,50208708.75,32887494.75,36187170.75,8083444,19228834.5,16406998.88,17833593.38,38547675.5,55135839,43041352.5,36372402.5,2152275,10132048.75,9037104.25,3215735,,Glucuronidation; Purine metabolism; Glycogen metabolism,Neutrophil degranulation; Glycogen breakdown (glycogenolysis); Galactose catabolism; Glycogen synthesis
FALSE,High,Master Protein,P60843,Eukaryotic initiation factor 4A-I [OS=Mus musculus],0,69.683,47,14,110,6,46.1,Eif4a1,5.417,1000,0.01140457,,5349334,3207783.75,3093030.5,5902349.75,,,,,40698912,16756966,17373594.25,12461429.25,2343450.438,,2599880.25,1320185.875,,Translation factors,L13a-mediated translational silencing of Ceruloplasmin expression; GTP hydrolysis and joining of the 60S ribosomal subunit; Translation initiation complex formation; Ribosomal scanning and start codon recognition; ISG15 antiviral mechanism; Deadenylation of mRNA
FALSE,High,Master Protein,Q6ZWV3,Large ribosomal subunit protein uL16 [OS=Mus musculus],0,69.566,42,9,175,9,24.6,Rpl10,2.744,1.56,0.001358371,0.015592078,113592515.5,77087018.25,73441205.75,105609516,64153647.63,85929278.25,90167827.38,80563255.25,316956976.8,208072647,273938238.5,258257415,81323814.63,119483326,162263770.8,141068476.5,,Cytoplasmic ribosomal proteins,L13a-mediated translational silencing of Ceruloplasmin expression; Formation of a pool of free 40S subunits; GTP hydrolysis and joining of the 60S ribosomal subunit; SRP-dependent cotranslational protein targeting to membrane; Major pathway of rRNA processing in the nucleolus and cytosol; Nonsense Mediated Decay (NMD) independent of the Exon Junction Complex (EJC); Nonsense Mediated Decay (NMD) enhanced by the Exon Junction Complex (EJC); Ribosome Quality Control (RQC) complex extracts and degrades nascent peptide; PELO:HBS1L and ABCE1 dissociate a ribosome on a non-stop mRNA; ZNF598 and the Ribosome-associated Quality Trigger (RQT) complex dissociate a ribosome stalled on a no-go mRNA
FALSE,High,Master Protein,Q8VIJ6,"Splicing factor, proline- and glutamine-rich [OS=Mus musculus]",0,69.347,22,14,125,13,75.4,Sfpq,3.295,3.061,0.037069343,0.01472714,3078691.5,11622277,12649303.75,21444998.75,11513521.38,6343299.5,8425765.25,12275992.25,44469752,41395215.75,28993490.75,65375697,22365859.5,17363701.75,48810497,42010883.25,,mRNA processing,PTK6 Regulates Proteins Involved in RNA Processing
FALSE,High,Master Protein,Q9DBR7,Protein phosphatase 1 regulatory subunit 12A [OS=Mus musculus],0,69.25,22,18,121,16,114.9,Ppp1r12a,6.76,1000,2.25504E-05,,4739156.5,2930814.5,2442326.5,5160516.5,,,,,34336544,19435814.94,14571740.38,35561844.25,10098660.5,11219377.88,23540223.63,7763434,,Regulation of actin cytoskeleton; Focal adhesion,Regulation of PLK1 Activity at G2/M Transition; RHO GTPases activate PKNs; RHO GTPases activate PAKs
FALSE,High,Master Protein,Q9QYG0,Protein NDRG2 [OS=Mus musculus],0,69.036,51,10,95,10,40.8,Ndrg2,5.997,2.932,0.000816934,0.014239732,9280857,6465492.5,5746887,5867930,6932957,9747834,10411754,7629953,38062428.75,42341613,42026502.75,32219591.25,11359183.25,28558003.25,44910058.75,22385887.5,Acetyl [N-Term],,
FALSE,High,Master Protein,Q99LC3,"NADH dehydrogenase [ubiquinone] 1 alpha subcomplex subunit 10, mitochondrial [OS=Mus musculus]",0,68.824,47,12,129,12,40.6,Ndufa10,1.693,0.516,0.009184933,0.011347549,58329047,32993480,21359976,46638233.5,82076807,140559442,109722400,74354059,95544711,57713508.5,42447219.5,61980995.5,32541841.25,63270241,72885253.5,43921735.25,,Oxidative phosphorylation; Electron transport chain,Complex I biogenesis
FALSE,High,Master Protein,Q60936,"Atypical kinase COQ8A, mitochondrial [OS=Mus musculus]",0,68.571,25,13,92,13,71.7,Coq8a,8.957,2.213,0.031490824,0.00519719,,701214.3125,3522341.375,2062763.5,19520237.5,20678686.5,23245712.5,18908034.5,15493490.25,9805438.5,15190268.5,11835320,32418363.13,44075247.25,64374511.5,43453374.5,,,Ubiquinol biosynthesis
FALSE,High,Master Protein,Q99JR5,Tubulointerstitial nephritis antigen-like [OS=Mus musculus],0,68.486,54,16,114,16,52.6,Tinagl1,0.063,0.063,0.000834843,4.43851E-05,15790682.38,7809240.859,5329151.039,7537188.828,5225979.742,4697068.961,6613499.477,4863750.359,549872.6875,425822.7578,477367.75,553949.2813,293555.2031,297612.7031,408111,388148.3828,,,
FALSE,High,Master Protein,Q3UQ84,"Threonine--tRNA ligase, mitochondrial [OS=Mus musculus]",0,68.465,31,20,102,20,81.6,Tars2,15.837,18.521,0.000315452,0.000199025,9058567.5,10715014.5,8833633.25,5235526.125,5924557.75,8766736.5,6285385.75,12308243,149411573.5,117513657.5,134330583.5,115973000.8,115538841.6,154205936.5,181400277.3,190759568.5,,,
FALSE,High,Master Protein,Q921I1,Serotransferrin [OS=Mus musculus],0,68.363,33,18,79,18,76.7,Tf,1000,1000,,,,,,1788494,,,,,24430383.06,47340138.25,30670933.94,37388976.25,6524606,31924182.94,19595710.5,23441068.13,,Iron homeostasis,Cargo recognition for clathrin-mediated endocytosis; Platelet degranulation ; Regulation of Insulin-like Growth Factor (IGF) transport and uptake by Insulin-like Growth Factor Binding Proteins (IGFBPs); Post-translational protein phosphorylation; Transferrin endocytosis and recycling
FALSE,High,Master Protein,P11404,"Fatty acid-binding protein, heart [OS=Mus musculus]",0,68.173,77,11,264,11,14.8,Fabp3,1.296,0.682,0.060558805,0.358168179,210671439.9,401042323.1,317288968.5,255570176.4,270170220.5,365553545.3,421615898.3,170986818.8,302585212.9,414431696.4,377679557.8,360465527.3,146870088.7,214925471,333114794.6,252960926.3,Acetyl [N-Term]; Met-loss+Acetyl [N-Term],PPAR signaling pathway; Fatty acid beta-oxidation (streamlined),Triglyceride catabolism
FALSE,High,Master Protein,P82350,Alpha-sarcoglycan [OS=Mus musculus],0,67.702,53,15,148,15,43.3,Sgca,1000,0.369,,,,,4796037.5,,3081029.25,,,6870809.5,4099206,3286783.25,3108084.5,4987688,,2379471.5,,2535984.75,,,Formation of the dystrophin-glycoprotein complex (DGC)
FALSE,High,Master Protein,Q64337,Sequestosome-1 [OS=Mus musculus],0,67.035,48,10,48,10,48.1,Sqstm1,14.166,,0.016536321,,5722546.875,1163321.875,,2671295.5,,,,,43842620.5,25140776.5,15384575.75,24805058.5,,,,,,IL-1 signaling pathway,PINK1-PRKN Mediated Mitophagy; Pexophagy; Interleukin-1 signaling; KEAP1-NFE2L2 pathway; p75NTR recruits signalling complexes; NF-kB is activated and signals survival; NRIF signals cell death from the nucleus
FALSE,High,Master Protein,Q9CQ19,Myosin regulatory light polypeptide 9 [OS=Mus musculus],0,66.837,62,8,152,3,19.8,Myl9,,,,,,,,,,,,,,,,,,,,,,Striated muscle contraction,Smooth Muscle Contraction; RHO GTPases activate PAKs
FALSE,High,Master Protein,P47740,Aldehyde dehydrogenase family 3 member A2 [OS=Mus musculus],0,66.449,25,11,82,11,53.9,Aldh3a2,1.813,0.392,0.010858585,0.002473216,45039669.5,34191035.25,33389627.75,40302716,4591138.188,3441140.375,6263576.25,3721829.5,87464501.5,46053462.25,70695199.25,68213408,1260080.75,1363035.25,2425114,1661853.625,,Tryptophan metabolism,Insertion of tail-anchored proteins into the endoplasmic reticulum membrane; RND2 GTPase cycle; RND1 GTPase cycle; Sphingolipid catabolism; Alpha-oxidation of phytanate; Class I peroxisomal membrane protein import
FALSE,High,Master Protein,Q62446,Peptidyl-prolyl cis-trans isomerase FKBP3 [OS=Mus musculus],0,66.44,41,7,119,7,25.1,Fkbp3,2.478,1.934,0.001281341,0.006551263,96892014,71233686.5,64013640.5,84161936,22750350.88,32907134,16688988.25,27834091,240675985.5,176051742.5,218841452.5,203686094,38737448.13,56521926.5,43764431.88,60606204.5,,,
FALSE,High,Master Protein,P30999,Catenin delta-1 [OS=Mus musculus],0,66.246,28,20,101,20,104.9,Ctnnd1,2.894,4.005,0.00028315,0.007311909,8576305,5319164,4822116.75,6038019,4203806.5,1618020,4733592.75,4313425.5,23155943.5,17280938,14961986.5,15676077,12189769.13,13817194.25,19177936.75,17076832,,EGFR1 signaling pathway; Wnt signaling pathway and pluripotency,Adherens junctions interactions; Degradation of CDH1; Regulation of CDH11 function; VEGFR2 mediated vascular permeability; Regulation of CDH1 Function
FALSE,High,Master Protein,Q9JIF9,Myotilin [OS=Mus musculus],0,65.966,45,17,80,17,55.3,Myot,1000,3.141,,0.000809794,,,,,11505967.5,22196645.25,8357454.75,10089043.5,2832022,,1291349.375,,33771773.75,62417207.5,34339546,33913657,Acetyl [N-Term],,
FALSE,High,Master Protein,P97351,Small ribosomal subunit protein eS1 [OS=Mus musculus],0,65.921,51,13,225,13,29.9,Rps3a,1.637,1.13,0.001160774,0.097147872,129363777.8,79730416.25,87820584.75,94099819.75,90451524.25,98203352.38,109193016.9,91441380.25,209030768,129666416.5,170044055,155035831.5,93085001,111855869.5,151362817,102579103.5,,Cytoplasmic ribosomal proteins,"L13a-mediated translational silencing of Ceruloplasmin expression; SRP-dependent cotranslational protein targeting to membrane; Major pathway of rRNA processing in the nucleolus and cytosol; Formation of a pool of free 40S subunits; GTP hydrolysis and joining of the 60S ribosomal subunit; Nonsense Mediated Decay (NMD) independent of the Exon Junction Complex (EJC); Nonsense Mediated Decay (NMD) enhanced by the Exon Junction Complex (EJC); PELO:HBS1L and ABCE1 dissociate a ribosome on a non-stop mRNA; ZNF598 and the Ribosome-associated Quality Trigger (RQT) complex dissociate a ribosome stalled on a no-go mRNA; Translation initiation complex formation; Formation of the ternary complex, and subsequently, the 43S complex; Ribosomal scanning and start codon recognition"
FALSE,High,Master Protein,P84091,AP-2 complex subunit mu [OS=Mus musculus],0,65.795,40,15,122,15,49.6,Ap2m1,2.569,3.539,0.011594693,0.016516752,58230892.75,28519592.25,27827385.75,22582809,11787851.25,8481575,11733558.5,15330304.75,92479807,71979644.63,96829232.13,59049480,21184995,41990496,55056849.75,40919750,,,"Cargo recognition for clathrin-mediated endocytosis; VLDLR internalisation and degradation; MHC class II antigen presentation; Recycling pathway of L1; LDL clearance; Trafficking of GluR2-containing AMPA receptors; Retrograde neurotrophin signalling; Formation of annular gap junctions; WNT5A-dependent internalization of FZD4; WNT5A-dependent internalization of FZD2, FZD5 and ROR2"
FALSE,High,Master Protein,P51885,Lumican [OS=Mus musculus],0,65.729,38,10,101,10,38.2,Lum,0.409,0.522,0.001098695,0.002656159,113714742,85534286,57274044.25,128655615.8,17807562.13,19416446.13,25309583.38,76333088.75,47125534.5,31703082.75,29348508.25,51842374.5,8139641.75,11309738.13,15070363.5,35695637,,,Integrin cell surface interactions; Keratan sulfate degradation; Keratan sulfate biosynthesis
FALSE,High,Master Protein,Q8CIE6,Coatomer subunit alpha [OS=Mus musculus],0,65.598,21,19,75,19,138.3,Copa,10.276,118.546,0.002208246,0.035008109,4509918.25,1881415.125,1514005.125,1128772,,946606.3125,,943289.875,29926799.88,16458190.5,31057442.5,13626182.63,3107862.75,13302845.69,17863573.88,10061251.5,,,COPI-dependent Golgi-to-ER retrograde traffic; COPI-mediated anterograde transport
FALSE,High,Master Protein,Q3THE2,Myosin regulatory light chain 12B [OS=Mus musculus],0,65.498,51,8,151,3,19.8,Myl12b,1000,1000,,,,,,2697393.25,,,,,4038288.75,5141152.5,7410025,9159896,,3594052.5,5283638,4705902.5,,,Smooth Muscle Contraction; RHO GTPases activate PAKs
FALSE,High,Master Protein,P99027,Large ribosomal subunit protein P2 [OS=Mus musculus],0,65.073,77,7,90,7,11.6,Rplp2,5.573,4.601,0.00012086,0.005010823,27112840,24185377,18147948,30539643,13034480.5,12982980,5199566.5,17199825,162118771.8,122195167.9,121977283,158640472,44068439.25,61830966,49196218,76467062.75,,Cytoplasmic ribosomal proteins,L13a-mediated translational silencing of Ceruloplasmin expression; SRP-dependent cotranslational protein targeting to membrane; Major pathway of rRNA processing in the nucleolus and cytosol; Formation of a pool of free 40S subunits; GTP hydrolysis and joining of the 60S ribosomal subunit; Nonsense Mediated Decay (NMD) independent of the Exon Junction Complex (EJC); Nonsense Mediated Decay (NMD) enhanced by the Exon Junction Complex (EJC); PELO:HBS1L and ABCE1 dissociate a ribosome on a non-stop mRNA; ZNF598 and the Ribosome-associated Quality Trigger (RQT) complex dissociate a ribosome stalled on a no-go mRNA; Ribosome Quality Control (RQC) complex extracts and degrades nascent peptide
FALSE,High,Master Protein,P52825,"Carnitine O-palmitoyltransferase 2, mitochondrial [OS=Mus musculus]",0,64.741,34,16,110,16,73.9,Cpt2,4.982,0.569,0.006159483,0.002291061,2440014,1713335.625,4366539.5,1151132,14332728.5,17140710.25,21269704.25,12792200.25,13483265,7694249.875,10786810.5,7778398.75,6638140.875,10335938.25,12741049.25,6902325.75,,Fatty acid beta-oxidation; PPAR signaling pathway; Fatty acid beta-oxidation (streamlined); Mitochondrial long chain fatty acid beta-oxidation,Carnitine shuttle
FALSE,High,Master Protein,Q9CQA3,"Succinate dehydrogenase [ubiquinone] iron-sulfur subunit, mitochondrial [OS=Mus musculus]",0,64.726,40,11,141,11,31.8,Sdhb,1.481,0.619,0.063248237,0.00615242,73836660.5,43359152.25,30411125.25,40290589.5,140386727.5,212101781.1,214913691,137752716.1,108666429.3,64659187.63,57152778.25,41336542,67618358,123185492.5,143357536.3,90738926.5,,Electron transport chain; TCA cycle,Maturation of TCA enzymes and regulation of TCA cycle; Citric acid cycle (TCA cycle)
FALSE,High,Master Protein,Q9QZF2,Glypican-1 [OS=Mus musculus],0,64.527,41,14,81,14,61.3,Gpc1,1000,1000,,,,,,2094295.375,,,,,26617078,20949376,26951689.5,30689101.5,6965933.625,2890603.25,14773566,14302077.5,,,Signaling by ROBO receptors; Cell surface interactions at the vascular wall; Retinoid metabolism and transport; Glycosaminoglycan-protein linkage region biosynthesis; HS-GAG biosynthesis; HS-GAG degradation
FALSE,High,Master Protein,Q70KF4,Cardiomyopathy-associated protein 5 [OS=Mus musculus],0,64.406,8,20,51,20,412.8,Cmya5,99.956,15.982,0.056030115,0.006588527,,,515979.0625,677753.5,1688313.875,1070084.75,,1133672.875,1329618.063,2229757.813,3549303,6771593.188,14419611,17354078.44,18064474.75,17855392.81,,,
FALSE,High,Master Protein,O08663,Methionine aminopeptidase 2 [OS=Mus musculus],0,64.358,31,12,107,12,52.9,Metap2,0.616,0.378,0.653576986,0.015961042,67469064.75,66057751.38,73895576.63,1267846.75,62814672,,82765848,77963404.63,45010730.38,37585049.38,41369651.72,45893700.53,15523103.06,23029974.88,32287695,28503022,,,"Inactivation, recovery and regulation of the phototransduction cascade"
FALSE,High,Master Protein,P09541,Myosin light chain 4 [OS=Mus musculus],0,64.236,69,12,57,10,21.1,Myl4,0.036,1.216,,,,3812678.75,,2717356.25,,,,152149300.5,,,,3529709.125,,,,184962613.8,,,Striated Muscle Contraction
FALSE,High,Master Protein,Q91VR2,"ATP synthase F(1) complex subunit gamma, mitochondrial [OS=Mus musculus]",0,64.135,31,9,223,9,32.9,Atp5f1c,0.815,0.282,0.02380605,0.000912377,466277396.8,254898324.1,241658046.9,217394460.8,688424414.5,939449618,1033332453,615086663.3,323956690,205246284.1,199274584.3,193901507.1,152335280.5,236868156.3,344948471,194269009.3,,Electron transport chain,Mitochondrial protein degradation; Formation of ATP by chemiosmotic coupling; Cristae formation
FALSE,High,Master Protein,P04117,"Fatty acid-binding protein, adipocyte [OS=Mus musculus]",0,63.878,57,9,142,9,14.6,Fabp4,0.998,0.698,0.642710774,0.075635365,91458305.75,131708037.8,90159204.13,88486617,103795202.9,122812626.4,155478972.8,103220310,76741723.25,129040008.3,96816620.88,89906171.5,61386619.5,72062827.75,148366700.4,84940123.25,Acetyl [N-Term]; Met-loss+Acetyl [N-Term],PPAR signaling pathway; Fatty acid beta-oxidation (streamlined); Adipogenesis genes,Triglyceride catabolism
FALSE,High,Master Protein,O70325,Phospholipid hydroperoxide glutathione peroxidase GPX4 [OS=Mus musculus],0,63.824,49,10,121,10,22.2,Gpx4,2.305,0.921,0.000955068,0.500916661,118562951.5,69047683.5,60335290.25,85297037.5,40776133.5,37477013.38,48899042.5,35169795.13,238935096,172612491.8,158572356.5,181243256,24812339.28,46432765.75,43823090.75,33279082,,Selenium metabolism / selenoproteins; Metapathway biotransformation; Selenium micronutrient network; Folic acid network; Glutathione metabolism; One-carbon metabolism and related pathways; Oxidative stress and redox pathway; Glutathione and one-carbon metabolism,Synthesis of 15-eicosatetraenoic acid derivatives; Synthesis of 12-eicosatetraenoic acid derivatives; Biosynthesis of D-series resolvins; Biosynthesis of E-series 18(S)-resolvins; Biosynthesis of aspirin-triggered D-series resolvins; Biosynthesis of E-series 18(R)-resolvins
FALSE,High,Master Protein,E9PWZ3,Large ribosomal subunit protein uL3-like [OS=Mus musculus],0,63.76,38,11,60,10,46.5,Rpl3l,1000,1.512,,0.093598355,,,,,23412365.75,61742081.75,48494390.25,24151572.75,2524560.5,,1190297.375,,36331929.25,61025750,71442132,53906716.75,,,L13a-mediated translational silencing of Ceruloplasmin expression; SRP-dependent cotranslational protein targeting to membrane; Major pathway of rRNA processing in the nucleolus and cytosol; Formation of a pool of free 40S subunits; GTP hydrolysis and joining of the 60S ribosomal subunit; Nonsense Mediated Decay (NMD) independent of the Exon Junction Complex (EJC); Nonsense Mediated Decay (NMD) enhanced by the Exon Junction Complex (EJC); Ribosome Quality Control (RQC) complex extracts and degrades nascent peptide; PELO:HBS1L and ABCE1 dissociate a ribosome on a non-stop mRNA; ZNF598 and the Ribosome-associated Quality Trigger (RQT) complex dissociate a ribosome stalled on a no-go mRNA
FALSE,High,Master Protein,Q9Z204,Heterogeneous nuclear ribonucleoproteins C1/C2 [OS=Mus musculus],0,63.618,47,12,117,12,34.4,Hnrnpc,3.878,2.903,0.00038301,0.001942411,30906350.38,23911882.75,18376179,36923516.5,17144865.5,13497826,20268254,20620015.25,125030163.8,88905752.5,89915665.75,125773816.5,40902156.25,39458809.13,80770838.5,59423015.25,,mRNA processing,mRNA Splicing - Major Pathway; Processing of Capped Intron-Containing Pre-mRNA; SUMOylation of RNA binding proteins; RHOBTB1 GTPase cycle; RHOBTB2 GTPase cycle
FALSE,High,Master Protein,Q64516,Glycerol kinase [OS=Mus musculus],0,63.046,34,16,70,16,61.2,Gk,0.983,0.001,0.508637529,,72863727,42528008.13,32659997.5,37406987.5,5051820.875,1077153.25,8056861.688,1481311.469,60093833.75,43204501,34742099.5,35552152.5,,,,,,Fatty acid beta-oxidation; PPAR signaling pathway; Triacylglyceride synthesis,Triglyceride biosynthesis
FALSE,High,Master Protein,Q9CR68,"Cytochrome b-c1 complex subunit Rieske, mitochondrial [OS=Mus musculus]",0,62.706,35,10,112,10,29.3,Uqcrfs1,0.948,0.418,0.170873872,0.014584303,108380347.5,62972131,32695872,77386158,117581667.5,161980489,115660441.3,76842166.75,107187696,57235093.88,32661628.5,66200690,25472546.38,66377748,61017398,32754758.25,,Electron transport chain,Respiratory electron transport; Complex III assembly
FALSE,High,Master Protein,Q5FW53,Myosin-binding protein H-like [OS=Mus musculus],0,62.667,55,12,19,12,38.7,Mybphl,84.674,3.045,0.163272103,0.137846546,,690509.4375,,1741210.75,1053132.625,1234789.375,,40351229,6332334.5,4950714.75,4435957.125,5506486.25,1205887.75,3947398.5,5756621,117015104.3,Acetyl [N-Term],,
FALSE,High,Master Protein,O54931,PALM2-AKAP2 fusion protein [OS=Mus musculus],0,62.564,20,16,86,16,120.7,Pakap,1000,1000,,,,,,,,,,,32590709.5,26121022.25,27060351.63,28520057.25,10875929.25,12123198.75,20036993.5,14351421.75,,,
FALSE,High,Master Protein,P63101,14-3-3 protein zeta/delta [OS=Mus musculus],0,62.257,46,13,123,9,27.8,Ywhaz,2.136,0.856,0.00211855,0.684820783,24860711.5,28386294,17505835.75,26255305.75,7172802,13721200.5,4912124.5,11587160.63,55937792.5,57565848,42075308,45087231.75,6483971.5,10611837.13,16125299.75,9382156.375,,IL-5 signaling pathway; TNF-alpha NF-kB signaling pathway; IL-3 signaling pathway; Myometrial relaxation and contraction pathways; Alpha 6 beta 4 integrin signaling pathway; Calcium regulation in cardiac cells,"TP53 Regulates Metabolic Genes; Activation of BAD and translocation to mitochondria ; RHO GTPases activate PKNs; Chk1/Chk2(Cds1) mediated inactivation of Cyclin B:Cdk1 complex; Rap1 signalling; GP1b-IX-V activation signalling; Interleukin-3, Interleukin-5 and GM-CSF signaling; Deactivation of the beta-catenin transactivating complex; Regulation of localization of FOXO transcription factors; NOTCH4 Activation and Transmission of Signal to the Nucleus; KSRP (KHSRP) binds and destabilizes mRNA"
FALSE,High,Master Protein,P62754,Small ribosomal subunit protein eS6 [OS=Mus musculus],0,62.228,33,8,127,8,28.7,Rps6,1.607,1.178,0.00138155,0.202590687,123534928.6,73113387.19,78711618,76879249.44,76526472.06,97596671,94173813.19,92709820.69,193634728.8,116030946.8,149146261.3,125092383.8,72134713.75,104092111.4,143012261,120596548.8,,Cytoplasmic ribosomal proteins; B cell receptor signaling pathway; Focal adhesion: PI3K-Akt-mTOR signaling pathway; mRNA processing,"L13a-mediated translational silencing of Ceruloplasmin expression; Formation of a pool of free 40S subunits; GTP hydrolysis and joining of the 60S ribosomal subunit; Translation initiation complex formation; Formation of the ternary complex, and subsequently, the 43S complex; Ribosomal scanning and start codon recognition; SRP-dependent cotranslational protein targeting to membrane; Major pathway of rRNA processing in the nucleolus and cytosol; Nonsense Mediated Decay (NMD) independent of the Exon Junction Complex (EJC); Nonsense Mediated Decay (NMD) enhanced by the Exon Junction Complex (EJC); PELO:HBS1L and ABCE1 dissociate a ribosome on a non-stop mRNA; ZNF598 and the Ribosome-associated Quality Trigger (RQT) complex dissociate a ribosome stalled on a no-go mRNA; Protein hydroxylation; mTORC1-mediated signalling"
FALSE,High,Master Protein,Q8BH95,"Enoyl-CoA hydratase, mitochondrial [OS=Mus musculus]",0,62.179,38,9,169,9,31.5,Echs1,0.945,0.327,0.995711918,6.59369E-05,98571628.88,68021830.25,60312875.25,63733015.63,184246547,244553878.8,284522605,220815688,92681122.5,60875455.25,75270733.25,60583390,58438483,73526495.5,100249838,74515911.5,,Fatty acid beta-oxidation; Fatty acid biosynthesis; Fatty acid beta-oxidation (streamlined); Tryptophan metabolism,Branched-chain amino acid catabolism; Beta oxidation of decanoyl-CoA to octanoyl-CoA-CoA; Beta oxidation of octanoyl-CoA to hexanoyl-CoA; Beta oxidation of lauroyl-CoA to decanoyl-CoA-CoA; Beta oxidation of hexanoyl-CoA to butanoyl-CoA; Beta oxidation of butanoyl-CoA to acetyl-CoA
FALSE,High,Master Protein,Q9CYT6,Adenylyl cyclase-associated protein 2 [OS=Mus musculus],0,62.106,45,14,90,13,52.8,Cap2,7.255,8.948,0.011074533,0.001403988,3784037,7153559.5,7035974.75,23577206,2023125.875,3053357.5,2140885.5,3312961,43928260.5,53812676,49236841.5,58916411.75,14825096.13,19150478,31499298,36198983.25,Acetyl [N-Term],,
FALSE,High,Master Protein,Q921H8,"3-ketoacyl-CoA thiolase A, peroxisomal [OS=Mus musculus]",0,62.03,53,13,58,13,43.9,Acaa1a,0.572,1000,0.007255342,,25762892.5,14140088,17291184,10955538,1031572,,,,19122401.5,7203046.75,10037109,6179155.5,,1093544.125,6884752.75,1121176.75,,PPAR signaling pathway; Eicosanoid metabolism via cyclooxygenases (COX),
FALSE,High,Master Protein,P26638,"Serine--tRNA ligase, cytoplasmic [OS=Mus musculus]",0,61.844,36,16,73,16,58.4,Sars1,2.344,3.038,0.015743869,,21916207.69,19950970.63,14338218.28,24025456.25,1519939.875,1192637.375,,,55741299.38,43103433.63,58085905.38,40862086.63,,3623198,,1095146.625,Met-loss [N-Term],Selenium metabolism / selenoproteins,
FALSE,High,Master Protein,Q9Z2I8,"Succinate--CoA ligase [GDP-forming] subunit beta, mitochondrial [OS=Mus musculus]",0,61.67,38,13,69,13,46.8,Suclg2,5.855,2.938,0.002936193,0.029740591,7651953.75,6839278.5,5491075,3225884.75,4803439.25,8734574,2609039.25,2676574.5,27264536.63,32259452.75,44954102.75,23448181.38,9785850,15952911.59,16125471.88,11343877.75,,TCA cycle,Mitochondrial protein degradation; Citric acid cycle (TCA cycle)
FALSE,High,Master Protein,Q99020,Heterogeneous nuclear ribonucleoprotein A/B [OS=Mus musculus],0,61.365,37,9,111,8,30.8,Hnrnpab,2.215,0.994,0.001584426,0.629696865,36851209.25,28649720.75,25877839.63,48064795.75,12747520.75,16335547.75,21624915.13,13892874.38,84768925.5,63306340.75,57457325.25,82648968,11814756.13,15036074.75,28392186,14820811.63,,mRNA processing,
FALSE,High,Master Protein,P15864,Histone H1.2 [OS=Mus musculus],0,61.338,28,7,230,2,21.3,H1-2,1.352,0.024,0.668801283,,,,4365278,1843007,3010661,,,4591876.5,,2793092.5,4021898.25,2492054,1668216.125,,,,Met-loss [N-Term]; Acetyl [N-Term]; Met-loss+Acetyl [N-Term],,Formation of Senescence-Associated Heterochromatin Foci (SAHF); Apoptosis induced DNA fragmentation
FALSE,High,Master Protein,Q61033,"Lamina-associated polypeptide 2, isoforms alpha/zeta [OS=Mus musculus]",0,61.251,23,11,71,2,75.1,Tmpo,,,,,,,,,,,,,,,,,,,,,Met-loss [N-Term],,
FALSE,High,Master Protein,P57776,Elongation factor 1-delta [OS=Mus musculus],0,61.149,42,11,96,10,31.3,Eef1d,2.773,2.279,0.000580615,0.003112329,16412126.5,13968934.5,11381609.5,18673648.5,10972874.5,12712570.5,11130220,12844619,54396739.5,33519877,31243810.5,52305443.5,22454742,31096689.25,35444708.75,27272574,Acetyl [N-Term]; Met-loss+Acetyl [N-Term],Translation factors,Eukaryotic Translation Elongation
FALSE,High,Master Protein,Q3UH68,LIM and calponin homology domains-containing protein 1 [OS=Mus musculus],0,60.874,23,15,74,15,118.1,Limch1,1000,1000,,,,,,,,,,,,1946219.375,4785091.625,3047847.25,6711863.125,9915072,15172920.5,14016536.5,,,
FALSE,High,Master Protein,Q91YQ5,Dolichyl-diphosphooligosaccharide--protein glycosyltransferase subunit 1 [OS=Mus musculus],0,60.733,37,18,100,18,68.5,Rpn1,2.861,2.081,5.24257E-06,0.006971586,18015126.5,11590866.5,12178571.75,11556915.25,3969002.75,6718985.75,6984786,7326732,51194990.25,33380902.25,34163329.5,34607630,7175613.813,13078178.63,21739402.13,16294368.25,,Proteasome degradation,Regulation of CDH1 posttranslational processing and trafficking to plasma membrane; PD-L1(CD274) glycosylation and translocation to plasma membrane
FALSE,High,Master Protein,P08752,Guanine nucleotide-binding protein G(i) subunit alpha-2 [OS=Mus musculus],0,60.671,49,12,78,11,40.5,Gnai2,1.475,1.127,0.250227323,0.260482279,6176904,10917350.25,1437174.625,5370474.875,2416473,4356498.625,5201028.875,4194437.625,8925139,8871548,7380054.5,8090044,,5769921,4989051.5,7079112,,Chemokine signaling pathway; G protein signaling pathways; Calcium regulation in cardiac cells; Signal transduction of S1P receptor,"G alpha (i) signalling events; Adenylate cyclase inhibitory pathway; ADP signalling through P2Y purinoceptor 12; Adrenaline,noradrenaline inhibits insulin secretion; Extra-nuclear estrogen signaling"
FALSE,High,Master Protein,P43275,Histone H1.1 [OS=Mus musculus],0,60.662,33,7,96,6,21.8,H1-1,0.199,0.15,0.001947058,0.005086302,75059453.5,69558610.5,71141518,103078708,19733783.13,27177970,36304053.5,37489612.5,16171047.69,12846251.75,11098244,32638845,2518523.25,3198104.5,12129752.38,6628408,Acetyl [N-Term]; Met-loss+Acetyl [N-Term],,Formation of Senescence-Associated Heterochromatin Foci (SAHF); Apoptosis induced DNA fragmentation
FALSE,High,Master Protein,Q9Z1N5,Spliceosome RNA helicase Ddx39b [OS=Mus musculus],0,60.457,45,14,85,14,49,Ddx39b,1.194,1.908,0.263860051,0.001628025,41110404.75,26603250.25,24556860.13,30276533.25,10812364.63,10167941,12167924.75,13717624.88,38266581.75,39667561.25,24174136.5,43829958.25,16676123.63,19642414.25,23395728.75,25974122,,miRNAs and TFs in iPS Cell Generation; mRNA processing,Transport of Mature mRNA derived from an Intron-Containing Transcript; mRNA Splicing - Major Pathway; mRNA 3'-end processing; RNA Polymerase II Transcription Termination; RHOBTB2 GTPase cycle
FALSE,High,Master Protein,Q9CQE8,"RNA transcription, translation and transport factor protein [OS=Mus musculus]",0,60.387,63,13,85,13,28.1,RTRAF,3.181,4.741,0.006259301,0.01270255,14017989.75,14142011.13,8726471.25,24697004.5,10807341.75,4109868,5777800.75,5593140,46763170.5,32279355.63,46111230.75,74923550,20385973.88,24328507.63,30304740.75,23964168.75,,,
FALSE,High,Master Protein,Q8BPB5,EGF-containing fibulin-like extracellular matrix protein 1 [OS=Mus musculus],0,60.243,39,13,54,13,54.9,Efemp1,0.001,,,,10562832,6370545.25,3010649.25,1786475.75,,,,,,,,,,,,,,,
FALSE,High,Master Protein,Q9DCM2,Glutathione S-transferase kappa 1 [OS=Mus musculus],0,60.235,56,10,65,10,25.7,Gstk1,1000,0.363,,0.010195772,,,1375096.75,,54253645.5,58451032.75,67265415,35787449.5,1119056.875,1082288.875,1984573.188,2243592.563,12634042.75,17727497,34688936.5,15558541.75,,Metapathway biotransformation; Oxidative stress and redox pathway,Glutathione conjugation; Peroxisomal protein import
FALSE,High,Master Protein,Q8K310,Matrin-3 [OS=Mus musculus],0,59.593,21,13,101,13,94.6,Matr3,10.671,1000,0.005994476,,3011016.25,1999891.625,,6152639.5,,,2143835,,31858350,21523278.25,35976299,39333392.5,13466621.5,14013969.5,21735427,16545143.5,,mRNA processing,
FALSE,High,Master Protein,P10853,Histone H2B type 1-F/J/L [OS=Mus musculus],0,59.21,48,7,418,3,13.9,H2bc11; H2bc13; H2bc15; H2bc7,0.175,0.085,1.38408E-05,0.000919795,2491400000,1583064921,1744330819,2303667308,1462756632,1446588792,1830039496,1935746089,403547200,299404792,309871014,397886836,103244776,87704348,250105514,196644824,,Exercise-induced circadian regulation,Recruitment and ATM-mediated phosphorylation of repair and signaling proteins at DNA double strand breaks; Processing of DNA double-strand break ends; E3 ubiquitin ligases ubiquitinate target proteins; Regulation of endogenous retroelements by KRAB-ZFP proteins; Recognition and association of DNA glycosylase with site containing an affected purine; Cleavage of the damaged purine; Condensation of Prophase Chromosomes; DNA Damage/Telomere Stress Induced Senescence; Nonhomologous End-Joining (NHEJ); G2/M DNA damage checkpoint; Inhibition of DNA recombination at telomere; Deposition of new CENPA-containing nucleosomes at the centromere; HDACs deacetylate histones; HATs acetylate histones; RUNX1 regulates genes involved in megakaryocyte differentiation and platelet function; Estrogen-dependent gene expression; PRC2 methylates histones and DNA; Negative Regulation of CDH1 Gene Transcription; MLL4 and MLL3 complexes regulate expression of PPARG target genes in adipogenesis and hepatic steatosis; Regulation of PD-L1(CD274) transcription
FALSE,High,Master Protein,P47738,"Aldehyde dehydrogenase, mitochondrial [OS=Mus musculus]",0,59,35,14,82,14,56.5,Aldh2,0.553,0.981,0.008254864,0.700759066,122775830.5,80751634.13,70920521.13,54334790,20039944.56,40223590.5,30918988.25,58792522.63,49621090.75,46445464.25,37676647.75,35339556.75,18788299.5,41261847.5,41686092.25,33423006.5,,Fatty acid omega-oxidation; Tryptophan metabolism,Mitochondrial protein degradation; Ethanol oxidation; Metabolism of serotonin
FALSE,High,Master Protein,P42125,"Enoyl-CoA delta isomerase 1, mitochondrial [OS=Mus musculus]",0,58.933,36,9,114,9,32.2,Eci1,0.887,0.248,0.250470403,0.000648327,59888563,49396266.5,83917488,42818893.5,197209414.3,292817187,287362121.5,212012198.5,49690655.5,46819531,35130543.5,41930520.5,42887830.75,68428106,94518273,56021887.5,,Fatty acid beta-oxidation; Fatty acid beta-oxidation (streamlined); Mitochondrial long chain fatty acid beta-oxidation,Mitochondrial protein degradation; mitochondrial fatty acid beta-oxidation of unsaturated fatty acids
FALSE,High,Master Protein,P55096,ATP-binding cassette sub-family D member 3 [OS=Mus musculus],0,58.8,21,10,57,10,75.4,Abcd3,2.752,2.814,0.012395391,0.043016316,18995116.75,9731273.75,8228542.75,3967975.25,3328633,2381507.75,2890687.25,2412152.5,46192541.5,17204283,25627534.25,16952776.5,4723086.75,8073058.75,18315025.5,5635584.25,,Nuclear receptors in lipid metabolism and toxicity,RHOA GTPase cycle; RHOC GTPase cycle; ABC transporters in lipid homeostasis; Class I peroxisomal membrane protein import
FALSE,High,Master Protein,P19783,"Cytochrome c oxidase subunit 4 isoform 1, mitochondrial [OS=Mus musculus]",0,58.779,62,9,146,9,19.5,Cox4i1,0.95,0.316,0.252735265,0.002796397,105975375.3,45954461.19,31315812.13,76659900.47,141747737.5,198584310.6,154740490.1,108352788.7,85294730.5,45568486.94,28509864.63,78153126.94,30133978.23,64112273.83,61750415,33493117.44,,Electron transport chain,Respiratory electron transport; TP53 Regulates Metabolic Genes; Cytoprotection by HMOX1; Complex IV assembly
FALSE,High,Master Protein,Q8R1B4,Eukaryotic translation initiation factor 3 subunit C [OS=Mus musculus],0,58.767,23,18,80,18,105.5,Eif3c,1000,1000,,,,,,,,,,,27014759.25,15589053.38,22201472.5,18170050.88,3795271.625,11000594,12801282.75,7939480.625,,Translation factors,"L13a-mediated translational silencing of Ceruloplasmin expression; Formation of a pool of free 40S subunits; GTP hydrolysis and joining of the 60S ribosomal subunit; Translation initiation complex formation; Formation of the ternary complex, and subsequently, the 43S complex; Ribosomal scanning and start codon recognition"
FALSE,High,Master Protein,Q5DTJ9,Myopalladin [OS=Mus musculus],0,58.721,17,17,101,16,144,Mypn,1000,1000,,,,,,,,,,,10737266.25,11252716.75,14578477.25,10672885.5,5897805.5,10669495.38,10399515.63,10770913.63,Acetyl [N-Term],,
FALSE,High,Master Protein,Q9WUM4,Coronin-1C [OS=Mus musculus],0,58.684,30,13,111,12,53.1,Coro1c,1.522,1.577,0.013730701,0.045782704,40420985.25,33261913.5,26546951,31795563,19669905.56,18286664.13,22597283.5,26662201.13,58840696.5,43548808.13,51990312.38,50580518.38,22310535.94,33600464.5,44653893.5,36089438.5,,,
FALSE,High,Master Protein,Q80TV8,CLIP-associating protein 1 [OS=Mus musculus],0,58.428,18,19,74,15,169.1,Clasp1,1000,1000,,,,,,,,,,,19576497.13,12125714,11179991,20601328.13,2142327.75,24703281,12120019,12077569.13,,,Anchoring of the basal body to the plasma membrane; Regulation of PLK1 Activity at G2/M Transition; Loss of Nlp from mitotic centrosomes; Recruitment of mitotic centrosome proteins and complexes; Recruitment of NuMA to mitotic centrosomes; AURKA Activation by TPX2; Separation of Sister Chromatids; Amplification  of signal from unattached  kinetochores via a MAD2  inhibitory signal; Resolution of Sister Chromatid Cohesion; RHO GTPases Activate Formins; EML4 and NUDC in mitotic spindle formation
FALSE,High,Master Protein,Q9DCS9,NADH dehydrogenase [ubiquinone] 1 beta subcomplex subunit 10 [OS=Mus musculus],0,58.227,65,10,134,10,21,Ndufb10,0.641,0.191,0.089311296,0.001804459,69368082.75,34401790.75,15529635.25,50543805.5,80965749,112557020.5,90022431.25,61237018.25,40598322.25,24164953.38,16326358.75,28832776.5,13428083.56,16722306.13,26362730.25,13496492.75,Met-loss [N-Term],Oxidative phosphorylation; Electron transport chain,Complex I biogenesis
FALSE,High,Master Protein,O88342,WD repeat-containing protein 1 [OS=Mus musculus],0,58.189,28,10,71,10,66.4,Wdr1,1.447,0.917,0.169211292,0.387135148,13836910,22554133.5,7539944,10606038.25,6418416.5,15776066,11795468.38,13158983.75,21435993.5,20587380.75,21170174,14325567.5,3484084.25,12295249.5,12718442.5,14651022.5,,Hypertrophy model,Platelet degranulation
FALSE,High,Master Protein,Q9CZM2,Large ribosomal subunit protein eL15 [OS=Mus musculus],0,58.075,50,11,150,11,24.1,Rpl15,2.172,1.389,0.000900494,0.033883705,118452374.5,80503714.19,75409068,70094231.5,53444630.31,61028101.75,54817172.63,81001741.44,263850855.8,166590739.8,204215530,148459224.6,69867208.88,82558076.5,116625030.1,115588787.2,,Cytoplasmic ribosomal proteins,L13a-mediated translational silencing of Ceruloplasmin expression; GTP hydrolysis and joining of the 60S ribosomal subunit; Ribosome Quality Control (RQC) complex extracts and degrades nascent peptide; Major pathway of rRNA processing in the nucleolus and cytosol; SRP-dependent cotranslational protein targeting to membrane; Formation of a pool of free 40S subunits; Nonsense Mediated Decay (NMD) independent of the Exon Junction Complex (EJC); Nonsense Mediated Decay (NMD) enhanced by the Exon Junction Complex (EJC); PELO:HBS1L and ABCE1 dissociate a ribosome on a non-stop mRNA; ZNF598 and the Ribosome-associated Quality Trigger (RQT) complex dissociate a ribosome stalled on a no-go mRNA
FALSE,High,Master Protein,Q6DFW4,Nucleolar protein 58 [OS=Mus musculus],0,58.004,32,13,57,13,60.3,Nop58,0.968,0.313,0.684459036,0.319798469,35972455.25,14492139.88,22751343.5,31935129,5828415.5,4925837.5,2444049.063,3158838.75,30360098,16076896,26552492.81,24240094.88,2845009,986176.8125,3084594.375,,,,Major pathway of rRNA processing in the nucleolus and cytosol; SUMOylation of RNA binding proteins
FALSE,High,Master Protein,O08756,3-hydroxyacyl-CoA dehydrogenase type-2 [OS=Mus musculus],0,57.992,57,9,106,9,27.4,Hsd17b10,0.845,0.314,0.123420639,0.007573228,42077392,25516986,20140809,17529302,35027087.5,56523162,50904849,31682844.5,26462126,22130664,19930256.5,14447236,7084037.25,14958133.5,18938286.5,14591384.75,,,Mitochondrial protein degradation; Branched-chain amino acid catabolism
FALSE,High,Master Protein,Q9DCT8,Cysteine-rich protein 2 [OS=Mus musculus],0,57.805,54,6,143,6,22.7,Crip2,4.278,2.543,0.000519449,0.001249629,60619029.75,44209245,35757911,54482174.5,103016556,133486234,111821784,109206160,221715450.3,190934532,203460681.3,230887512,214266759,318576113.5,330982277.3,295815154,,,
FALSE,High,Master Protein,O35295,Transcriptional regulator protein Pur-beta [OS=Mus musculus],0,57.592,52,8,55,7,33.9,Purb,0.615,0.412,0.261580697,0.085224133,4065237.5,3719932.25,3906795,3379590.75,3056081,3170101.75,3423702.5,2436733.75,5851372.75,1493946.25,2046705,2439622.5,1034773.75,,1717616.5,1758303.625,,,
FALSE,High,Master Protein,Q9DBJ1,Phosphoglycerate mutase 1 [OS=Mus musculus],0,57.592,54,9,57,6,28.8,Pgam1,3.645,1000,0.013679645,,4927034,20217174.5,3665931.25,9079018.25,,3662882,,,22904439,46092897,26602544.5,25943537,7122576,7206738.25,3139902.75,5700619,,Glycolysis and gluconeogenesis,Neutrophil degranulation; Gluconeogenesis; Glycolysis
FALSE,High,Master Protein,Q9WUA3,"ATP-dependent 6-phosphofructokinase, platelet type [OS=Mus musculus]",0,57.573,23,15,58,11,85.4,Pfkp,7.915,1.148,0.00275511,0.332745218,3831323.5,2680037.75,2676288.5,,3866351,5460382,7308709.5,,33643650.63,19119307.25,16396857,6318544.5,4912626.5,5664213,7337295,3822248.75,Acetyl [N-Term],Glycolysis and gluconeogenesis,Glycolysis
FALSE,High,Master Protein,P43277,Histone H1.3 [OS=Mus musculus],0,57.463,27,7,213,2,22.1,H1-3,0.47,0.03,0.00415839,0.204724069,4826122.5,4449080.5,3864142.25,5677729,2028286.75,1325271,2880536.25,3039005.5,2421317.75,1961357,1378637.875,3199710,,1261105.125,2608464.5,,Acetyl [N-Term]; Met-loss+Acetyl [N-Term],,
FALSE,High,Master Protein,P39447,Tight junction protein 1 [OS=Mus musculus],0,57.461,14,16,74,16,194.6,Tjp1,1.47,1.882,0.026446066,0.021566632,1905498.875,1244700.125,1576573.375,2486502.5,2358335.25,1385160.25,2003956.875,2269924.75,2932156,1747627.75,2554956.75,2767076.5,3819467.75,2887759.75,6767491.25,3857304.5,,,Apoptotic cleavage of cell adhesion  proteins; Regulation of gap junction activity; Signaling by Hippo
FALSE,High,Master Protein,Q8JZN5,"Complex I assembly factor ACAD9, mitochondrial [OS=Mus musculus]",0,57.337,32,14,70,14,68.7,Acad9,0.784,0.009,0.491180501,0.228046182,26260392.25,9200540.375,5497618.5,4249309.5,20901366.25,29036520,14277426.13,14351563.75,11898501.5,4964929,6263673,6253461.625,,2579434.25,4742697.5,,,,Complex I biogenesis
FALSE,High,Master Protein,P05784,"Keratin, type I cytoskeletal 18 [OS=Mus musculus]",0,57.303,48,15,47,15,47.5,Krt18,1.447,,0.277034569,,1785527.75,1808230,4510760.75,7997558,,,,,3872587.75,3112688.75,3381779.25,9722803.125,,,,,,EGFR1 signaling pathway,Formation of the cornified envelope
FALSE,High,Master Protein,O55126,Protein NipSnap homolog 2 [OS=Mus musculus],0,57.248,42,9,131,9,32.9,Nipsnap2,0.711,0.175,0.021683561,0.001095639,74441084,49449315.25,46085791.5,50277120.38,88286906,136136807,146373316,122406966.3,45476439,31651063,38461163,39740680,16499804.25,22407242.5,40446242,18586683.75,,,RHOH GTPase cycle
FALSE,High,Master Protein,Q3UIZ8,Myosin light chain kinase 3 [OS=Mus musculus],0,57.173,26,12,76,12,86.3,Mylk3,7.573,3.188,0.039776919,0.023860092,2619370.5,2008881.875,1401472.375,,4470948,6289243.75,3669360.25,4971457.75,15442416.75,5835077.75,13633901.75,6523751,7602132.75,18123161.5,23946855.5,17533155,,MicroRNAs in cardiomyocyte hypertrophy,
FALSE,High,Master Protein,Q8BWY3,Eukaryotic peptide chain release factor subunit 1 [OS=Mus musculus],0,56.934,35,13,79,13,49,Etf1,9.228,1000,0.000537941,,6871246.5,2824233.25,2867992,5069287.25,,,,,63408750.63,26062994.25,44108174.5,40111830.25,8514380.5,7026978.375,21560110.25,17899775.25,Acetyl [N-Term]; Met-loss+Acetyl [N-Term],Translation factors,Nonsense Mediated Decay (NMD) independent of the Exon Junction Complex (EJC); Nonsense Mediated Decay (NMD) enhanced by the Exon Junction Complex (EJC); Protein hydroxylation; Eukaryotic Translation Termination
FALSE,High,Master Protein,Q99NB1,"Acetyl-coenzyme A synthetase 2-like, mitochondrial [OS=Mus musculus]",0,56.925,32,16,68,16,74.6,Acss1,1.015,0.443,0.408632969,0.002505121,2052915.125,6761462.375,3454302.5,3850089.438,9221364.5,19862547.25,20473040.5,15895039,6703759.5,7181344,3353656.75,,4038443.625,8895856.625,12259409.5,6783359.875,,,Ethanol oxidation
FALSE,High,Master Protein,P50171,(3R)-3-hydroxyacyl-CoA dehydrogenase [OS=Mus musculus],0,56.91,53,9,83,9,26.6,Hsd17b8,0.588,0.104,0.332852421,0.003080153,10815211.5,7149227.5,5163663,6408865.875,10099145.75,14326433,15447453.5,10136305.75,3079487.25,2099518.75,7195818,7547065.5,1079964.75,,2297234.75,1030903.875,,,Fatty acyl-CoA biosynthesis
FALSE,High,Master Protein,P42669,Transcriptional activator protein Pur-alpha [OS=Mus musculus],0,56.883,45,9,102,8,34.9,Pura,1.107,0.609,0.700698902,0.00030147,33602648,24683098.25,34699354,42619350.75,31433750.25,33520882,36631485,45060877,43275741.5,30850366.5,34018989.5,33018378,18802972.25,20758808.25,23986052.5,26244334.75,,Exercise-induced circadian regulation,
FALSE,High,Master Protein,P05977,"Myosin light chain 1/3, skeletal muscle isoform [OS=Mus musculus]",0,56.865,53,9,166,5,20.6,Myl1,0.858,0.972,0.196643571,,10016947.5,30216472,,7081585,,,,2022965.75,6482088.25,22189525.75,2656205.25,7092003.25,,,,1965870.25,,Striated muscle contraction; G13 signaling pathway; Regulation of actin cytoskeleton,Striated Muscle Contraction
FALSE,High,Master Protein,Q6P549,"Phosphatidylinositol 3,4,5-trisphosphate 5-phosphatase 2 [OS=Mus musculus]",0,56.818,20,22,59,22,138.9,Inppl1,3.5,4.484,0.007170663,0.008628267,11340522.5,7802309.25,7005335.625,7225803.625,,1533762.875,1499122.375,1085637.75,44873973.88,24147686.75,32402500,14614078.5,2044130.188,4933663.5,5974797.25,5476524,,IL-6 signaling pathway; EGFR1 signaling pathway; Insulin signaling,Synthesis of IP3 and IP4 in the cytosol; Synthesis of PIPs at the plasma membrane; Interleukin receptor SHC signaling
FALSE,High,Master Protein,P11087,Collagen alpha-1(I) chain [OS=Mus musculus],0,56.814,11,13,165,13,137.9,Col1a1,0.009,0.015,0.00263642,0.000585757,1264711966,636217878,596272374.5,524171392,165842082.3,342195979.5,370584921.3,702552519.5,4916421,24984355,4521763.5,6231704.5,1821690,2374322.25,8376996.25,14350848.75,,Osteoblast signaling; Focal adhesion: PI3K-Akt-mTOR signaling pathway; Dysregulated miRNA targeting in insulin/PI3K-AKT signaling; Inflammatory response pathway; Comprehensive IL-17A signaling; Focal adhesion,Immunoregulatory interactions between a Lymphoid and a non-Lymphoid cell; Cell surface interactions at the vascular wall; ECM proteoglycans; Integrin cell surface interactions; Collagen chain trimerization; Collagen degradation; Fibronectin matrix formation; Crosslinking of collagen fibrils; Non-integrin membrane-ECM interactions; GPVI-mediated activation cascade; GP1b-IX-V activation signalling; Platelet Adhesion to exposed collagen; Platelet Aggregation (Plug Formation); MET activates PTK2 signaling
FALSE,High,Master Protein,P62751,Large ribosomal subunit protein uL23 [OS=Mus musculus],0,56.44,47,9,152,9,17.7,Rpl23a,1.903,1.25,0.000451655,0.166000965,428641922,283909151.5,306668828.3,373974844.5,348367140.3,335874726.8,373056854.9,368731276.3,816177582,538644508,685263802,711209574,321190898.5,388259104,557661338.1,498336936.3,,Cytoplasmic ribosomal proteins,L13a-mediated translational silencing of Ceruloplasmin expression; SRP-dependent cotranslational protein targeting to membrane; Major pathway of rRNA processing in the nucleolus and cytosol; Formation of a pool of free 40S subunits; GTP hydrolysis and joining of the 60S ribosomal subunit; Nonsense Mediated Decay (NMD) independent of the Exon Junction Complex (EJC); Nonsense Mediated Decay (NMD) enhanced by the Exon Junction Complex (EJC); Ribosome Quality Control (RQC) complex extracts and degrades nascent peptide; PELO:HBS1L and ABCE1 dissociate a ribosome on a non-stop mRNA; ZNF598 and the Ribosome-associated Quality Trigger (RQT) complex dissociate a ribosome stalled on a no-go mRNA
FALSE,High,Master Protein,A2AN08,E3 ubiquitin-protein ligase UBR4 [OS=Mus musculus],0,56.435,5,20,38,20,571.9,Ubr4,1000,1000,,,,,,,,,,,7698302.375,5996652,6824306.25,,,,3651375.75,1399919.625,,,Neutrophil degranulation; Antigen processing: Ubiquitination & Proteasome degradation
FALSE,High,Master Protein,P43274,Histone H1.4 [OS=Mus musculus],0,56.327,26,6,190,3,22,H1-4,0.225,0.129,5.71897E-05,0.000401592,1078461788,757038422.5,837524640.5,1121510853,614453204,569729832.8,804981112,864783125.5,202867828.3,170827009.5,190417456,250719684,69262049,60089100,138801022.8,127792784,Acetyl [N-Term]; Met-loss+Acetyl [N-Term],,Formation of Senescence-Associated Heterochromatin Foci (SAHF); Apoptosis induced DNA fragmentation
FALSE,High,Master Protein,P10922,Histone H1.0 [OS=Mus musculus],0,56.326,28,6,169,6,20.8,H1-0,0.192,0.136,8.20463E-05,5.66953E-05,649182521,474473796,474668285.5,794773633.6,554730856.5,567037698,824548700,851611223,107548270.3,85731847.88,99679422.5,162972069.6,72828565.63,70719386.75,116322681.9,138860767.3,Met-loss [N-Term]; Acetyl [N-Term],,Formation of Senescence-Associated Heterochromatin Foci (SAHF); Apoptosis induced DNA fragmentation
FALSE,High,Master Protein,Q922D8,"C-1-tetrahydrofolate synthase, cytoplasmic [OS=Mus musculus]",0,56.157,24,17,52,17,101.1,Mthfd1,8.401,1000,0.009086133,,4954653.5,,2108246.75,4837523.063,,,,,32274840.5,28617802,22842582.5,27998963.25,2343406.75,3375148.25,5200483,5369612,,One-carbon metabolism,Metabolism of folate and pterines
FALSE,High,Master Protein,Q9EQ20,"Methylmalonate-semialdehyde/malonate-semialdehyde dehydrogenase [acylating], mitochondrial [OS=Mus musculus]",0,56.093,36,14,74,14,57.9,Aldh6a1,0.867,0.122,0.679626797,0.000665513,6246619,5329886.125,4150141.375,2050047.875,30285775.75,64029036,59309615,29611484,5226684,4792871,3083519.25,2856172.75,3623326,5915955,7404668.5,5390459.5,,,Branched-chain amino acid catabolism
FALSE,High,Master Protein,P0DP27,Calmodulin-2 [OS=Mus musculus],0,56.069,54,9,102,9,16.8,Calm2,2.087,0.177,0.039450465,0.059629793,19084564.25,13741287.5,9346402.5,6301490.25,11334949.38,6923481.25,26890050.75,23752152.75,22104035,26160493.25,21374396.13,17677387.38,743889.4375,432620.9688,13398665.13,11320863.81,Met-loss+Acetyl [N-Term]; Acetyl [N-Term],Alzheimer's disease; Glycogen metabolism; Myometrial relaxation and contraction pathways; Calcium regulation in cardiac cells,
FALSE,High,Master Protein,Q9QY76,Vesicle-associated membrane protein-associated protein B [OS=Mus musculus],0,56.006,53,11,125,10,26.9,Vapb,0.35,0.244,0.036376003,0.044401312,123494259.3,73706306.5,29741307.38,102728520.3,35507769.25,34583697,92248256.75,23448613,22243973.75,23488508.13,21484981.75,39495888.5,4886911.25,10938587.25,17418683.25,18229907.25,,,RHOA GTPase cycle; RHOC GTPase cycle; RHOG GTPase cycle; RAC2 GTPase cycle; RHOD GTPase cycle
FALSE,High,Master Protein,P62082,Small ribosomal subunit protein eS7 [OS=Mus musculus],0,55.843,56,8,125,8,22.1,Rps7,1.896,1.278,0.001559499,0.045366454,183090336,136880328,125914012,153890112,108715824,116384312,116677168,124929660,371672963,242450568.5,283350202,269708968,130751260,148525136,214455932,159924584,,Cytoplasmic ribosomal proteins; mRNA processing,"L13a-mediated translational silencing of Ceruloplasmin expression; SRP-dependent cotranslational protein targeting to membrane; Major pathway of rRNA processing in the nucleolus and cytosol; Formation of a pool of free 40S subunits; GTP hydrolysis and joining of the 60S ribosomal subunit; Nonsense Mediated Decay (NMD) independent of the Exon Junction Complex (EJC); Nonsense Mediated Decay (NMD) enhanced by the Exon Junction Complex (EJC); PELO:HBS1L and ABCE1 dissociate a ribosome on a non-stop mRNA; ZNF598 and the Ribosome-associated Quality Trigger (RQT) complex dissociate a ribosome stalled on a no-go mRNA; Translation initiation complex formation; Formation of the ternary complex, and subsequently, the 43S complex; Ribosomal scanning and start codon recognition"
FALSE,High,Master Protein,Q8VBT1,Beta-taxilin [OS=Mus musculus],0,55.815,27,15,92,15,77.2,Txlnb,4.272,3.397,0.016614913,0.015911725,18506992.88,25613437.5,10418441,24957796,10663206.13,9623808,12751998.25,13125407.75,105804179,81759816,86806475.5,54412565.25,35247377.75,14635657.25,48733033.5,45824322.75,,,
FALSE,High,Master Protein,P28654,Decorin [OS=Mus musculus],0,55.774,38,11,92,10,39.8,Dcn,5.15,6.125,0.010591964,0.00076481,26730561.5,32837303,7300457,54425962.25,7531825.25,6732389.5,7527246.75,21981473.5,169669969,137228006,122425866,225763732,28833506.5,40458275.5,47429627.25,137218559.5,,,ECM proteoglycans; Glycosaminoglycan-protein linkage region biosynthesis; CS/DS degradation; CS-GAG biosynthesis; Degradation of the extracellular matrix; DS-GAG biosynthesis
FALSE,High,Master Protein,Q5SSK3,"Transcription elongation factor, mitochondrial [OS=Mus musculus]",0,55.524,48,13,95,13,41.8,Tefm,4.296,1.554,0.00929528,0.001431724,14015857.75,6286400.75,4540873.75,2310478.75,11207018.63,17369737.25,19146068.38,16537745.25,43141837.5,21084751.5,24986022.75,22257516.5,16441557.13,27954842.25,33528265.5,24815736.38,,,
FALSE,High,Master Protein,P35979,Large ribosomal subunit protein uL11 [OS=Mus musculus],0,55.192,55,6,156,6,17.8,Rpl12,1.699,1.218,0.001854774,0.138672481,211719062,146585099,148913704,178094143,98213893,118875018,125215853,119546581,382220253,234421132,286049374,274853843,92241530,143981801,175151852,146433458,,Cytoplasmic ribosomal proteins; mRNA processing,L13a-mediated translational silencing of Ceruloplasmin expression; SRP-dependent cotranslational protein targeting to membrane; Major pathway of rRNA processing in the nucleolus and cytosol; Formation of a pool of free 40S subunits; GTP hydrolysis and joining of the 60S ribosomal subunit; Nonsense Mediated Decay (NMD) independent of the Exon Junction Complex (EJC); Nonsense Mediated Decay (NMD) enhanced by the Exon Junction Complex (EJC); Ribosome Quality Control (RQC) complex extracts and degrades nascent peptide; PELO:HBS1L and ABCE1 dissociate a ribosome on a non-stop mRNA; ZNF598 and the Ribosome-associated Quality Trigger (RQT) complex dissociate a ribosome stalled on a no-go mRNA
FALSE,High,Master Protein,G5E8K5,Ankyrin-3 [OS=Mus musculus],0,55.185,12,18,72,13,213.9,Ank3,1000,1000,,,,,,,,,,,3571909.5,2188087.75,3151405.5,2108661.5,1386598.875,2246814.5,2769814,2175189,,Splicing factor NOVA regulated synaptic proteins,
FALSE,High,Master Protein,Q7TMB8,Cytoplasmic FMR1-interacting protein 1 [OS=Mus musculus],0,55.053,14,14,61,7,145.1,Cyfip1,1000,,,,,,,,,,,,4995716,3723631.75,3123935,2037309.625,,,,,,,Neutrophil degranulation; VEGFA-VEGFR2 Pathway; Regulation of actin dynamics for phagocytic cup formation; RAC1 GTPase cycle; RAC2 GTPase cycle; RAC3 GTPase cycle; RHO GTPases Activate WASPs and WAVEs; RHOG GTPase cycle
FALSE,High,Master Protein,P17742,Peptidyl-prolyl cis-trans isomerase A [OS=Mus musculus],0,55.028,65,9,126,9,18,Ppia,1.523,0.971,0.003086541,0.36859362,213473920,205238700,143080964,177544548,43614963.5,56807944,60221188,53391287,320234228,317144049.1,257856510.5,252826130.6,33909449,52849571,62338962,54146012,Acetyl [N-Term],,Neutrophil degranulation; Basigin interactions
FALSE,High,Master Protein,E9Q4Z2,Acetyl-CoA carboxylase 2 [OS=Mus musculus],0,55.016,11,19,53,19,275.6,Acacb,1000,92.327,,0.335333046,,,,,,2270089,2028052.75,,2496650,1473536.875,4279654,1343029.5,9094963,4002029.5,17287540.25,2942270.25,,Fatty acid biosynthesis,Biotin transport and metabolism; Carnitine shuttle
FALSE,High,Master Protein,P62141,Serine/threonine-protein phosphatase PP1-beta catalytic subunit [OS=Mus musculus],0,54.723,49,13,109,4,37.2,Ppp1cb,,,,,,,,,,,,,,,,,,,,,Acetyl [N-Term],G13 signaling pathway,Regulation of PLK1 Activity at G2/M Transition; RHO GTPases activate PAKs; RAF activation; RHO GTPases activate PKNs
FALSE,High,Master Protein,P34914,Bifunctional epoxide hydrolase 2 [OS=Mus musculus],0,54.534,41,15,80,15,62.5,Ephx2,0.98,0.971,0.906169854,0.797561312,31066715.5,24113065.5,20545943,11738564.25,10492996.25,15098200.5,15499362.5,14131709.25,24635992,24752868.75,19220110.5,14682038.25,7095099.75,14606968.56,20785735.25,13770881.5,,Arachidonate epoxygenase / epoxide hydrolase; Metapathway biotransformation; Eicosanoid metabolism via cytochrome P450 monooxygenases,Peroxisomal protein import; Synthesis of epoxy (EET) and dihydroxyeicosatrienoic acids (DHET); Biosynthesis of maresins
FALSE,High,Master Protein,P63158,High mobility group protein B1 [OS=Mus musculus],0,54.322,27,6,105,5,24.9,Hmgb1,1.341,0.958,0.007795569,0.817279688,103128048.5,93569854.5,81231079.25,140388212.8,62319372,58639470.13,65982391.38,76021641.63,129879628.1,129258987.5,128303265.9,182775886.4,45647231.25,41805070.19,85395826.13,95350451.31,,Comprehensive IL-17A signaling,Neutrophil degranulation; Regulation of TLR by endogenous ligand; Pyroptosis; Apoptosis induced DNA fragmentation; TAK1-dependent IKK and NF-kappa-B activation  ; TRAF6 mediated NF-kB activation; Advanced glycosylation endproduct receptor signaling
FALSE,High,Master Protein,Q9Z0N2,"Eukaryotic translation initiation factor 2 subunit 3, Y-linked [OS=Mus musculus]",0,54.141,31,11,78,1,51.1,Eif2s3y,,,,,,,,,,,,,,,,,,,,,Acetyl [N-Term],Translation factors,
FALSE,High,Master Protein,P14602,Heat shock protein beta-1 [OS=Mus musculus],0,54.06,57,10,103,10,23,Hspb1,3.476,2.25,0.000124364,0.035839188,41305514,41654628,35132086,35504847,28333374,22188451.5,8287931,18606691,135363280.5,153578232.5,136087936.8,112239357.5,49958594.25,45068815.5,49401107,46387926.5,,TNF-alpha NF-kB signaling pathway; p38 Mapk signaling pathway; IL-3 signaling pathway; IL-6 signaling pathway; Mapk signaling pathway; FAS pathway and stress induction of HSP regulation,MAPK6/MAPK4 signaling; Extra-nuclear estrogen signaling; VEGFA-VEGFR2 Pathway; AUF1 (hnRNP D0) binds and destabilizes mRNA
FALSE,High,Master Protein,Q9DCX2,"ATP synthase peripheral stalk subunit d, mitochondrial [OS=Mus musculus]",0,54.027,67,8,129,8,18.7,Atp5pd,0.646,0.241,0.087320308,0.002784131,126301533.4,60733367,57863029,39238958.88,120314569.3,226056761.5,191547218.5,136467101.6,63231948,39511394.5,37134783,40768914.5,27960890.44,55043080.25,80382942.5,32686456,,Oxidative phosphorylation; Electron transport chain,Mitochondrial protein degradation; Formation of ATP by chemiosmotic coupling; Cristae formation
FALSE,High,Master Protein,Q8BKZ9,"Pyruvate dehydrogenase protein X component, mitochondrial [OS=Mus musculus]",0,53.943,33,11,107,11,54,Pdhx,0.647,0.193,0.006876064,0.002688905,69757687.88,38641525.25,31641082.5,33249262.5,85088929.75,92270604.25,100946269.8,70896960.5,36990014.5,26229560.25,23005282.5,20503577,12376222.5,18090896.5,33308317,13410891,,Glycolysis and gluconeogenesis; TCA cycle,Regulation of pyruvate dehydrogenase (PDH) complex; Signaling by Retinoic Acid; PDH complex synthesizes acetyl-CoA from PYR
FALSE,High,Master Protein,P82347,Delta-sarcoglycan [OS=Mus musculus],0,53.876,39,10,101,10,32.1,Sgcd,0.572,0.501,0.01748926,0.003759686,138247170,96835407,90952075.25,150131345.3,69885988.06,65018692.38,56230361.13,87046573.63,82336149.25,34963227.25,60393220.5,82613385,30714850.88,30509900,35630873,46642088.5,,,Formation of the dystrophin-glycoprotein complex (DGC)
FALSE,High,Master Protein,Q99LB2,Dehydrogenase/reductase SDR family member 4 [OS=Mus musculus],0,53.792,43,11,99,11,29.9,Dhrs4,1.219,0.402,0.012681075,0.000751507,107257394.8,78820047.5,71353867.75,94154716,70463960,85485053.75,100719655.5,92149139.25,124647426,90393234.25,91293089.25,126914259,26080335.5,35167671.25,39535084.5,45437575,,,RA biosynthesis pathway; Peroxisomal protein import
FALSE,High,Master Protein,Q61990,Poly(rC)-binding protein 2 [OS=Mus musculus],0,53.704,47,10,88,6,38.2,Pcbp2,4.893,4.439,0.00032218,0.000303559,9290863,5793440.5,5007561.5,7752401,4216362,4263678,6354054.5,4004620,44107626,29219635,32596413,33830013,16138308,22620354,25606930,19584826,,mRNA processing,mRNA Splicing - Major Pathway; Processing of Capped Intron-Containing Pre-mRNA
FALSE,High,Master Protein,O08539,Myc box-dependent-interacting protein 1 [OS=Mus musculus],0,53.675,24,9,35,9,64.4,Bin1,14.22,1000,0.048825174,,3086887.75,1431424.375,,4490918,,,,,19741853.75,45255575,17449847,27001605.5,1977006.75,,,2464810,,,Clathrin-mediated endocytosis
FALSE,High,Master Protein,Q01768,Nucleoside diphosphate kinase B [OS=Mus musculus],0,53.342,61,8,154,4,17.4,Nme2,1.459,0.653,0.012504841,0.0686442,56399501.5,67698802.75,38450178.63,50365979,34458289.38,64507720,55239980,45471198.75,76026384,102777306.3,73802317.5,70624110.75,17620700.38,34590336,50632372,36177720.5,,Mechanisms associated with pluripotency; Purine metabolism,Neutrophil degranulation; Azathioprine ADME; Interconversion of nucleotide di- and triphosphates; Ribavirin ADME
FALSE,High,Master Protein,Q9EQH3,Vacuolar protein sorting-associated protein 35 [OS=Mus musculus],0,53.213,21,13,77,13,91.7,Vps35,5.464,0.854,0.051257074,0.712294341,3012131.75,236758.9688,5076945.313,1671805,2213880.813,3161329.219,7028437,2662441.563,13405660,6358476,8633155.5,11212789.5,,2004017.25,15097549.5,3063532.5,,,WNT ligand biogenesis and trafficking
FALSE,High,Master Protein,Q8CHS7,Dehydrogenase/reductase SDR family member 7C [OS=Mus musculus],0,53.111,42,10,89,10,34.4,Dhrs7c,0.542,1.538,0.011296494,0.034509135,38280489.13,19896330.5,24132746.5,31422695,10276490,13917866,15228753,15460784,18361485.5,10418480,13517887.75,23877123.75,12555866.75,18433554.5,30753512.5,27615246.5,,,
FALSE,High,Master Protein,Q60668,Heterogeneous nuclear ribonucleoprotein D0 [OS=Mus musculus],0,53.08,22,7,104,5,38.3,Hnrnpd,1.353,1.015,0.042610134,0.657696625,40040185,37973221,32716460.5,50457107.5,22622731,23954702.5,33585680.5,31358342,57850536,39783394,41751467.5,72432099.5,18852249,23806484,49364757.5,32516625.5,,mRNA processing,AUF1 (hnRNP D0) binds and destabilizes mRNA; mRNA Splicing - Major Pathway; Processing of Capped Intron-Containing Pre-mRNA
FALSE,High,Master Protein,Q9CQV8,14-3-3 protein beta/alpha [OS=Mus musculus],0,53.024,49,11,120,5,28.1,Ywhab,2.4,2.003,0.014246405,0.25033576,5455439.25,9729736.375,4987539,7742207.75,1683425.625,2490586.5,,2211333.25,16024784.5,19077056,15808521.5,12341604.75,2059436.75,3027721.25,8885258,7250414.75,,TNF-alpha NF-kB signaling pathway; IL-3 signaling pathway; Myometrial relaxation and contraction pathways; Alpha 6 beta 4 integrin signaling pathway; Calcium regulation in cardiac cells; EGFR1 signaling pathway,"RAF activation; MAP2K and MAPK activation; Negative regulation of MAPK pathway; Rap1 signalling; TP53 Regulates Metabolic Genes; mTORC1-mediated signalling; Activation of BAD and translocation to mitochondria ; RHO GTPases activate PKNs; Chk1/Chk2(Cds1) mediated inactivation of Cyclin B:Cdk1 complex; Regulation of localization of FOXO transcription factors; Frs2-mediated activation; Tristetraprolin (TTP, ZFP36) binds and destabilizes mRNA; Butyrate Response Factor 1 (BRF1) binds and destabilizes mRNA; Signaling by Hippo"
FALSE,High,Master Protein,A2AJI0,MAP7 domain-containing protein 1 [OS=Mus musculus],0,53.008,29,17,100,17,93.2,Map7d1,3.791,12.883,0.009053366,0.053973454,1940912.75,2822112.5,3421905.375,4219497.875,1508401.375,,573061.25,2468804.313,14941486,7528197.25,10772339.13,19260617.25,6444636.75,14289327.75,14295761.63,16424333.13,,,
FALSE,High,Master Protein,Q8C7H1,"Methylmalonic aciduria type A homolog, mitochondrial [OS=Mus musculus]",0,52.711,39,13,65,13,45.9,Mmaa,47.05,0.378,0.028229699,0.084153626,,,3858170,3696742.5,16628713.75,19724636.25,17118648,20465893.25,9982027.5,5981830.375,7983031.375,8183351.25,2318747.25,9332281,15548362.25,6187701,,,Cobalamin (Cbl) metabolism; Propionyl-CoA catabolism
FALSE,High,Master Protein,P62242,Small ribosomal subunit protein eS8 [OS=Mus musculus],0,52.684,51,10,143,10,24.2,Rps8,1.921,1.16,0.000663342,0.171323126,158826579.5,104298875.8,116258140.8,114123523.3,97798208.5,127019006.5,129647881.5,125563909,308587040.5,198092798,252271189.1,199598295.8,96898587.75,137091566,209517046.3,156428832.8,,Cytoplasmic ribosomal proteins,"L13a-mediated translational silencing of Ceruloplasmin expression; SRP-dependent cotranslational protein targeting to membrane; Major pathway of rRNA processing in the nucleolus and cytosol; Formation of a pool of free 40S subunits; GTP hydrolysis and joining of the 60S ribosomal subunit; Nonsense Mediated Decay (NMD) independent of the Exon Junction Complex (EJC); Nonsense Mediated Decay (NMD) enhanced by the Exon Junction Complex (EJC); PELO:HBS1L and ABCE1 dissociate a ribosome on a non-stop mRNA; ZNF598 and the Ribosome-associated Quality Trigger (RQT) complex dissociate a ribosome stalled on a no-go mRNA; Translation initiation complex formation; Formation of the ternary complex, and subsequently, the 43S complex; Ribosomal scanning and start codon recognition"
FALSE,High,Master Protein,Q9JMC3,DnaJ homolog subfamily A member 4 [OS=Mus musculus],0,52.583,33,10,75,10,44.9,Dnaja4,2.565,2.329,0.00015236,0.020328163,19759536.38,14146552.5,17244873.38,15947732.75,18765940.13,13460177.75,15085811.75,21618764.25,54936980,34341540.5,46752320.88,37986862,27419414.75,33866987.5,53848824.25,46593062,,,HSP90 chaperone cycle for steroid hormone receptors (SHR) in the presence of ligand
FALSE,High,Master Protein,Q9D2G2,"Dihydrolipoyllysine-residue succinyltransferase component of 2-oxoglutarate dehydrogenase complex, mitochondrial [OS=Mus musculus]",0,52.512,26,10,139,10,49,Dlst,0.823,0.209,0.488627092,0.00695699,35408895.5,26918532.5,13876367.5,12065324,60957869.75,81726149,78997583.5,39584533,27438961.75,18727804.25,18665281.63,10554649.25,6525517.25,16082378.5,27342991.88,8780727.625,,TCA cycle,OADH complex synthesizes glutaryl-CoA from 2-OA; Glycine degradation; OGDH complex synthesizes succinyl-CoA from 2-OG; Protein lipoylation
FALSE,High,Master Protein,Q8R3F5,"Malonyl-CoA-acyl carrier protein transacylase, mitochondrial [OS=Mus musculus]",0,52.295,48,12,64,12,41.9,Mcat,68.54,0.731,0.397675774,0.261573746,8145449,,,1215961.5,14078592.75,15630829.75,13954666.5,5701214,10467614,4118256,10347832.75,5712264.5,7873660,18471272,13339614.75,2036103.875,,,Mitochondrial Fatty Acid Beta-Oxidation
FALSE,High,Master Protein,O08739,AMP deaminase 3 [OS=Mus musculus],0,52.224,21,13,71,13,88.6,Ampd3,2.09,0.696,0.008100248,0.368564378,10628709,10377742.5,7935140.25,6972561.5,2518406,4341210,4271510,4008741,31962426,18361887,19002770.13,12720461.5,1443605.375,1992605.875,6412853.75,3390472.75,,Purine metabolism,Neutrophil degranulation; Purine salvage
FALSE,High,Master Protein,O35737,Heterogeneous nuclear ribonucleoprotein H [OS=Mus musculus],0,52.213,33,10,80,4,49.2,Hnrnph1,1000,59.515,,0.140463025,,,,2147760.75,,,1786644.125,1932076.25,4769217,3164416,3131394,5450435.5,3341942.75,3660798.5,6328374.5,4305577.5,Acetyl [N-Term],Mecp2 and associated Rett syndrome; mRNA processing,mRNA Splicing - Major Pathway; Processing of Capped Intron-Containing Pre-mRNA
FALSE,High,Master Protein,O08709,Peroxiredoxin-6 [OS=Mus musculus],0,52.009,71,11,68,11,24.9,Prdx6,0.961,0.47,0.826210647,0.124916234,12231534.5,35726157.25,13501454.5,15003459.75,6207076.875,39055357.5,24883402.75,21551909.75,13952149,28915283,25599119.5,10583740,7206262.25,10786924,14800292,8002887.375,,,Neutrophil degranulation; Detoxification of Reactive Oxygen Species
FALSE,High,Master Protein,Q9DCJ5,NADH dehydrogenase [ubiquinone] 1 alpha subcomplex subunit 8 [OS=Mus musculus],0,51.969,44,7,78,7,20,Ndufa8,0.644,0.203,0.381563506,0.001210907,52583155,23446246.5,8443989,41089395.5,82068878,90722670,81715701,60603806.5,29334676,15674188.5,13527011.5,25473197,10910269,18293212,20781690,12437151,Met-loss [N-Term],Oxidative phosphorylation; Electron transport chain,Complex I biogenesis
FALSE,High,Master Protein,Q99MN9,"Propionyl-CoA carboxylase beta chain, mitochondrial [OS=Mus musculus]",0,51.906,35,12,57,12,58.4,Pccb,31.432,0.299,,0.016798412,,1889185,,,4837043,6211634,5656299,3482086.5,2422902,1866512,,,,1661457.25,1891128,1521475.25,,,Biotin transport and metabolism; Mitochondrial protein degradation; Propionyl-CoA catabolism
FALSE,High,Master Protein,Q8VE37,Regulator of chromosome condensation [OS=Mus musculus],0,51.828,39,8,58,8,44.9,Rcc1,0.228,0.001,0.000177506,,20292767,11803504.25,15307006.25,20246939.5,4754127.5,7345036.25,13771158,9264808,4836180,3341212,3349771.25,4376259.5,,,,,,,Postmitotic nuclear pore complex (NPC) reformation
FALSE,High,Master Protein,P62830,Large ribosomal subunit protein uL14 [OS=Mus musculus],0,51.614,56,6,144,6,14.9,Rpl23,2.408,1.704,0.000385507,0.00098322,175744696.5,110051956.3,116870200.5,132879568.5,82129810,109271003.1,112201414.8,107131541.5,392172228.5,260199977.1,330625086,325870220.4,124367319.5,179314581.3,202356274.3,189514969.8,,,L13a-mediated translational silencing of Ceruloplasmin expression; SRP-dependent cotranslational protein targeting to membrane; Major pathway of rRNA processing in the nucleolus and cytosol; Formation of a pool of free 40S subunits; GTP hydrolysis and joining of the 60S ribosomal subunit; Nonsense Mediated Decay (NMD) independent of the Exon Junction Complex (EJC); Nonsense Mediated Decay (NMD) enhanced by the Exon Junction Complex (EJC); Ribosome Quality Control (RQC) complex extracts and degrades nascent peptide; PELO:HBS1L and ABCE1 dissociate a ribosome on a non-stop mRNA; ZNF598 and the Ribosome-associated Quality Trigger (RQT) complex dissociate a ribosome stalled on a no-go mRNA
FALSE,High,Master Protein,Q9JKB3,Y-box-binding protein 3 [OS=Mus musculus],0,51.605,43,7,65,5,38.8,Ybx3,1000,,,,,,,,,,,,,,,3442622.5,,,,,Acetyl [N-Term],,
FALSE,High,Master Protein,Q9DCT2,"NADH dehydrogenase [ubiquinone] iron-sulfur protein 3, mitochondrial [OS=Mus musculus]",0,51.312,59,11,81,11,30.1,Ndufs3,1.151,0.457,0.45685627,0.010737134,13975480,6366364,3974479,8739667,18061410,26185238,25808542,14539192,11132618,6974118.5,5793897.5,10570965,5813199.5,10225458,13802053,8645836,,Oxidative phosphorylation; Electron transport chain,Mitochondrial protein degradation; Complex I biogenesis; RHOG GTPase cycle
FALSE,High,Master Protein,P13745,Glutathione S-transferase A1 [OS=Mus musculus],0,51.074,52,10,63,7,25.6,Gsta1,1.482,,0.041341833,,75407965,120315498,60847865.5,108137439.3,,,,,145697328.8,141926994,104396509.5,138488151.3,,,,,Acetyl [N-Term],Metapathway biotransformation; Estrogen metabolism; Glutathione metabolism; Oxidative stress and redox pathway,Glutathione conjugation; Heme degradation; Azathioprine ADME
FALSE,High,Master Protein,Q8CCK0,Core histone macro-H2A.2 [OS=Mus musculus],0,50.963,44,12,114,10,40.1,Macroh2a2,0.208,0.001,0.00609667,,10735768.5,5447078.5,15423034.25,28692804.25,14769443.88,14417688.75,19604451.75,15891924.75,2856988.75,1914990.125,2509060.75,3808905.5,,,,,,,
FALSE,High,Master Protein,Q9R0P3,S-formylglutathione hydrolase [OS=Mus musculus],0,50.488,56,10,71,10,31.3,Esd,1.594,3.629,0.000107472,0.014875511,45473034.5,60517811,46048655,38009359.25,4350909.75,3333998.75,1860099.75,2866271.5,73033399.25,91603969,72810534.25,62276258.5,12039483.5,8242638.313,15268599.75,13640879.5,,,Glutathione conjugation
FALSE,High,Master Protein,Q8BP47,"Asparagine--tRNA ligase, cytoplasmic [OS=Mus musculus]",0,50.05,27,11,52,11,64.2,Nars1,7.81,1000,0.01466212,,12299061.75,1856100.125,1659300.875,4638723.5,,,,,52093851.5,26728337.5,33913832,18566859,3632445.5,1720611.5,1819240.875,2371839.75,,,
FALSE,High,Master Protein,Q921F2,TAR DNA-binding protein 43 [OS=Mus musculus],0,50.025,32,8,72,8,44.5,Tardbp,3.313,4.694,0.000455525,5.04035E-05,16505665.5,11929490.25,11968423.5,19047674.5,6533138.125,6741414.875,12331911.75,9837244.625,53861556.5,40132735,46439982,52376538,32160531.75,32659682.25,50170008.75,44742521,,mRNA processing,
FALSE,High,Master Protein,Q9JIK5,Nucleolar RNA helicase 2 [OS=Mus musculus],0,49.93,25,18,65,18,93.5,Ddx21,163.983,1000,0.130857589,,1573773.875,,,4363995.5,,,,,42319249,32176065,38814749.5,37687624.38,9625862.625,7620513,20661380.38,10512450,,mRNA processing,Major pathway of rRNA processing in the nucleolus and cytosol; B-WICH complex positively regulates rRNA expression
FALSE,High,Master Protein,Q9R0P9,Ubiquitin carboxyl-terminal hydrolase isozyme L1 [OS=Mus musculus],0,49.922,52,7,41,7,24.8,Uchl1,1.76,,0.002082553,,14799297.25,26454688.25,10603099,13382769.75,,,,,28028318,43291621.5,20578589.25,20693868,,,,,,Parkinson's disease; Proteasome degradation,UCH proteinases
FALSE,High,Master Protein,O70503,Very-long-chain 3-oxoacyl-CoA reductase [OS=Mus musculus],0,49.829,37,9,49,9,34.7,Hsd17b12,1.217,1.17,0.012714652,0.64336621,26145105.75,21689676.5,18840044,19403597.88,1271601.25,3700731.5,2076409.625,9461158.75,32913618.5,24834245.75,25701488.5,22823343.5,2864047.563,2250536,9529077.875,4533685.25,,,Synthesis of very long-chain fatty acyl-CoAs; Androgen biosynthesis
FALSE,High,Master Protein,P35385,Heat shock protein beta-7 [OS=Mus musculus],0,49.814,75,8,116,8,18.6,Hspb7,2.063,3.748,0.018644592,0.032696484,43544707.5,28506881,16039149.5,37343580.25,12457952.5,2088945.375,9454450.5,2693053,92406562,57154736,61489580.75,63219058,21830649.63,16970174,23963836,14922406,,,
FALSE,High,Master Protein,P29341,Polyadenylate-binding protein 1 [OS=Mus musculus],0,49.802,25,12,51,12,70.6,Pabpc1,10.767,1,0.004780444,,3726583.5,1435714.5,1440480.25,,,954182.125,,,26781122.75,13511095.75,17743638.75,13165575.5,,,2492635.25,,,Translation factors; mRNA processing,L13a-mediated translational silencing of Ceruloplasmin expression; Nonsense Mediated Decay (NMD) independent of the Exon Junction Complex (EJC); Nonsense Mediated Decay (NMD) enhanced by the Exon Junction Complex (EJC); AUF1 (hnRNP D0) binds and destabilizes mRNA; Translation initiation complex formation; Deadenylation of mRNA
FALSE,High,Master Protein,P70333,Heterogeneous nuclear ribonucleoprotein H2 [OS=Mus musculus],0,49.648,32,10,89,5,49.2,Hnrnph2,3.185,0.561,0.000602697,0.621142672,4387963,2783673,,3204744.5,5723081,8007641.5,6680537.5,7783584,14547167,8452128.5,8931687.25,9808338.25,1927780.5,7483517,9915734.5,,Acetyl [N-Term],mRNA processing,mRNA Splicing - Major Pathway; Processing of Capped Intron-Containing Pre-mRNA
FALSE,High,Master Protein,Q99K48,Non-POU domain-containing octamer-binding protein [OS=Mus musculus],0,49.646,51,16,122,15,54.5,Nono,3.342,2.223,0.001641621,0.061814279,3943956.5,1979137.5,1745348.375,3015436.75,3521647.75,2069077.125,6311154,2186232.75,11183402.25,7072853.75,8398203.25,9426253.25,4060541.25,5980399.875,10793307.75,8064497.25,,mRNA processing,
FALSE,High,Master Protein,Q9D832,DnaJ homolog subfamily B member 4 [OS=Mus musculus],0,49.248,44,12,69,11,37.8,Dnajb4,8.701,7.33,0.003518267,0.001509926,19890488.38,11506534.13,4840837.125,17996464.13,11490529.44,6472280.125,15577351.25,12084579.38,157459191.5,110031388.8,109813487.8,115991895,81766496.38,96803206.25,101545694.5,91236515.75,,,
FALSE,High,Master Protein,P42932,T-complex protein 1 subunit theta [OS=Mus musculus],0,49.222,32,15,56,15,59.5,Cct8,1000,1000,,,1327235.625,,,,,,,,41862764.44,25950615.38,24077866.84,33646724.94,3412019.75,4095660.5,14801111.5,9183298.75,,,Neutrophil degranulation; Cooperation of PDCL (PhLP1) and TRiC/CCT in G-protein beta folding; Association of TriC/CCT with target proteins during biosynthesis
FALSE,High,Master Protein,Q14C51,Small ribosomal subunit protein mS39 [OS=Mus musculus],0,49.144,28,14,72,13,77.7,Ptcd3,57.635,4.024,0.024138789,0.053248625,,,2929498.5,2971954,4187812.5,4701537,5932118.5,,14455453.25,4158286,9731244.75,9042862.25,8317396.5,14635308.25,30864695,18316888.75,,,Mitochondrial translation elongation; Mitochondrial translation termination; Mitochondrial ribosome-associated quality control
FALSE,High,Master Protein,Q9R0Y5,Adenylate kinase isoenzyme 1 [OS=Mus musculus],0,49.085,53,10,102,10,21.5,Ak1,1.147,0.509,0.088302935,0.006229008,40743306.5,46174914.5,31848335.38,39225338.13,66142546.38,97950393.25,84003530.63,73636850.5,41384271,53917097.38,43142666.25,44209976.25,24204617,50009125.25,50428173.75,37360552,,Purine metabolism,Interconversion of nucleotide di- and triphosphates
FALSE,High,Master Protein,P20108,"Thioredoxin-dependent peroxide reductase, mitochondrial [OS=Mus musculus]",0,48.987,50,8,82,8,28.1,Prdx3,0.792,0.149,0.054206603,0.005576602,47036861.5,49884326.75,33795188.13,26079721.63,62109419.5,81386270.75,78461209,56954050.75,37227001,35096999,26808982.5,25476719,8646337,12924189.75,27807031,6767864.5,,Oxidative stress and redox pathway,Detoxification of Reactive Oxygen Species
FALSE,High,Master Protein,Q9JHI5,"Isovaleryl-CoA dehydrogenase, mitochondrial [OS=Mus musculus]",0,48.943,27,10,62,10,46.3,Ivd,1000,0.247,,0.009431897,,,,,14443212.5,28615168.25,27030465,18976134.5,,1396071.875,1151308.5,,1582653.125,5541543.25,8547721.375,6208416.5,,,Branched-chain amino acid catabolism
FALSE,High,Master Protein,Q9CXS4,Centromere protein V [OS=Mus musculus],0,48.904,44,8,91,8,27.5,Cenpv,0.43,0.281,0.001109725,0.000861957,42090445.75,28441948.25,31643539.5,38515750.75,34632067.63,48577470.5,44992101,48871539.88,17129620,12896621.75,16647850,15153439.25,7737234.5,13585305,15883820.63,13807864.88,,,
FALSE,High,Master Protein,Q60598,Src substrate cortactin [OS=Mus musculus],0,48.886,25,11,47,11,61.2,Cttn,6,2.86,8.0032E-06,0.215861178,3714771,3612108.75,4594632,5943586,2413866.75,2768581.5,4300638.5,,23802118,21220690.38,28151464.38,33498934.75,5972941.875,2600942.25,14214002.5,4445859.5,,,
FALSE,High,Master Protein,P80314,T-complex protein 1 subunit beta [OS=Mus musculus],0,48.829,35,12,43,12,57.4,Cct2,1000,1000,,,,,797747.4375,,,,,,27891569,14405838.63,22808293.75,24443026,934651.5,2059386.906,3696865.75,,,,Neutrophil degranulation; Cooperation of PDCL (PhLP1) and TRiC/CCT in G-protein beta folding; RHOBTB1 GTPase cycle; RHOBTB2 GTPase cycle; Association of TriC/CCT with target proteins during biosynthesis
FALSE,High,Master Protein,Q61598,Rab GDP dissociation inhibitor beta [OS=Mus musculus],0,48.631,32,10,71,7,50.5,Gdi2,2.472,0.985,0.007072844,0.737734635,6932181.5,7569047,5307435,6319553.5,3790674.5,5679327,5508399.5,4328623.5,17586212.25,18237130,20919634,12446195.25,3132061,4630771.5,6466103,6937488,,,Neutrophil degranulation; RAB GEFs exchange GTP for GDP on RABs
FALSE,High,Master Protein,P62806,Histone H4 [OS=Mus musculus],0,48.562,52,7,655,7,11.4,H4c1; H4c11; H4c12; H4c14; H4c16; H4c2; H4c3; H4c4; H4c6; H4c8; H4c9; Hist1h4m,0.154,0.081,4.52136E-05,0.000776975,13731350095,10242511495,10477389755,15717026393,8849163025,9339260085,11652811758,12086553641,1838272752,1759805946,1636963226,2400698770,605254798,593182391.5,1577445350,1161813183,,Type II interferon signaling (IFNG),RMTs methylate histone arginines; Nonhomologous End-Joining (NHEJ); Regulation of endogenous retroelements by KRAB-ZFP proteins; SUMOylation of chromatin organization proteins; Recognition and association of DNA glycosylase with site containing an affected purine; Cleavage of the damaged purine; Condensation of Prophase Chromosomes; DNA Damage/Telomere Stress Induced Senescence; Recruitment and ATM-mediated phosphorylation of repair and signaling proteins at DNA double strand breaks; Processing of DNA double-strand break ends; G2/M DNA damage checkpoint; Inhibition of DNA recombination at telomere; PKMTs methylate histone lysines; Deposition of new CENPA-containing nucleosomes at the centromere; HDACs deacetylate histones; HATs acetylate histones; RUNX1 regulates genes involved in megakaryocyte differentiation and platelet function; Estrogen-dependent gene expression; PRC2 methylates histones and DNA; Negative Regulation of CDH1 Gene Transcription; MLL4 and MLL3 complexes regulate expression of PPARG target genes in adipogenesis and hepatic steatosis; Regulation of PD-L1(CD274) transcription; HDMs demethylate histones
FALSE,High,Master Protein,P28352,DNA repair nuclease/redox regulator APEX1 [OS=Mus musculus],0,48.509,48,10,53,10,35.5,Apex1,0.484,0.382,0.001102751,0.163771094,29005360,26439936.34,19639609.5,25813122.63,7137691.391,7527679.5,,5243892,15600946.75,12210739.25,9963415,10585484.38,,3704882.75,4763328.5,1555737,,,POLB-Dependent Long Patch Base Excision Repair; Displacement of DNA glycosylase by APEX1; PCNA-Dependent Long Patch Base Excision Repair; Abasic sugar-phosphate removal via the single-nucleotide replacement pathway
FALSE,High,Master Protein,Q9CW03,Structural maintenance of chromosomes protein 3 [OS=Mus musculus],0,48.168,18,16,47,16,141.5,Smc3,1000,1000,,,,,,,,,,,4846350.75,2576853,3105239,8891908,,,1771850.625,,,Mecp2 and associated Rett syndrome,Separation of Sister Chromatids; Resolution of Sister Chromatid Cohesion; SUMOylation of DNA damage response and repair proteins; Establishment of Sister Chromatid Cohesion; Cohesin Loading onto Chromatin
FALSE,High,Master Protein,Q920M5,Coronin-6 [OS=Mus musculus],0,48.013,29,11,63,10,52.6,Coro6,5.196,22.881,0.000234426,0.012573052,30532529,23837839.25,27579289,32613865,4146807.125,22539866.75,1826720.625,3132730,157738194,147434001,144128988,137843875,65546240.25,111402566,125604154,103764049,,,
FALSE,High,Master Protein,Q8QZS1,"3-hydroxyisobutyryl-CoA hydrolase, mitochondrial [OS=Mus musculus]",0,47.971,37,11,61,11,43,Hibch,1.028,0.31,0.643854915,0.000814355,20078622.25,20306763.75,16481119.25,14308652,23424991.5,36767157,31768959.25,24705712.75,18816292.5,19582075.5,18057218.5,15753480,6629372.625,8776291.625,10798117.25,8545263.5,,,Branched-chain amino acid catabolism
FALSE,High,Master Protein,Q8BMJ2,"Leucine--tRNA ligase, cytoplasmic [OS=Mus musculus]",0,47.861,16,15,38,15,134.1,Lars1,1000,1000,,,,,,,,,,,30451182,9195926.75,14392146.25,1519201.25,,4385823,,,,,Transcriptional and post-translational regulation of MITF-M expression and activity
FALSE,High,Master Protein,Q9DC07,LIM zinc-binding domain-containing Nebulette [OS=Mus musculus],0,47.763,38,8,165,8,31.1,Nebl,1.123,0.453,0.336345557,0.008129586,101093464,69728140,76142272,90187330,142839440,173910164,171379652,156472324,90841534,75031182,89705124,105668120,47025663,66142918,92299046,87532134,,,
FALSE,High,Master Protein,P62983,Ubiquitin-ribosomal protein eS31 fusion protein [OS=Mus musculus],0,47.512,51,7,161,2,17.9,Rps27a,0.067,0.001,,,2614411.5,,,1727708.375,1984504.625,,2908635,3670215.25,11636226,,,,,,9703510,,,Cytoplasmic ribosomal proteins,"Antigen processing: Ubiquitination & Proteasome degradation; Peroxisomal protein import; Regulation of TP53 Activity through Phosphorylation; DNA Damage Recognition in GG-NER; UCH proteinases; L13a-mediated translational silencing of Ceruloplasmin expression; SRP-dependent cotranslational protein targeting to membrane; Major pathway of rRNA processing in the nucleolus and cytosol; Formation of a pool of free 40S subunits; GTP hydrolysis and joining of the 60S ribosomal subunit; Nonsense Mediated Decay (NMD) independent of the Exon Junction Complex (EJC); Nonsense Mediated Decay (NMD) enhanced by the Exon Junction Complex (EJC); PELO:HBS1L and ABCE1 dissociate a ribosome on a non-stop mRNA; ZNF598 and the Ribosome-associated Quality Trigger (RQT) complex dissociate a ribosome stalled on a no-go mRNA; Translation initiation complex formation; Formation of the ternary complex, and subsequently, the 43S complex; Ribosomal scanning and start codon recognition; FCERI mediated NF-kB activation; Downstream TCR signaling; Ribosome Quality Control (RQC) complex extracts and degrades nascent peptide; Activation of NF-kappaB in B cells; Downregulation of ERBB2:ERBB3 signaling; Ovarian tumor domain proteases; Neddylation; Recruitment and ATM-mediated phosphorylation of repair and signaling proteins at DNA double strand breaks; Processing of DNA double-strand break ends; Recognition of DNA damage by PCNA-containing replication complex; Formation of Incision Complex in GG-NER; Dual Incision in GG-NER; Formation of TC-NER Pre-Incision Complex; Dual incision in TC-NER; Gap-filling DNA repair synthesis and ligation in TC-NER; Regulation of TP53 Activity through Methylation; Downregulation of TGF-beta receptor signaling; Downregulation of SMAD2/3:SMAD4 transcriptional activity; Asymmetric localization of PCP proteins; Degradation of AXIN; Hedgehog 'on' state; Ub-specific processing proteases; Regulation of RUNX3 expression and activity; APC/C:Cdc20 mediated degradation of Cyclin B; Autodegradation of Cdh1 by Cdh1:APC/C; APC/C:Cdc20 mediated degradation of Securin; APC/C:Cdh1 mediated degradation of Cdc20 and other APC/C:Cdh1 targeted proteins in late mitosis/early G1; Cdc20:Phospho-APC/C mediated degradation of Cyclin A; APC-Cdc20 mediated degradation of Nek2A; Separation of Sister Chromatids; Senescence-Associated Secretory Phenotype (SASP); Assembly of the pre-replicative complex; CDK-mediated phosphorylation and removal of Cdc6; Fanconi Anemia Pathway; Stimuli-sensing channels; Regulation of PLK1 Activity at G2/M Transition; EGFR downregulation; Negative regulation of MAPK pathway; The role of GTSE1 in G2/M progression after G2 checkpoint; Aggrephagy; Cargo recognition for clathrin-mediated endocytosis; MAPK6/MAPK4 signaling; E3 ubiquitin ligases ubiquitinate target proteins; PINK1-PRKN Mediated Mitophagy; Regulation of PTEN stability and activity; Regulation of TNFR1 signaling; TNFR1-induced NF-kappa-B signaling pathway; Metalloprotease DUBs; ABC-family proteins mediated transport; Iron uptake and transport; Regulation of NF-kappa B signaling; Regulation of RAS by GAPs; FBXL7 down-regulates AURKA during mitotic entry and in early mitosis; Degradation of CDH1; RAS processing; Translesion Synthesis by POLH; NOD1/2 Signaling Pathway; Interferon alpha/beta signaling; VLDLR internalisation and degradation; Regulation of PTEN localization; Spry regulation of FGF signaling; Regulation of necroptotic cell death; IKK complex recruitment mediated by RIP1; Regulation of signaling by CBL; Pexophagy; Negative regulation of FLT3; HDR through Homologous Recombination (HRR); Oxygen-dependent proline hydroxylation of Hypoxia-inducible Factor Alpha; SCF(Skp2)-mediated degradation of p27/p21; Degradation of beta-catenin by the destruction complex; Autodegradation of the E3 ubiquitin ligase COP1; AUF1 (hnRNP D0) binds and destabilizes mRNA; Degradation of DVL; Hedgehog ligand biogenesis; Dectin-1 mediated noncanonical NF-kB signaling; Degradation of GLI1 by the proteasome; GLI3 is processed to GLI3R by the proteasome; NIK-->noncanonical NF-kB signaling; Orc1 removal from chromatin; G2/M Checkpoints; Ubiquitin-Mediated Degradation of Phosphorylated Cdc25A; Ubiquitin-dependent degradation of Cyclin D; RUNX1 regulates transcription of genes involved in differentiation of HSCs; Regulation of RUNX2 expression and activity; KEAP1-NFE2L2 pathway; GSK3B and BTRC:CUL1-mediated-degradation of NFE2L2; GSK3B-mediated proteasomal degradation of PD-L1(CD274); SPOP-mediated proteasomal degradation of PD-L1(CD274); AMPK-induced ERAD and lysosome mediated degradation of PD-L1(CD274); Degradation of CRY and PER proteins; Deactivation of the beta-catenin transactivating complex; Oxidative Stress Induced Senescence; activated TAK1 mediates p38 MAPK activation; SMAD2/SMAD3:SMAD4 heterotrimer regulates transcription; Cyclin D associated events in G1; NOTCH3 Activation and Transmission of Signal to the Nucleus; Regulation of TP53 Degradation; Oncogene Induced Senescence; Termination of translesion DNA synthesis; Gap-filling DNA repair synthesis and ligation in GG-NER; Inactivation of CSF3 (G-CSF) signaling; PD-L1(CD274) glycosylation and translocation to plasma membrane; p75NTR recruits signalling complexes; NF-kB is activated and signals survival; TAK1-dependent IKK and NF-kappa-B activation  ; MAP3K8 (TPL2)-dependent MAPK1/3 activation; IRAK1 recruits IKK complex; IRAK1 recruits IKK complex upon TLR7/8 or 9 stimulation; JNK (c-Jun kinases) phosphorylation and  activation mediated by activated human TAK1; Regulation of FZD by ubiquitination; TGF-beta receptor signaling in EMT (epithelial to mesenchymal transition); Negative regulation of MET activity; Endosomal Sorting Complex Required For Transport (ESCRT); Regulation of expression of SLITs and ROBOs; Regulation of pyruvate metabolism; NRIF signals cell death from the nucleus; Downregulation of ERBB4 signaling; Translesion synthesis by REV1; SCF-beta-TrCP mediated degradation of Emi1; Activated NOTCH1 Transmits Signal to the Nucleus; Regulation of innate immune responses to cytosolic DNA; N-glycan trimming in the ER and Calnexin/Calreticulin cycle; Translesion synthesis by POLK; Translesion synthesis by POLI; Josephin domain DUBs; PTK6 Regulates RTKs and Their Effectors AKT1 and DOK1; Synthesis of active ubiquitin: roles of E1 and E2 enzymes; ER Quality Control Compartment (ERQC); Negative regulators of DDX58/IFIH1 signaling; Activation of IRF3, IRF7 mediated by TBK1, IKKε (IKBKE); IRAK2 mediated activation of TAK1 complex; TRAF6-mediated induction of TAK1 complex within TLR4 complex; Alpha-protein kinase 1 signaling pathway; Regulation of BACH1 activity; IRAK2 mediated activation of TAK1 complex upon TLR7/8 or 9 stimulation; Regulation of TBK1, IKKε (IKBKE)-mediated activation of IRF3, IRF7"
FALSE,High,Master Protein,Q920Q6,RNA-binding protein Musashi homolog 2 [OS=Mus musculus],0,47.489,27,7,81,7,36.9,Msi2,2.739,1.268,0.004042676,0.09032635,25920469.5,13594759,12858922.5,20283555.75,13815067.75,16093665.25,20692177.75,15668181.75,58102180,45511408.25,44144473,43782823.5,14866362.5,17232908.25,31110353.25,23420165.13,,mRNA processing,RHOBTB2 GTPase cycle
FALSE,High,Master Protein,Q8K009,Mitochondrial 10-formyltetrahydrofolate dehydrogenase [OS=Mus musculus],0,47.383,17,11,37,11,101.5,Aldh1l2,1.432,,0.133571548,,13738040.5,7057790.375,7166489.125,3061365.375,,,,,20176180.25,9854669.5,7100715.125,8247682.625,,,,,,,Metabolism of folate and pterines
FALSE,High,Master Protein,Q91ZU6,Dystonin [OS=Mus musculus],0,47.338,3,17,50,14,833.7,Dst,1000,1000,,,,,,,,,,,11273895,8143703.125,8102922.625,7940924.625,2964402.188,12092772.5,11702529.5,12130771.5,,Alpha 6 beta 4 integrin signaling pathway,RND2 GTPase cycle; RND3 GTPase cycle; Type I hemidesmosome assembly; RHOU GTPase cycle; RND1 GTPase cycle; RHOV GTPase cycle
FALSE,High,Master Protein,Q9Z2X1,Heterogeneous nuclear ribonucleoprotein F [OS=Mus musculus],0,47.221,31,11,76,9,45.7,Hnrnpf,4.967,1.261,0.068972594,0.450804332,3671301,17871469.5,1774182.875,23763423,15637378.13,1903135.75,22972676.5,12977006.25,45564631.25,34804499,39355195.5,47229956,8936612.25,12699030,24895967,19033993,Acetyl [N-Term]; Met-loss+Acetyl [N-Term],Mecp2 and associated Rett syndrome; mRNA processing,mRNA Splicing - Major Pathway; Processing of Capped Intron-Containing Pre-mRNA
FALSE,High,Master Protein,P10630,Eukaryotic initiation factor 4A-II [OS=Mus musculus],0,47.204,33,11,91,3,46.4,Eif4a2,47.967,4.836,0.000976768,0.009030052,1977140.75,2368694.5,,,1312570.375,1623076.375,1820468,,4537415,5449902.5,8392308.75,7871370,4533118,9075001.25,7613496,7291723.5,,Translation factors; mRNA processing,L13a-mediated translational silencing of Ceruloplasmin expression; GTP hydrolysis and joining of the 60S ribosomal subunit; Translation initiation complex formation; Ribosomal scanning and start codon recognition; ISG15 antiviral mechanism; Deadenylation of mRNA
FALSE,High,Master Protein,P49312,Heterogeneous nuclear ribonucleoprotein A1 [OS=Mus musculus],0,47.19,39,11,75,9,34.2,Hnrnpa1,2.535,1.78,0.004509358,0.030732554,9834279.75,9941658.5,11056858.88,13527238.5,9254402,15650289.5,14235769.5,14551964.5,35371644.75,23557950,22107555.75,36673240.5,17829023.5,18218034.75,30726804.25,23928371.75,,mRNA processing,mRNA Splicing - Major Pathway; Processing of Capped Intron-Containing Pre-mRNA; FGFR2 alternative splicing
FALSE,High,Master Protein,P48193,Protein 4.1 [OS=Mus musculus],0,47.136,21,13,56,12,95.9,Epb41,1.566,1.497,0.261844097,0.216953341,7933275,5555964.75,3949307.375,7001532.625,1247622.25,3684021.625,3923870.5,2068175.75,13366438.75,4862346.5,59507200.13,10187175.25,1550732.75,3235279.5,17165430.75,3729557,,Splicing factor NOVA regulated synaptic proteins,Neurexins and neuroligins
FALSE,High,Master Protein,Q06890,Clusterin [OS=Mus musculus],0,47.095,30,11,56,11,51.6,Clu,2.481,6.296,0.011276686,0.473176045,22647683.25,15962308.25,6169334.75,11389852.88,,638593.875,,2675668.625,47257225.5,47072174.75,18516365.63,18191713.88,,4020397,1219993.125,2891478.5,,,Platelet degranulation ; Regulation of Complement cascade; Antimicrobial peptides; Terminal pathway of complement
FALSE,High,Master Protein,Q9ES46,Beta-parvin [OS=Mus musculus],0,47.078,37,9,85,8,41.6,Parvb,0.389,0.136,0.01786618,0.028618758,18774720,12645460.5,10948739.5,21362961.75,15041011,13998929.5,16561558.75,17162407,7067112.5,5075532.5,7900878.5,6852335.5,4940868.5,1959255.5,2193674,,,Focal adhesion,Regulation of cytoskeletal remodeling and cell spreading by IPP complex components
FALSE,High,Master Protein,O88492,Perilipin-4 [OS=Mus musculus],0,46.948,35,13,75,13,139.3,Plin4,5.516,1.85,5.53748E-05,0.03790653,2981657.25,2230026.625,2899847.375,4946032.875,9114079,15920839.25,9290751.25,5306417.75,16835300.75,12358543.5,15922206.5,22645978.13,14090163.31,26681475,18974610.25,21068679.5,,,
FALSE,High,Master Protein,Q9Z1T1,AP-3 complex subunit beta-1 [OS=Mus musculus],0,46.724,19,18,61,18,122.7,Ap3b1,4.827,2.326,0.00069036,0.745001709,6867782.875,4481134.375,4908608.641,5458991.75,1877428.5,,1217242,927141,33488699.19,28593274.13,23453484.5,20538712.88,696554.4375,3001078.563,2319975.875,2631176.25,,,Golgi Associated Vesicle Biogenesis
FALSE,High,Master Protein,P40124,Adenylyl cyclase-associated protein 1 [OS=Mus musculus],0,46.698,38,11,50,10,51.5,Cap1,6.752,1000,0.03174979,,,4509564,8794877,5570438,,,,,27024892.5,34363831.25,25045470,33327329.75,11515418.75,7595246.75,18929796.5,21648695,Acetyl [N-Term],Insulin signaling,Neutrophil degranulation
FALSE,High,Master Protein,O70194,Eukaryotic translation initiation factor 3 subunit D [OS=Mus musculus],0,46.656,32,13,69,13,63.9,Eif3d,1000,0.579,,0.583329483,2481500.25,,,,2468948,2931324,4588459,,18449149,10638779.75,16779547.25,9897529.25,2653116.5,,2656630.5,,,Translation factors,"L13a-mediated translational silencing of Ceruloplasmin expression; Formation of a pool of free 40S subunits; GTP hydrolysis and joining of the 60S ribosomal subunit; Translation initiation complex formation; Formation of the ternary complex, and subsequently, the 43S complex; Ribosomal scanning and start codon recognition"
FALSE,High,Master Protein,P02463,Collagen alpha-1(IV) chain [OS=Mus musculus],0,46.562,7,7,149,7,160.6,Col4a1,0.092,0.042,0.001389231,0.00108972,650407776,357711678,325818265,293915759.3,105252868.5,207162771.5,209456766.5,388746697,26690131.75,36391621.5,26876808.25,31388127.5,2770707.438,6347377.625,15649980.5,22575716.5,,Spinal cord injury; Focal adhesion: PI3K-Akt-mTOR signaling pathway; Focal adhesion,Laminin interactions; Signaling by PDGF; Integrin cell surface interactions; NCAM1 interactions; Collagen chain trimerization; Collagen degradation; Fibronectin matrix formation; Crosslinking of collagen fibrils; Non-integrin membrane-ECM interactions
FALSE,High,Master Protein,Q922Q8,Leucine-rich repeat-containing protein 59 [OS=Mus musculus],0,46.438,37,10,72,10,34.9,Lrrc59,2.699,4.504,0.015460264,0.028268012,30817956,11218589,12392688.5,26306100.5,3018241.875,,5888311.75,10127590.63,60821856,42871489,45727026,48253679.75,14976371.13,14862400.25,24073631.25,23966410,,,
FALSE,High,Master Protein,P15331,Peripherin [OS=Mus musculus],0,46.134,28,13,113,9,54.2,Prph,0.001,0.001,,,3919472.25,2769368.5,2388325.5,11567339,2108164,,3688932.5,5212219.25,,,,,,,,,,,
FALSE,High,Master Protein,P62281,Small ribosomal subunit protein uS17 [OS=Mus musculus],0,46.127,56,11,145,11,18.4,Rps11,1.835,1.11,0.001103308,0.201679066,149888095.3,98894506,115157120,100207370.8,96854080.75,130312213.3,126388334.5,125255017.9,310885546.5,179075088,214246661.8,163967460.9,95017646.63,136398985.3,183812287.8,147381675.9,Acetyl [N-Term],Cytoplasmic ribosomal proteins; TNF-alpha NF-kB signaling pathway; mRNA processing,"Major pathway of rRNA processing in the nucleolus and cytosol; L13a-mediated translational silencing of Ceruloplasmin expression; Formation of a pool of free 40S subunits; GTP hydrolysis and joining of the 60S ribosomal subunit; Translation initiation complex formation; Formation of the ternary complex, and subsequently, the 43S complex; Ribosomal scanning and start codon recognition; SRP-dependent cotranslational protein targeting to membrane; Nonsense Mediated Decay (NMD) independent of the Exon Junction Complex (EJC); Nonsense Mediated Decay (NMD) enhanced by the Exon Junction Complex (EJC); PELO:HBS1L and ABCE1 dissociate a ribosome on a non-stop mRNA; ZNF598 and the Ribosome-associated Quality Trigger (RQT) complex dissociate a ribosome stalled on a no-go mRNA"
FALSE,High,Master Protein,P56959,RNA-binding protein FUS [OS=Mus musculus],0,46.051,22,7,72,7,52.6,Fus,2.356,2.263,0.001745934,0.004222036,31295099,22997974,23169734.75,37593732,20686166.63,19116604,23695913.5,20631796,73738305.5,54193622,68395528.38,74624408.13,34957785,40424332.38,63379167.88,49971021.88,,mRNA processing,mRNA Splicing - Major Pathway; Processing of Capped Intron-Containing Pre-mRNA
FALSE,High,Master Protein,Q3TJZ6,Protein FAM98A [OS=Mus musculus],0,45.914,21,7,66,5,55,Fam98a,1000,1000,,,,,,,,,,,18553302,12985510.5,13951914,11894850.5,1973833.125,3340635,11148785.5,3492279,,,
FALSE,High,Master Protein,P80318,T-complex protein 1 subunit gamma [OS=Mus musculus],0,45.84,28,13,69,13,60.6,Cct3,2.207,1.15,0.003314083,0.407293984,10860483.94,8524964.5,5878315.5,10232540,2032777.125,1482647.875,8575881.25,6718836,24030170.5,18774942.75,17706945.75,19447461.5,4220215,,6321639.25,12059269.38,,,Cooperation of PDCL (PhLP1) and TRiC/CCT in G-protein beta folding; Association of TriC/CCT with target proteins during biosynthesis
FALSE,High,Master Protein,P62843,Small ribosomal subunit protein uS19 [OS=Mus musculus],0,45.804,65,5,82,5,17,Rps15,5.972,1.442,0.000564164,0.029583256,11351166,11591909,9854530,8809533.75,18292203.25,19035873.25,21598343.5,16797757.75,86733267,51050788,57703845,53653134,24810198.5,26691842.5,48655741,24925749,,Cytoplasmic ribosomal proteins,"L13a-mediated translational silencing of Ceruloplasmin expression; Formation of a pool of free 40S subunits; GTP hydrolysis and joining of the 60S ribosomal subunit; Translation initiation complex formation; Formation of the ternary complex, and subsequently, the 43S complex; Ribosomal scanning and start codon recognition; SRP-dependent cotranslational protein targeting to membrane; Major pathway of rRNA processing in the nucleolus and cytosol; Nonsense Mediated Decay (NMD) independent of the Exon Junction Complex (EJC); Nonsense Mediated Decay (NMD) enhanced by the Exon Junction Complex (EJC); PELO:HBS1L and ABCE1 dissociate a ribosome on a non-stop mRNA; ZNF598 and the Ribosome-associated Quality Trigger (RQT) complex dissociate a ribosome stalled on a no-go mRNA"
FALSE,High,Master Protein,Q9WVH9,Fibulin-5 [OS=Mus musculus],0,45.75,21,8,107,8,50.2,Fbln5,0.66,0.478,0.044118311,0.047924411,25495042,15473754,7249520.5,13923747,2568647.25,4907133.5,,4958469,10421189,8892267,5495230.5,10705049,961084.75,1533663.25,1751004.125,3025764.5,,,Molecules associated with elastic fibres
FALSE,High,Master Protein,Q99LX0,Parkinson disease protein 7 homolog [OS=Mus musculus],0,45.683,43,6,77,6,20,Park7,1.948,0.679,0.019390124,0.063836956,18386197,21211384.5,20066212.25,26353653,17594759.5,25484014.75,27810780,19743059.5,38929068.5,40613603.75,39776688.25,32305937.5,11254484.5,13151994,26601756.5,14241062.25,,mRNA processing; Parkinson's disease,Aggrephagy; SUMOylation of transcription cofactors
FALSE,High,Master Protein,Q01149,Collagen alpha-2(I) chain [OS=Mus musculus],0,45.426,10,11,110,11,129.5,Col1a2,0.069,0.03,0.002256564,0.006447202,290172097.3,151435339,139470489.5,126685614.3,39456744,82169808,78082416,155887346.5,8235741,12166882,8377716,13454447,,1690198.5,3838333.75,6669384,,Focal adhesion: PI3K-Akt-mTOR signaling pathway; Dysregulated miRNA targeting in insulin/PI3K-AKT signaling; Inflammatory response pathway; Focal adhesion,Immunoregulatory interactions between a Lymphoid and a non-Lymphoid cell; Cell surface interactions at the vascular wall; ECM proteoglycans; Integrin cell surface interactions; Collagen chain trimerization; Collagen degradation; Fibronectin matrix formation; Crosslinking of collagen fibrils; Non-integrin membrane-ECM interactions; GPVI-mediated activation cascade; GP1b-IX-V activation signalling; Platelet Adhesion to exposed collagen; Platelet Aggregation (Plug Formation); MET activates PTK2 signaling
FALSE,High,Master Protein,Q64133,Amine oxidase [flavin-containing] A [OS=Mus musculus],0,45.333,29,11,58,10,59.6,Maoa,0.754,1000,0.026754298,,63072975,29426745,17159500.5,43515094.94,,,,,55495226.25,20505331,13987494.25,28419494,260869.2969,,963241.5625,,,SIDS susceptibility pathways; Oxidative stress response; Biogenic amine synthesis,Enzymatic degradation of dopamine by COMT; Norepinephrine Neurotransmitter Release Cycle; Enzymatic degradation of Dopamine by monoamine oxidase; Metabolism of serotonin; Biogenic amines are oxidatively deaminated to aldehydes by MAOA and MAOB
FALSE,High,Master Protein,Q8BXK9,Chloride intracellular channel protein 5 [OS=Mus musculus],0,45.312,37,7,64,6,28.3,Clic5,4.955,75.281,0.01390501,0.380777352,3512579,6600119.5,3308591.5,14602669.5,,,2527255.25,2749261,27698697.5,25469556,21046321.5,31226076.5,11798838.5,7312241.75,3510826.75,15580748,,,
FALSE,High,Master Protein,Q9WUR2,Enoyl-CoA delta isomerase 2 [OS=Mus musculus],0,45.31,22,6,54,6,43.2,Eci2,2.087,0.456,0.3126593,0.005457506,19213836,5194760.75,11405804.75,,21419827,36168232,58057634.5,18542981.5,18633572.5,16781487.75,15385013.25,5754820,9758506,16478603.5,25477127.75,12282896,,,Peroxisomal protein import; Beta-oxidation of very long chain fatty acids
FALSE,High,Master Protein,P35550,rRNA 2'-O-methyltransferase fibrillarin [OS=Mus musculus],0,45.301,39,9,68,9,34.3,Fbl,2.494,1.879,2.75375E-05,0.174143913,15642965,11341609.5,11533385,15552195.5,3153245,1794462.625,3024880.75,3655107,37722582,27057993,29764433,40111303.5,2522639.25,8751888.5,5932309.25,6583549.5,,TNF-alpha NF-kB signaling pathway; mRNA processing,Major pathway of rRNA processing in the nucleolus and cytosol
FALSE,High,Master Protein,P80315,T-complex protein 1 subunit delta [OS=Mus musculus],0,45.26,30,14,77,13,58,Cct4,4.491,3.978,0.002736649,0.022475609,8145051.5,10339254,5925108,6156407.5,,1692124,4298886,1378090.375,46166064.5,28303606.5,24621407,29878476.5,2182363.25,7781872.625,10412985.5,4741873.75,Met-loss [N-Term],,Cooperation of PDCL (PhLP1) and TRiC/CCT in G-protein beta folding; Association of TriC/CCT with target proteins during biosynthesis
FALSE,High,Master Protein,Q9CXW4,Large ribosomal subunit protein uL5 [OS=Mus musculus],0,45.16,48,7,93,7,20.2,Rpl11,1.672,1.198,0.001266673,0.117415027,252502270.5,181249396,191843244.9,212823134.1,119351071.8,155466173.9,165816554.1,165153356.8,436213823.5,283464488.3,367258470,344289602.5,118369708.1,174426037.6,243650823.3,211168034.8,Acetyl [N-Term],Cytoplasmic ribosomal proteins; mRNA processing,Ribosome Quality Control (RQC) complex extracts and degrades nascent peptide; ZNF598 and the Ribosome-associated Quality Trigger (RQT) complex dissociate a ribosome stalled on a no-go mRNA; L13a-mediated translational silencing of Ceruloplasmin expression; SRP-dependent cotranslational protein targeting to membrane; Major pathway of rRNA processing in the nucleolus and cytosol; Formation of a pool of free 40S subunits; GTP hydrolysis and joining of the 60S ribosomal subunit; Nonsense Mediated Decay (NMD) independent of the Exon Junction Complex (EJC); Nonsense Mediated Decay (NMD) enhanced by the Exon Junction Complex (EJC); PELO:HBS1L and ABCE1 dissociate a ribosome on a non-stop mRNA
FALSE,High,Master Protein,Q64522,Histone H2A type 2-B [OS=Mus musculus],0,45.086,52,4,109,1,14,H2ac21,,,,,,,,,,,,,,,,,,,,,,,RMTs methylate histone arginines; UCH proteinases; Ub-specific processing proteases; HDACs deacetylate histones; Metalloprotease DUBs
FALSE,High,Master Protein,Q9WUM3,Coronin-1B [OS=Mus musculus],0,45.08,23,9,64,9,53.9,Coro1b,1.392,0.798,0.010725056,0.124680263,298507733,237033825,255755267.8,208899064.8,420111061.8,435690367.8,428907850,441843587.8,364216637,310313404.5,402309349,309397087,253169165,297645102.3,415964225.5,412070822.5,,,
FALSE,High,Master Protein,Q9D6Y9,"1,4-alpha-glucan-branching enzyme [OS=Mus musculus]",0,45.059,21,10,31,10,80.3,Gbe1,67.898,,0.189568395,,3406870.5,,,3039289.25,,,,,7662123.5,20455798,18723574.5,14011467.5,,,,,Met-loss+Acetyl [N-Term]; Acetyl [N-Term],Glycogen metabolism,Glycogen synthesis
FALSE,High,Master Protein,Q80WJ7,Protein LYRIC [OS=Mus musculus],0,44.984,30,11,65,11,63.8,Mtdh,6.329,74.525,0.00231104,0.014911757,3773782,2236308.25,2844376.5,2579023.75,,1933140.625,,1941284.125,22995480.94,8665560.063,18700398.5,25012652.75,5615373.594,9926140.313,12650031.88,10781921.25,,,
FALSE,High,Master Protein,P19253,Large ribosomal subunit protein uL13 [OS=Mus musculus],0,44.888,34,8,145,8,23.4,Rpl13a,1.728,1.221,0.001871452,0.062558765,267842356,181764934,197262486,232440976,105844046,131924055,145089681,150935206,470681994,308822274,384297074,351764502.5,111784412.5,158609538.5,220410294,187192708.5,Acetyl [N-Term]; Met-loss [N-Term]; Met-loss+Acetyl [N-Term],Cytoplasmic ribosomal proteins,Ribosome Quality Control (RQC) complex extracts and degrades nascent peptide; ZNF598 and the Ribosome-associated Quality Trigger (RQT) complex dissociate a ribosome stalled on a no-go mRNA; L13a-mediated translational silencing of Ceruloplasmin expression; SRP-dependent cotranslational protein targeting to membrane; Major pathway of rRNA processing in the nucleolus and cytosol; Formation of a pool of free 40S subunits; GTP hydrolysis and joining of the 60S ribosomal subunit; Nonsense Mediated Decay (NMD) independent of the Exon Junction Complex (EJC); Nonsense Mediated Decay (NMD) enhanced by the Exon Junction Complex (EJC); PELO:HBS1L and ABCE1 dissociate a ribosome on a non-stop mRNA
FALSE,High,Master Protein,Q5SYD0,Unconventional myosin-Id [OS=Mus musculus],0,44.831,19,15,50,15,116,Myo1d,1000,1000,,,,,,,,,,,22576374,13739952.75,10391449.13,12089861.5,,,5773202.75,7108362.75,,,
FALSE,High,Master Protein,Q9JLZ3,"Methylglutaconyl-CoA hydratase, mitochondrial [OS=Mus musculus]",0,44.785,34,11,104,11,33.4,Auh,1.179,0.517,0.632979328,0.003242353,220164023.5,138188271,141997066,121135223.8,355331202.4,466642730,370647065.4,409984989.8,244729349,172676760.5,184461575.5,88685172.5,159313904.5,225567228.5,232916410,226995701,,mRNA processing,Branched-chain amino acid catabolism
FALSE,High,Master Protein,P63087,Serine/threonine-protein phosphatase PP1-gamma catalytic subunit [OS=Mus musculus],0,44.757,40,11,94,1,37,Ppp1cc,,,,,,,,,,,,,,,,,,,,,,Insulin signaling,RAF activation; Separation of Sister Chromatids; Amplification  of signal from unattached  kinetochores via a MAD2  inhibitory signal; Resolution of Sister Chromatid Cohesion; RHO GTPases Activate Formins; EML4 and NUDC in mitotic spindle formation
FALSE,High,Master Protein,P80316,T-complex protein 1 subunit epsilon [OS=Mus musculus],0,44.718,29,11,49,10,59.6,Cct5,7.072,0.897,0.03521964,0.342611478,9750257,1363830,792354.75,9355381.375,2790368.25,3436710.25,6408988,3394323.25,36576665,18183642.75,22675979.75,23842373.25,631319.8125,3101948.375,6905113,3024727.5,Acetyl [N-Term],,Cooperation of PDCL (PhLP1) and TRiC/CCT in G-protein beta folding; Association of TriC/CCT with target proteins during biosynthesis
FALSE,High,Master Protein,P32233,Developmentally-regulated GTP-binding protein 1 [OS=Mus musculus],0,44.646,36,10,57,10,40.5,Drg1,9.922,1000,0.003768147,,3220231.25,,2845326.25,3884973.5,1475106.75,,,,33248027.25,20008610.25,27132210,26005725.75,4537775.25,7942304.5,8115756.75,12437316.5,,,Protein hydroxylation
FALSE,High,Master Protein,Q64524,Histone H2B type 2-E [OS=Mus musculus],0,44.551,41,5,324,1,14,H2bc21,0.001,0.001,,,10712326,8070278,7780406.5,11719554,7802169.5,7825822,9054932,10051913,,,,,,,,,,,Regulation of endogenous retroelements by KRAB-ZFP proteins; Recognition and association of DNA glycosylase with site containing an affected purine; Cleavage of the damaged purine; Condensation of Prophase Chromosomes; DNA Damage/Telomere Stress Induced Senescence; Recruitment and ATM-mediated phosphorylation of repair and signaling proteins at DNA double strand breaks; Nonhomologous End-Joining (NHEJ); Processing of DNA double-strand break ends; G2/M DNA damage checkpoint; Inhibition of DNA recombination at telomere; Deposition of new CENPA-containing nucleosomes at the centromere; HDACs deacetylate histones; HATs acetylate histones; E3 ubiquitin ligases ubiquitinate target proteins; RUNX1 regulates genes involved in megakaryocyte differentiation and platelet function; Estrogen-dependent gene expression; PRC2 methylates histones and DNA; Negative Regulation of CDH1 Gene Transcription; MLL4 and MLL3 complexes regulate expression of PPARG target genes in adipogenesis and hepatic steatosis; Regulation of PD-L1(CD274) transcription
FALSE,High,Master Protein,P24369,Peptidyl-prolyl cis-trans isomerase B [OS=Mus musculus],0,44.513,41,9,113,9,23.7,Ppib,1.558,0.997,0.001883794,0.965535112,116977442,78781718,82893011.25,108766646.5,48458518,45475423.5,57249192,55427191.25,177787241.5,125890958,147362571,157467295.5,39581113,38194994,67787617.25,66887697.25,,,
FALSE,High,Master Protein,Q9Z2Z6,Mitochondrial carnitine/acylcarnitine carrier protein [OS=Mus musculus],0,44.295,48,15,112,15,33,Slc25a20,0.715,0.261,0.009398547,0.000597632,45510688.5,21316614.75,35717797.5,20726051.5,63477707.5,91182501,105747970,60666506.5,31031825,15973319.25,20967016.25,15968404.5,13982655,24358587.5,35309355,15491651.5,Met-loss+Acetyl [N-Term]; Acetyl [N-Term],Fatty acid beta-oxidation; Fatty acid beta-oxidation (streamlined); Mitochondrial long chain fatty acid beta-oxidation,Carnitine shuttle
FALSE,High,Master Protein,Q61171,Peroxiredoxin-2 [OS=Mus musculus],0,44.144,57,9,78,9,21.8,Prdx2,2.654,0.856,3.24756E-05,0.426873135,15681447.5,18419435.5,12073729.5,14180986.25,6513671,18953282.75,18052527.5,14552276.5,41197651.75,47983301.25,32367011.75,41107015,2847727,12087801,20755069,18185303.25,,Oxidative stress and redox pathway,TP53 Regulates Metabolic Genes; Detoxification of Reactive Oxygen Species
FALSE,High,Master Protein,Q91W90,Thioredoxin domain-containing protein 5 [OS=Mus musculus],0,44.1,35,11,43,11,46.4,Txndc5,4.154,0.39,0.009320901,0.583775646,4744379,,4001648,6161582.5,1793360.375,1859200,,4584358,16608809.25,13187328.5,12885364.75,30366432.75,4502046,724903.8125,,1217638.875,,,Neutrophil degranulation; Golgi Associated Vesicle Biogenesis; Lysosome Vesicle Biogenesis
FALSE,High,Master Protein,Q8BKC5,Importin-5 [OS=Mus musculus],0,43.951,13,12,50,12,123.5,Ipo5,3.125,0.774,0.001750336,0.397817602,10523702.75,10470569,9811411.25,9894979.875,27558200.63,21713500.75,22243135.63,21390634.25,43625387,27952459.75,35510844.44,26694289.13,18279831.13,15212329.25,29845047.25,18279455.88,,,
FALSE,High,Master Protein,P09103,Protein disulfide-isomerase [OS=Mus musculus],0,43.819,27,12,46,12,57,P4hb,2.291,1.872,0.002769111,0.020274892,14792888.75,16718875.13,7426703.625,8993072.75,1893398.125,3560244.375,7216553,3439656.625,30152816,31856740.25,20685629.88,23155334.63,6617712.625,6324953.313,12201676.5,6783438.375,,,Collagen biosynthesis and modifying enzymes; Regulation of Insulin-like Growth Factor (IGF) transport and uptake by Insulin-like Growth Factor Binding Proteins (IGFBPs); Post-translational protein phosphorylation; VLDL assembly; Chylomicron assembly; LDL remodeling; Detoxification of Reactive Oxygen Species; Hedgehog ligand biogenesis; Insulin processing; Interleukin-12 signaling; Interleukin-23 signaling
FALSE,High,Master Protein,Q9JK53,Prolargin [OS=Mus musculus],0,43.804,33,11,84,11,43.3,Prelp,2.983,1.677,0.005354318,0.137016831,16320529,16150821.75,10433221.75,25249167,3131869.313,3215916,2068290.625,17628028,51422282,45601735.5,36018300,46555193,3411110.438,4341570.75,10431412.5,36703282,,,Keratan sulfate degradation; Keratan sulfate biosynthesis
FALSE,High,Master Protein,P62911,Large ribosomal subunit protein eL32 [OS=Mus musculus],0,43.477,39,5,95,5,15.9,Rpl32,1.999,1.215,0.002833991,0.101900038,98752321,57779262,77596378.38,98121580,46834797.88,55363061.88,49217693,58120995.5,197544046,126980698,155064631,153766570,49589420.25,63071667,84105501,75363624.25,,Cytoplasmic ribosomal proteins; mRNA processing,L13a-mediated translational silencing of Ceruloplasmin expression; SRP-dependent cotranslational protein targeting to membrane; Major pathway of rRNA processing in the nucleolus and cytosol; Formation of a pool of free 40S subunits; GTP hydrolysis and joining of the 60S ribosomal subunit; Nonsense Mediated Decay (NMD) independent of the Exon Junction Complex (EJC); Nonsense Mediated Decay (NMD) enhanced by the Exon Junction Complex (EJC); Ribosome Quality Control (RQC) complex extracts and degrades nascent peptide; PELO:HBS1L and ABCE1 dissociate a ribosome on a non-stop mRNA; ZNF598 and the Ribosome-associated Quality Trigger (RQT) complex dissociate a ribosome stalled on a no-go mRNA
FALSE,High,Master Protein,P97429,Annexin A4 [OS=Mus musculus],0,43.47,38,10,34,9,35.9,Anxa4,1000,,,,,,,,,,,,7729955.75,3563573.5,3290400.125,1836587.25,,,,,,Prostaglandin synthesis and regulation,
FALSE,High,Master Protein,O70250,Phosphoglycerate mutase 2 [OS=Mus musculus],0,43.04,49,11,85,8,28.8,Pgam2,1.246,0.583,0.346161161,0.040604573,32794931.5,32460805.5,26342330.75,28834969.75,50375731,74566753,67171406,58657312,25779676,54347105,35777269,32941073.75,18787369.44,40973697.38,55139229.25,36251571.5,,Glycolysis and gluconeogenesis,Gluconeogenesis; Glycolysis
FALSE,High,Master Protein,P62849,Small ribosomal subunit protein eS24 [OS=Mus musculus],0,43.034,35,4,113,4,15.4,Rps24,1.187,0.758,0.028132701,0.011898784,85863032.5,53381173.63,55024040.88,55920842.13,60566978.38,65941860,78059063.25,71765176.75,107112696,58822145.75,74053620.25,63174283.75,38265322.75,48823558,63706031.25,55705179.25,Acetyl [N-Term],Cytoplasmic ribosomal proteins; mRNA processing,"L13a-mediated translational silencing of Ceruloplasmin expression; SRP-dependent cotranslational protein targeting to membrane; Major pathway of rRNA processing in the nucleolus and cytosol; Formation of a pool of free 40S subunits; GTP hydrolysis and joining of the 60S ribosomal subunit; Nonsense Mediated Decay (NMD) independent of the Exon Junction Complex (EJC); Nonsense Mediated Decay (NMD) enhanced by the Exon Junction Complex (EJC); PELO:HBS1L and ABCE1 dissociate a ribosome on a non-stop mRNA; ZNF598 and the Ribosome-associated Quality Trigger (RQT) complex dissociate a ribosome stalled on a no-go mRNA; Translation initiation complex formation; Formation of the ternary complex, and subsequently, the 43S complex; Ribosomal scanning and start codon recognition"
FALSE,High,Master Protein,Q9CZX8,Small ribosomal subunit protein eS19 [OS=Mus musculus],0,42.858,37,7,122,7,16.1,Rps19,1.631,1.102,0.001782822,0.318793136,187917099.5,130824417.3,134518602.6,150165711,142807910.5,150631490,171546946.6,141170324,316748470,194424690.9,248733049.8,236983746.4,129001689.8,163718669,242452812.8,157653194.5,,Cytoplasmic ribosomal proteins,"ZNF598 and the Ribosome-associated Quality Trigger (RQT) complex dissociate a ribosome stalled on a no-go mRNA; SRP-dependent cotranslational protein targeting to membrane; L13a-mediated translational silencing of Ceruloplasmin expression; Formation of a pool of free 40S subunits; GTP hydrolysis and joining of the 60S ribosomal subunit; Translation initiation complex formation; Formation of the ternary complex, and subsequently, the 43S complex; Ribosomal scanning and start codon recognition; Major pathway of rRNA processing in the nucleolus and cytosol; Nonsense Mediated Decay (NMD) independent of the Exon Junction Complex (EJC); Nonsense Mediated Decay (NMD) enhanced by the Exon Junction Complex (EJC); PELO:HBS1L and ABCE1 dissociate a ribosome on a non-stop mRNA"
FALSE,High,Master Protein,P20918,Plasminogen [OS=Mus musculus],0,42.767,27,14,49,14,90.7,Plg,1000,1000,,,,,,,,,,,10278456.75,10100864,5876974.5,8909873.125,,555165.9375,,583132.75,,BDNF pathway; Complement and coagulation cascades; Blood clotting cascade; Fibrin complement receptor 3 signaling pathway,Platelet degranulation ; Signaling by PDGF; Dissolution of Fibrin Clot; Activation of Matrix Metalloproteinases
FALSE,High,Master Protein,Q80X19,Collagen alpha-1(XIV) chain [OS=Mus musculus],0,42.687,10,15,44,15,192.9,Col14a1,4.385,1000,0.027963454,,1508598.5,,781806.9375,6099968.75,,,,1976729.188,3674636,6444834,4061382,22582054.38,1336837.75,1200508.875,4086357.25,11132027.06,,,Assembly of collagen fibrils and other multimeric structures; Collagen chain trimerization
FALSE,High,Master Protein,O54734,Dolichyl-diphosphooligosaccharide--protein glycosyltransferase 48 kDa subunit [OS=Mus musculus],0,42.645,33,9,40,9,49,Ddost,1.658,1.773,0.004872622,0.07904427,13694450,8886665,6450207.75,3303899.75,1497325.75,1661516,1611727.25,2775607.5,24361548,17688406,9962477,4846294.5,2001522.625,1826010.875,3788701.25,7089310.5,,,Neutrophil degranulation; Regulation of CDH1 posttranslational processing and trafficking to plasma membrane; PD-L1(CD274) glycosylation and translocation to plasma membrane
FALSE,High,Master Protein,P11983,T-complex protein 1 subunit alpha [OS=Mus musculus],0,42.521,33,13,45,13,60.4,Tcp1,1000,1000,,,,,,,,,,,13806987,6516227.5,9130563.25,5914167.75,1420104.625,1565062.75,2245339,1837508.75,Acetyl [N-Term],,Cooperation of PDCL (PhLP1) and TRiC/CCT in G-protein beta folding; Association of TriC/CCT with target proteins during biosynthesis
FALSE,High,Master Protein,Q9EPU0,Regulator of nonsense transcripts 1 [OS=Mus musculus],0,42.388,21,17,62,17,123.9,Upf1,1000,1000,,,,,,,,,,,15944754.13,3640850.5,,8131107,,3182788.5,9435474.5,6731911.25,,,Nonsense Mediated Decay (NMD) independent of the Exon Junction Complex (EJC); Nonsense Mediated Decay (NMD) enhanced by the Exon Junction Complex (EJC)
FALSE,High,Master Protein,P12382,"ATP-dependent 6-phosphofructokinase, liver type [OS=Mus musculus]",0,42.373,15,9,59,4,85.3,Pfkl,,,,,,,,,,,,,,,,,,,,,,Glycolysis and gluconeogenesis; Insulin signaling,Neutrophil degranulation; Glycolysis
FALSE,High,Master Protein,P27661,Histone H2AX [OS=Mus musculus],0,42.355,64,7,185,2,15.1,H2ax,1000,1000,,,,,,,,,,,10751191,10670087,9166430,13372641,3149463.25,3516553.75,7418516.5,6191941.5,,Proteasome degradation,Regulation of endogenous retroelements by KRAB-ZFP proteins; Recognition and association of DNA glycosylase with site containing an affected purine; Cleavage of the damaged purine; Condensation of Prophase Chromosomes; DNA Damage/Telomere Stress Induced Senescence; Recruitment and ATM-mediated phosphorylation of repair and signaling proteins at DNA double strand breaks; Nonhomologous End-Joining (NHEJ); Processing of DNA double-strand break ends; G2/M DNA damage checkpoint; Inhibition of DNA recombination at telomere; Deposition of new CENPA-containing nucleosomes at the centromere; RUNX1 regulates genes involved in megakaryocyte differentiation and platelet function; PRC2 methylates histones and DNA; Negative Regulation of CDH1 Gene Transcription; MLL4 and MLL3 complexes regulate expression of PPARG target genes in adipogenesis and hepatic steatosis; Regulation of PD-L1(CD274) transcription
FALSE,High,Master Protein,P17225,Polypyrimidine tract-binding protein 1 [OS=Mus musculus],0,42.328,25,8,61,8,59.3,Ptbp1,2.943,3.217,0.000495386,0.00371643,15763670,11557027.25,8345826,13220308,4584918.25,3888583.813,4556327.625,7165040.875,44854438.5,35177388.38,31391420,36763124,10226525.75,16757299.13,15952409.5,21174109.75,Acetyl [N-Term],mRNA processing,mRNA Splicing - Major Pathway; Processing of Capped Intron-Containing Pre-mRNA; FGFR2 alternative splicing
FALSE,High,Master Protein,P43276,Histone H1.5 [OS=Mus musculus],0,42.321,26,6,128,5,22.6,H1-5,0.188,0.062,6.26272E-05,0.010327206,542487184,433745104,437371208,616545024,271703576,259238992,365289376,390050144,92776200,92178632,77253918,122774520,11667967.75,5441245.125,71326644,34707327,Acetyl [N-Term]; Met-loss+Acetyl [N-Term],,Formation of Senescence-Associated Heterochromatin Foci (SAHF); Apoptosis induced DNA fragmentation
FALSE,High,Master Protein,Q8R5C5,Beta-centractin [OS=Mus musculus],0,42.257,32,7,64,3,42.3,Actr1b,1000,1000,,,,,,,,,,,3557676,3417371,3763450.75,2924726,3501320.75,,,,,,Neutrophil degranulation; MHC class II antigen presentation
FALSE,High,Master Protein,Q61301,Catenin alpha-2 [OS=Mus musculus],0,42.231,10,8,66,1,105.2,Ctnna2,,,,,,,,,,,,,,,,,,,,,,,Myogenesis
FALSE,High,Master Protein,P99029,"Peroxiredoxin-5, mitochondrial [OS=Mus musculus]",0,42.052,42,7,86,7,21.9,Prdx5,0.647,0.216,0.022887608,0.000561385,85099860.5,79669652.5,57363565,67882438.5,118737631.3,163699923,158658248,121356131,53949275.5,52687480,48361818.5,35600906.5,18170919.88,34869382.25,38800866.5,26618105,,Oxidative stress and redox pathway,TP53 Regulates Metabolic Genes; Detoxification of Reactive Oxygen Species
FALSE,High,Master Protein,O35658,"Complement component 1 Q subcomponent-binding protein, mitochondrial [OS=Mus musculus]",0,41.881,25,5,56,5,31,C1qbp,0.794,0.046,0.153677517,0.039802707,62483991,30714613,27250172.5,33016098,44040544,49860477,44653696,25007891.25,60849684.75,19903393.5,26710061,19893581,,2356636.25,9883964.25,1101933,,,RHOA GTPase cycle; RHOC GTPase cycle; Intrinsic Pathway of Fibrin Clot Formation
FALSE,High,Master Protein,Q8BP67,Large ribosomal subunit protein eL24 [OS=Mus musculus],0,41.856,36,6,103,6,17.8,Rpl24,2.351,1.489,0.000487861,0.202467602,168700088,122220334,124177458.5,148458818,99524542.5,119143620.4,119762892,121700148,415983575,273875836,334572536,315529876,128261712,97099039,236968843,209291363.5,,Cytoplasmic ribosomal proteins,Ribosome Quality Control (RQC) complex extracts and degrades nascent peptide; SRP-dependent cotranslational protein targeting to membrane; L13a-mediated translational silencing of Ceruloplasmin expression; Major pathway of rRNA processing in the nucleolus and cytosol; Formation of a pool of free 40S subunits; GTP hydrolysis and joining of the 60S ribosomal subunit; Nonsense Mediated Decay (NMD) independent of the Exon Junction Complex (EJC); Nonsense Mediated Decay (NMD) enhanced by the Exon Junction Complex (EJC); PELO:HBS1L and ABCE1 dissociate a ribosome on a non-stop mRNA; ZNF598 and the Ribosome-associated Quality Trigger (RQT) complex dissociate a ribosome stalled on a no-go mRNA
FALSE,High,Master Protein,P63323,Small ribosomal subunit protein eS12 [OS=Mus musculus],0,41.73,70,7,80,7,14.5,Rps12,1.65,1.147,0.004481797,0.33828123,54686633.25,33555914,38617161.5,46749664,33083097.25,34498720,34995071,35686903.5,91377648,45468283.25,69950793.5,76141470.25,37178350.5,29396312,62161009.75,41784892.5,Acetyl [N-Term],Cytoplasmic ribosomal proteins,"L13a-mediated translational silencing of Ceruloplasmin expression; SRP-dependent cotranslational protein targeting to membrane; Major pathway of rRNA processing in the nucleolus and cytosol; Formation of a pool of free 40S subunits; GTP hydrolysis and joining of the 60S ribosomal subunit; Nonsense Mediated Decay (NMD) independent of the Exon Junction Complex (EJC); Nonsense Mediated Decay (NMD) enhanced by the Exon Junction Complex (EJC); PELO:HBS1L and ABCE1 dissociate a ribosome on a non-stop mRNA; ZNF598 and the Ribosome-associated Quality Trigger (RQT) complex dissociate a ribosome stalled on a no-go mRNA; Translation initiation complex formation; Formation of the ternary complex, and subsequently, the 43S complex; Ribosomal scanning and start codon recognition"
FALSE,High,Master Protein,Q5SW19,Clustered mitochondria protein homolog [OS=Mus musculus],0,41.622,15,16,73,16,148,Cluh,1000,1000,,,,,,,,,,,3437812.75,1914562.5,2348343.25,,,1702890.5,2685559,1394758.375,,,
FALSE,High,Master Protein,Q9CR57,Large ribosomal subunit protein eL14 [OS=Mus musculus],0,41.35,26,5,116,5,23.5,Rpl14,1.941,1.444,0.000668753,0.016549975,146229088,98750929.25,111829353.9,117993627.8,77907569.38,91148837.25,98657524.5,95105441.63,294471453.3,184694183.3,227729407,199157372.5,88495383.5,130460550.5,150504597.5,138534775,,,L13a-mediated translational silencing of Ceruloplasmin expression; SRP-dependent cotranslational protein targeting to membrane; Major pathway of rRNA processing in the nucleolus and cytosol; Formation of a pool of free 40S subunits; GTP hydrolysis and joining of the 60S ribosomal subunit; Nonsense Mediated Decay (NMD) independent of the Exon Junction Complex (EJC); Nonsense Mediated Decay (NMD) enhanced by the Exon Junction Complex (EJC); Ribosome Quality Control (RQC) complex extracts and degrades nascent peptide; PELO:HBS1L and ABCE1 dissociate a ribosome on a non-stop mRNA; ZNF598 and the Ribosome-associated Quality Trigger (RQT) complex dissociate a ribosome stalled on a no-go mRNA
FALSE,High,Master Protein,Q921T2,Torsin-1A-interacting protein 1 [OS=Mus musculus],0,41.283,23,10,62,10,66.7,Tor1aip1,2.892,1.732,0.003397053,0.048646618,8741813.5,6762418.25,7591665.75,14996738.75,5697639.75,7136101.5,4359078.5,6758691.25,26913373,18374945.5,24518392.75,28960302,6334866.75,13178829.75,10603625.25,10979626.5,,,RHOF GTPase cycle; RHOD GTPase cycle
FALSE,High,Master Protein,Q99JW4,LIM and senescent cell antigen-like-containing domain protein 1 [OS=Mus musculus],0,41.204,38,11,96,7,37.2,Lims1,0.924,0.38,0.419778177,0.018203511,24241407.63,15024658,13729998.5,17724761.75,15868908.69,17146860,16927227.5,21656059,16160835.75,14516401.5,15779629.38,15664818.25,4197798,6953218,11386214.75,7713415.5,,,Regulation of cytoskeletal remodeling and cell spreading by IPP complex components
FALSE,High,Master Protein,P01942,Hemoglobin subunit alpha [OS=Mus musculus],0,41.153,56,5,94,5,15.1,Hba,0.168,0.242,0.015381312,0.011174146,48862229.5,119510459.8,204205621.3,179899619.5,142416800,257750797.3,208944747,90832058,1929219.5,22164423.25,31161504,45181408,17735500,46351977.25,80316905,29590324.25,,,Scavenging of heme from plasma; Cytoprotection by HMOX1; Erythrocytes take up carbon dioxide and release oxygen; Erythrocytes take up oxygen and release carbon dioxide; Heme signaling
FALSE,High,Master Protein,P49817,Caveolin-1 [OS=Mus musculus],0,41.037,46,7,109,6,20.5,Cav1,0.871,0.568,0.106479355,0.009531894,120219260.5,75063429.13,62255085.56,117373539.6,155838904.6,137564072,125587771.5,194225850.3,76731192.25,70456223.25,55284884.38,100367455.5,80595468.94,69431741.25,78308286,143486946,,TNF-alpha NF-kB signaling pathway; Androgen receptor signaling pathway; TGF-beta receptor signaling pathway; Na/K-ATPase/Src signaling; EGFR1 signaling pathway; Integrin-mediated cell adhesion; Focal adhesion,RHOA GTPase cycle; RHOB GTPase cycle; Thyroxine biosynthesis; CDC42 GTPase cycle; RAC1 GTPase cycle; RHOQ GTPase cycle; RHOC GTPase cycle; RHOG GTPase cycle; RND2 GTPase cycle; RHOH GTPase cycle; RAC2 GTPase cycle; RAC3 GTPase cycle; Extra-nuclear estrogen signaling; RND3 GTPase cycle; RND1 GTPase cycle; RHOF GTPase cycle; RHOD GTPase cycle; Basigin interactions; Disassembly of the destruction complex and recruitment of AXIN to the membrane; VEGFR2 mediated vascular permeability; eNOS activation; NOSTRIN mediated eNOS trafficking
FALSE,High,Master Protein,Q8BYL4,"Tyrosine--tRNA ligase, mitochondrial [OS=Mus musculus]",0,40.99,37,12,44,12,52.6,Yars2,5.636,4.475,0.000105941,0.124239152,2299563.5,1083188.375,1963154.5,989449.0625,1110649.5,2700133.25,1927990,,12339169.25,7066521.125,9560749.25,5858074.75,4242314.375,3499192.25,10106325.25,5305723.75,,,
FALSE,High,Master Protein,Q8R0Y8,Mitochondrial coenzyme A transporter SLC25A42 [OS=Mus musculus],0,40.966,39,8,53,8,35.2,Slc25a42,1.089,0.165,0.843512108,0.003193495,2904285.25,2181376.5,2782305.5,2223981.25,39557591.5,40010305.75,56715233,39543546.75,3725505.25,1604529,3460558,2119489.25,5053513.5,6655082.5,18079455,6488774,,,Vitamin B5 (pantothenate) metabolism
FALSE,High,Master Protein,Q9D666,SUN domain-containing protein 1 [OS=Mus musculus],0,40.912,16,11,66,10,101.9,Sun1,1.634,1.126,0.030619985,0.103975542,4409700.125,3409058.875,5949566.375,6432695.125,4625307.875,5072381.125,5940578.75,9839957.75,7720172.25,7397572.75,7108909.25,9805656,4886437,5945086.25,8595162.25,10641447.5,,,
FALSE,High,Master Protein,Q6ZWN5,Small ribosomal subunit protein uS4 [OS=Mus musculus],0,40.894,52,12,153,12,22.6,Rps9,1.915,1.391,0.000947171,0.046692394,148800589,93825876.5,99638818.5,96944905,97132732,107451600.5,123878803.5,109321381.5,283533791,168788457.3,227610550.5,186498447.5,103700019,142667493.3,208038155.5,159391315.8,,mRNA processing,"L13a-mediated translational silencing of Ceruloplasmin expression; SRP-dependent cotranslational protein targeting to membrane; Major pathway of rRNA processing in the nucleolus and cytosol; Formation of a pool of free 40S subunits; GTP hydrolysis and joining of the 60S ribosomal subunit; Nonsense Mediated Decay (NMD) independent of the Exon Junction Complex (EJC); Nonsense Mediated Decay (NMD) enhanced by the Exon Junction Complex (EJC); PELO:HBS1L and ABCE1 dissociate a ribosome on a non-stop mRNA; ZNF598 and the Ribosome-associated Quality Trigger (RQT) complex dissociate a ribosome stalled on a no-go mRNA; Translation initiation complex formation; Formation of the ternary complex, and subsequently, the 43S complex; Ribosomal scanning and start codon recognition"
FALSE,High,Master Protein,Q8CGP5,Histone H2A type 1-F [OS=Mus musculus],0,40.865,61,6,256,2,14.2,Hist1h2af,0.208,0.127,4.02204E-05,0.000407699,5472446786,5347091778,4480650468,6200051917,3954940540,3668858631,4529420693,4731715515,978997445.2,1155447047,944994987.4,1267314957,448841536.5,404040724.8,817927659.4,673304151.2,,,DNA Damage/Telomere Stress Induced Senescence; Ub-specific processing proteases; Regulation of endogenous retroelements by KRAB-ZFP proteins; Recognition and association of DNA glycosylase with site containing an affected purine; Cleavage of the damaged purine; Condensation of Prophase Chromosomes; Inhibition of DNA recombination at telomere; Deposition of new CENPA-containing nucleosomes at the centromere; RMTs methylate histone arginines; HDACs deacetylate histones; UCH proteinases; Metalloprotease DUBs; RUNX1 regulates genes involved in megakaryocyte differentiation and platelet function; PRC2 methylates histones and DNA; Negative Regulation of CDH1 Gene Transcription; MLL4 and MLL3 complexes regulate expression of PPARG target genes in adipogenesis and hepatic steatosis; Regulation of PD-L1(CD274) transcription
FALSE,High,Master Protein,P62264,Small ribosomal subunit protein uS11 [OS=Mus musculus],0,40.806,64,6,70,6,16.3,Rps14,0.001,0.476,,0.070554423,11304452,6510349,6910709.5,8316785.5,6456039.5,6917154.5,8746349,8821377,,7376120,,,,3030502,6670442.5,4562916,,Cytoplasmic ribosomal proteins; mRNA processing,"SRP-dependent cotranslational protein targeting to membrane; L13a-mediated translational silencing of Ceruloplasmin expression; Major pathway of rRNA processing in the nucleolus and cytosol; Formation of a pool of free 40S subunits; GTP hydrolysis and joining of the 60S ribosomal subunit; Nonsense Mediated Decay (NMD) independent of the Exon Junction Complex (EJC); Nonsense Mediated Decay (NMD) enhanced by the Exon Junction Complex (EJC); PELO:HBS1L and ABCE1 dissociate a ribosome on a non-stop mRNA; ZNF598 and the Ribosome-associated Quality Trigger (RQT) complex dissociate a ribosome stalled on a no-go mRNA; Translation initiation complex formation; Formation of the ternary complex, and subsequently, the 43S complex; Ribosomal scanning and start codon recognition"
FALSE,High,Master Protein,P97447,Four and a half LIM domains protein 1 [OS=Mus musculus],0,40.773,34,8,50,8,31.9,Fhl1,1.192,57.839,0.1102641,,26899108.5,22770038.5,22463031.25,14433741.75,,,1873971.5,,31605929,41331464.38,27141815,15720720.25,,,6269173,4367151.5,,Delta-Notch signaling pathway,
FALSE,High,Master Protein,Q3U0S6,Ras-interacting protein 1 [OS=Mus musculus],0,40.664,18,10,51,10,103.5,Rasip1,1000,1000,,,,,,,,,,,1688313.375,1159250.75,3880926.75,2566769.25,3219587.5,,4935101,5177087.625,,,
FALSE,High,Master Protein,P62137,Serine/threonine-protein phosphatase PP1-alpha catalytic subunit [OS=Mus musculus],0,40.627,42,11,87,2,37.5,Ppp1ca,,,,,,,,,,,,,,,,,,,,,,,DARPP-32 events
FALSE,High,Master Protein,P62918,Large ribosomal subunit protein uL2 [OS=Mus musculus],0,40.548,49,8,118,8,28,Rpl8,2.43,1.532,0.001619936,0.027495835,88918421.75,62462185.25,80525200.5,85239915,53215440.22,46390200.88,65304309.63,73805167.25,251180452.5,162677634.5,182547299,167734231.8,62980609.5,73601489.75,129095761.5,109172423,,Cytoplasmic ribosomal proteins; TNF-alpha NF-kB signaling pathway; mRNA processing,L13a-mediated translational silencing of Ceruloplasmin expression; SRP-dependent cotranslational protein targeting to membrane; Major pathway of rRNA processing in the nucleolus and cytosol; Formation of a pool of free 40S subunits; GTP hydrolysis and joining of the 60S ribosomal subunit; Nonsense Mediated Decay (NMD) independent of the Exon Junction Complex (EJC); Nonsense Mediated Decay (NMD) enhanced by the Exon Junction Complex (EJC); Ribosome Quality Control (RQC) complex extracts and degrades nascent peptide; PELO:HBS1L and ABCE1 dissociate a ribosome on a non-stop mRNA; ZNF598 and the Ribosome-associated Quality Trigger (RQT) complex dissociate a ribosome stalled on a no-go mRNA; Protein hydroxylation
FALSE,High,Master Protein,Q60865,Caprin-1 [OS=Mus musculus],0,40.434,25,10,63,10,78.1,Caprin1,6.997,13.26,0.007477251,0.000208724,6607420.25,6653804,1916508.75,9340052.5,2054610.625,1984884.375,3540747.25,4253283.875,60565886.31,35543441.5,39636803.63,46416287.13,28097386.25,28516112.66,45521710.63,37021287.94,,mir-193a and MVP in colon cancer metastasis,
FALSE,High,Master Protein,P47963,Large ribosomal subunit protein eL13 [OS=Mus musculus],0,40.343,37,10,132,10,24.3,Rpl13,1.38,1.285,0.005861499,0.108761867,54286672.63,39329741.94,40693486.19,51395445.75,31628566.5,32208651.94,35137078.56,33759703.13,74884847.63,52930184.5,68436454.13,71004122.44,31646612.97,36305721.75,51444118.38,51726161.31,,Cytoplasmic ribosomal proteins,Major pathway of rRNA processing in the nucleolus and cytosol; Ribosome Quality Control (RQC) complex extracts and degrades nascent peptide; L13a-mediated translational silencing of Ceruloplasmin expression; SRP-dependent cotranslational protein targeting to membrane; Formation of a pool of free 40S subunits; GTP hydrolysis and joining of the 60S ribosomal subunit; Nonsense Mediated Decay (NMD) independent of the Exon Junction Complex (EJC); Nonsense Mediated Decay (NMD) enhanced by the Exon Junction Complex (EJC); PELO:HBS1L and ABCE1 dissociate a ribosome on a non-stop mRNA; ZNF598 and the Ribosome-associated Quality Trigger (RQT) complex dissociate a ribosome stalled on a no-go mRNA
FALSE,High,Master Protein,Q91VT4,3-oxoacyl-[acyl-carrier-protein] reductase [OS=Mus musculus],0,40.297,44,7,48,7,25.4,Cbr4,0.576,0.111,0.003035502,0.00050337,20363917.75,9456436.5,14591487.88,10959626,16022120.75,22182718,27402992.75,22435570.5,9024057.75,5624068,8504502,6237536.75,2844790.875,2308936.25,2788324.25,2648288,,,Fatty acyl-CoA biosynthesis
FALSE,High,Master Protein,P39054,Dynamin-2 [OS=Mus musculus],0,40.286,26,15,50,15,98.1,Dnm2,4.422,2.774,0.000174389,0.014903514,8063106,3858801.75,5939886.875,4860213.25,2431256.5,2354191.25,3461733.75,1895024,37511405.75,16236035.5,27599565.25,17361183.88,3852748.75,6028280.75,10403203,7477113.5,,IL-5 signaling pathway; T cell receptor signaling pathway,MHC class II antigen presentation; Recycling pathway of L1; Clathrin-mediated endocytosis; Golgi Associated Vesicle Biogenesis; Degradation of CDH1; Formation of annular gap junctions; Lysosome Vesicle Biogenesis; Toll Like Receptor 4 (TLR4) Cascade; NOSTRIN mediated eNOS trafficking
FALSE,High,Master Protein,Q6IRU2,Tropomyosin alpha-4 chain [OS=Mus musculus],0,40.211,46,10,100,8,28.5,Tpm4,1.248,1.497,0.411163966,0.309186795,9436770,7276314,6600979,6985214,4156852.5,3826539.5,6399509,5764036,7151813,12090072.38,6187155.75,14733826.75,5824415.188,2656312.75,11998370.75,9219255.125,Acetyl [N-Term],Striated muscle contraction,Striated Muscle Contraction; RHOV GTPase cycle; Smooth Muscle Contraction
FALSE,High,Master Protein,P48036,Annexin A5 [OS=Mus musculus],0,39.921,46,12,55,12,35.7,Anxa5,1.087,1.603,0.429429307,0.025407565,5755636,15646648.5,8218845.25,11874774,3286234,3168374,6492264.5,2953396,10650415,18248762.5,8319357.5,10019622,4694174.75,5986155,7771051.25,5311279,,Prostaglandin synthesis and regulation,Platelet degranulation
FALSE,High,Master Protein,Q91ZJ5,UTP--glucose-1-phosphate uridylyltransferase [OS=Mus musculus],0,39.874,26,11,52,11,56.9,Ugp2,6.69,3.187,0.017067224,0.009013946,6175793,3396906.625,3712045.75,637808.8125,4451091.438,5077914.344,5913886,1915190.25,22416622.5,27146468.25,20786685.75,17642085.75,12557242.75,15214125.38,20046254,13960577.13,,Glucuronidation; Glycogen metabolism; Exercise-induced circadian regulation,"Formation of the active cofactor, UDP-glucuronate; Glycogen synthesis"
FALSE,High,Master Protein,P70168,Importin subunit beta-1 [OS=Mus musculus],0,39.825,15,10,53,10,97.1,Kpnb1,1.013,0.02,0.801053968,0.999567053,7896700.625,1241019,5803478.875,6288718.125,2027167.125,5354759.375,5414833,1287926.375,5299079.5,2580693.5,3761711.25,9608289,,,2147992.5,3250797.25,Acetyl [N-Term],Mechanisms associated with pluripotency; TGF-beta receptor signaling pathway,Neutrophil degranulation; Interferon alpha/beta signaling; Initiation of Nuclear Envelope (NE) Reformation; Assembly of the ORC complex at the origin of replication; Apoptosis induced DNA fragmentation; Regulation of cholesterol biosynthesis by SREBP (SREBF)
FALSE,High,Master Protein,P35980,Large ribosomal subunit protein eL18 [OS=Mus musculus],0,39.665,38,7,120,7,21.6,Rpl18,1.713,1.218,0.001434247,0.118001737,175286927.3,116868436,126995366.3,154596476.5,93617294.25,110782342.3,120992905.8,116134380,306118382.9,196378841.3,257749714.8,250347466.8,91936394.94,126463356.8,180268942.6,150952502.9,,Cytoplasmic ribosomal proteins,L13a-mediated translational silencing of Ceruloplasmin expression; SRP-dependent cotranslational protein targeting to membrane; Major pathway of rRNA processing in the nucleolus and cytosol; Formation of a pool of free 40S subunits; GTP hydrolysis and joining of the 60S ribosomal subunit; Nonsense Mediated Decay (NMD) independent of the Exon Junction Complex (EJC); Nonsense Mediated Decay (NMD) enhanced by the Exon Junction Complex (EJC); PELO:HBS1L and ABCE1 dissociate a ribosome on a non-stop mRNA; ZNF598 and the Ribosome-associated Quality Trigger (RQT) complex dissociate a ribosome stalled on a no-go mRNA; Ribosome Quality Control (RQC) complex extracts and degrades nascent peptide
FALSE,High,Master Protein,Q99N96,Large ribosomal subunit protein uL1m [OS=Mus musculus],0,39.626,38,10,40,9,37.6,Mrpl1,3.254,0.621,0.082487024,0.151708593,2726669,,1595974.625,3235572.25,18962603.5,24940996.75,23733872,9157788,7768249,1797606.25,5931731.375,4703868,8974908,8482564.75,25186890.5,7467243.25,,,Mitochondrial translation termination; Mitochondrial translation elongation; Mitochondrial ribosome-associated quality control
FALSE,High,Master Protein,Q99JY9,Actin-related protein 3 [OS=Mus musculus],0,39.513,33,9,43,9,47.3,Actr3,1.464,,0.862123093,,,16082995,2113349.25,19095624,,,,,11494808,9719237,7490367.25,5784609,,,,,,B cell receptor signaling pathway,Regulation of actin dynamics for phagocytic cup formation; Clathrin-mediated endocytosis; EPHB-mediated forward signaling; RHO GTPases Activate WASPs and WAVEs
FALSE,High,Master Protein,Q91WS0,CDGSH iron-sulfur domain-containing protein 1 [OS=Mus musculus],0,39.451,52,5,97,5,12.1,Cisd1,0.698,0.362,0.017008967,0.002780995,153239934.8,69090989.63,55287147.75,96701644.5,68618260.88,100481606,107707049.8,61291188.63,93789885,50318316.25,47222698.5,64724286.75,18935836.38,31050658.75,45726926.5,26617966.5,,Adipogenesis genes,
FALSE,High,Master Protein,P61205,ADP-ribosylation factor 3 [OS=Mus musculus],0,39.378,43,6,55,3,20.6,Arf3,1000,1000,,,,,,,,,,,23914297,16408048.25,20582700.5,21511120.5,5191732.5,14287952.5,11441456,6793190.5,,,COPI-dependent Golgi-to-ER retrograde traffic; COPI-mediated anterograde transport; Synthesis of PIPs at the Golgi membrane
FALSE,High,Master Protein,Q9D379,Epoxide hydrolase 1 [OS=Mus musculus],0,39.355,31,11,45,11,52.5,Ephx1,0.338,0.001,0.009041936,,109127321,81626747,89933769.63,78931809.25,51301984,75570432,101186584,80084856,60372072.5,30113233,27880647.75,19295353.75,647871,,,,,Metapathway biotransformation; Aflatoxin B1 metabolism,Phase I - Functionalization of compounds
FALSE,High,Master Protein,O55028,Branched-chain alpha-ketoacid dehydrogenase kinase [OS=Mus musculus],0,39.288,24,7,57,7,46.6,Bckdk,1000,1.359,,0.121666116,2861145.5,,,,7231311.75,8317869,4863822.5,8609693.5,10985912,3417437,7051071.25,10563992,7765307.75,10863113,12724473.5,12181540,,,Branched-chain amino acid catabolism
FALSE,High,Master Protein,O89053,Coronin-1A [OS=Mus musculus],0,39.217,26,10,41,10,51,Coro1a,3.084,1000,0.000393649,,15461180.75,15943968.25,10415869.75,14879591.5,524806.375,,,,50084369.5,40148027.25,34336135,43699586.75,995822.75,1561863.875,12972515,3720760,,,
FALSE,High,Master Protein,O08553,Dihydropyrimidinase-related protein 2 [OS=Mus musculus],0,39.156,32,11,46,9,62.2,Dpysl2,,,,,,,,,,,,,,,,,,,,,,Mechanisms associated with pluripotency,Recycling pathway of L1; CRMPs in Sema3A signaling
FALSE,High,Master Protein,Q921S7,Large ribosomal subunit protein mL37 [OS=Mus musculus],0,38.935,26,9,46,9,48.3,Mrpl37,1.888,0.389,0.37780535,0.005024217,2349203.5,828029.5625,3406747.375,,8721537,23576682,24528957.5,14753688.5,3666513.25,1890560,2706790.5,1622813.875,4185511.25,6215273,10657913,5131509,,,Mitochondrial translation elongation; Mitochondrial translation termination; Mitochondrial ribosome-associated quality control
FALSE,High,Master Protein,P62889,Large ribosomal subunit protein eL30 [OS=Mus musculus],0,38.667,65,6,87,6,12.8,Rpl30,1.748,0.986,0.000318965,0.802777533,70327387.25,48216690.75,57827948.25,59821050.5,44758461.25,57576158.75,44069489.75,42639479.63,123320115.8,83997240.81,102776534,94029060.13,24540473.25,40934483.5,63641181,58279036.25,,Selenium metabolism / selenoproteins; Cytoplasmic ribosomal proteins; TNF-alpha NF-kB signaling pathway,L13a-mediated translational silencing of Ceruloplasmin expression; SRP-dependent cotranslational protein targeting to membrane; Major pathway of rRNA processing in the nucleolus and cytosol; Formation of a pool of free 40S subunits; GTP hydrolysis and joining of the 60S ribosomal subunit; Nonsense Mediated Decay (NMD) independent of the Exon Junction Complex (EJC); Nonsense Mediated Decay (NMD) enhanced by the Exon Junction Complex (EJC); Ribosome Quality Control (RQC) complex extracts and degrades nascent peptide; PELO:HBS1L and ABCE1 dissociate a ribosome on a non-stop mRNA; ZNF598 and the Ribosome-associated Quality Trigger (RQT) complex dissociate a ribosome stalled on a no-go mRNA
FALSE,High,Master Protein,Q64152,Transcription factor BTF3 [OS=Mus musculus],0,38.66,39,4,48,4,22,Btf3,1000,1000,,,,,,,5531332.5,,,,28405959.75,20349175.88,34149224,30005876.25,11530635.75,19498490.75,28650252.75,18162201.25,,,
FALSE,High,Master Protein,Q9Z1Q9,Valine--tRNA ligase [OS=Mus musculus],0,38.617,10,9,32,9,140.1,Vars1,0.934,1.625,0.842608292,,14226246.63,9457443.25,1162636.5,1024496.5,553374.3125,,,,6653404,4626185.5,4450346.75,1825820.625,899049.9375,,,,Acetyl [N-Term],,
FALSE,High,Master Protein,Q3TBW2,Large ribosomal subunit protein uL10m [OS=Mus musculus],0,38.43,34,5,21,5,29.4,Mrpl10,1.178,0.352,0.385905612,0.006525849,6833516.25,5186340.75,4175880.75,,17124037.5,18657089.5,26466454.06,10497844.25,8052470.5,4715184,7298481.5,,,6221274,9860303,4592430.5,,,Mitochondrial translation termination; Mitochondrial translation elongation; Mitochondrial ribosome-associated quality control
FALSE,High,Master Protein,Q8QZY1,Eukaryotic translation initiation factor 3 subunit L [OS=Mus musculus],0,38.43,19,10,61,10,66.6,Eif3l,5.077,56.956,0.009734848,0.104128299,3214721.75,1718983.5,1249872.625,1666986.625,,,1632663.875,1048335.563,15238037.5,9345882.75,12551411.25,4355563,2989099.875,3257354,5296304.5,2436570.25,,,"L13a-mediated translational silencing of Ceruloplasmin expression; Formation of a pool of free 40S subunits; GTP hydrolysis and joining of the 60S ribosomal subunit; Translation initiation complex formation; Formation of the ternary complex, and subsequently, the 43S complex; Ribosomal scanning and start codon recognition"
FALSE,High,Master Protein,P61164,Alpha-centractin [OS=Mus musculus],0,38.044,28,8,76,4,42.6,Actr1a,1000,1000,,,,,,,,,,,4421647,3555084.25,4022417.25,3440279.25,2797799.688,3352564.688,3607318.938,,,,MHC class II antigen presentation; COPI-mediated anterograde transport; Anchoring of the basal body to the plasma membrane; Regulation of PLK1 Activity at G2/M Transition; Loss of Nlp from mitotic centrosomes; Recruitment of mitotic centrosome proteins and complexes; Recruitment of NuMA to mitotic centrosomes; AURKA Activation by TPX2; HSP90 chaperone cycle for steroid hormone receptors (SHR) in the presence of ligand; COPI-independent Golgi-to-ER retrograde traffic
FALSE,High,Master Protein,Q99L13,"3-hydroxyisobutyrate dehydrogenase, mitochondrial [OS=Mus musculus]",0,37.991,26,6,53,6,35.4,Hibadh,0.332,0.197,0.000263338,0.003480891,7494693,9902235,7400387.125,6393381.688,6983735,14364651,17101736,8159823.75,2445119.5,3942288.75,2495988.25,1997415.625,,2551249.25,4158949,1776078.25,,,Branched-chain amino acid catabolism
FALSE,High,Master Protein,Q61316,Heat shock 70 kDa protein 4 [OS=Mus musculus],0,37.882,20,12,39,12,94.1,Hspa4,9.73,,0.378160984,,,1617765.75,1389375.5,,,,,,,2514029.563,13518985,1040151.563,,,,,,,Regulation of HSF1-mediated heat shock response
FALSE,High,Master Protein,P68510,14-3-3 protein eta [OS=Mus musculus],0,37.861,41,9,98,5,28.2,Ywhah,10.372,78.55,0.000689983,0.092690053,,2025217.625,1715422,2145704.75,2140988,,2224282.5,,20288162.5,21176024.25,14873256,22074095,8294216.563,2802054,13723978,7013740.125,,TNF-alpha NF-kB signaling pathway; Androgen receptor signaling pathway; Myometrial relaxation and contraction pathways; Alpha 6 beta 4 integrin signaling pathway; Calcium regulation in cardiac cells,TP53 Regulates Metabolic Genes; Activation of BAD and translocation to mitochondria ; RHO GTPases activate PKNs; Chk1/Chk2(Cds1) mediated inactivation of Cyclin B:Cdk1 complex
FALSE,High,Master Protein,Q9QZD9,Eukaryotic translation initiation factor 3 subunit I [OS=Mus musculus],0,37.799,38,9,53,9,36.4,Eif3i,1000,1000,,,2966640.25,,,,,,,,35137892.5,19659666.75,23194205.75,24050280.13,6644366.5,11846868.25,13637745.13,14039122.63,,TGF-beta receptor signaling pathway; Translation factors,"L13a-mediated translational silencing of Ceruloplasmin expression; Formation of a pool of free 40S subunits; GTP hydrolysis and joining of the 60S ribosomal subunit; Translation initiation complex formation; Ribosomal scanning and start codon recognition; Formation of the ternary complex, and subsequently, the 43S complex"
FALSE,High,Master Protein,P50136,"2-oxoisovalerate dehydrogenase subunit alpha, mitochondrial [OS=Mus musculus]",0,37.679,34,10,40,10,50.3,Bckdha,1000,1000,,,,,,,,,,,4372489.375,,1827590.875,7614148.375,9494289.25,22061850.5,21008921.75,13157560.88,,,"Branched-chain amino acid catabolism; BCKDH synthesizes BCAA-CoA from KIC, KMVA, KIV"
FALSE,High,Master Protein,Q9QZQ1,Afadin [OS=Mus musculus],0,37.539,9,12,43,12,206.4,Afdn,1000,1000,,,,,,,,,,,38884029.13,26438994.5,30979371.25,25267684,35481055.5,38918738.25,39822007.5,37815697,,,Adherens junctions interactions
FALSE,High,Master Protein,Q99KV1,DnaJ homolog subfamily B member 11 [OS=Mus musculus],0,37.535,29,8,36,8,40.5,Dnajb11,3.85,1.412,0.000244431,0.231905229,15565027.5,7988112.5,10208887.13,9820910.375,3898900.5,1303406.125,2796579,,48588854.5,33284441.25,38020294.75,39090965.75,5113093.375,1980503,2726483.25,4366379.25,,,
FALSE,High,Master Protein,O54774,AP-3 complex subunit delta-1 [OS=Mus musculus],0,37.524,11,10,39,10,135,Ap3d1,1000,1000,,,,,,,,,,,10784947.75,9948142.875,4930116.5,3521111.75,888139.9375,1149519.125,2397706.75,3268542.25,,,
FALSE,High,Master Protein,P47955,Large ribosomal subunit protein P1 [OS=Mus musculus],0,37.505,52,2,39,2,11.5,Rplp1,1.686,1.143,0.095447865,0.678242243,23383202,34720889,40075818,37320885,11051321,15702007,20338390,23251688,46697636,59042572,36710000,62382662,13890380,16956502,15329706,28135774,,Cytoplasmic ribosomal proteins,L13a-mediated translational silencing of Ceruloplasmin expression; SRP-dependent cotranslational protein targeting to membrane; Major pathway of rRNA processing in the nucleolus and cytosol; Formation of a pool of free 40S subunits; GTP hydrolysis and joining of the 60S ribosomal subunit; Nonsense Mediated Decay (NMD) independent of the Exon Junction Complex (EJC); Nonsense Mediated Decay (NMD) enhanced by the Exon Junction Complex (EJC); PELO:HBS1L and ABCE1 dissociate a ribosome on a non-stop mRNA; ZNF598 and the Ribosome-associated Quality Trigger (RQT) complex dissociate a ribosome stalled on a no-go mRNA; Ribosome Quality Control (RQC) complex extracts and degrades nascent peptide
FALSE,High,Master Protein,Q9D880,Mitochondrial import inner membrane translocase subunit TIM50 [OS=Mus musculus],0,37.46,22,6,52,6,39.8,Timm50,1.046,0.019,0.596632461,0.119222779,9821163,3345304.25,3922293.5,4552986.25,3855558.5,7294080.5,13232506.5,5823594,11975132.5,3002803.5,6935443,3594238.5,,2713192.5,6745185.5,,,,
FALSE,High,Master Protein,Q05D44,Eukaryotic translation initiation factor 5B [OS=Mus musculus],0,37.447,13,11,56,11,137.5,Eif5b,1000,1000,,,,,,,,,,,42563701.38,34458087.75,49963433.13,32974267.38,23083011.78,40192686.25,37493998.91,38614537.5,,,GTP hydrolysis and joining of the 60S ribosomal subunit
FALSE,High,Master Protein,Q60649,Mitochondrial disaggregase [OS=Mus musculus],0,37.328,25,13,55,13,76,Clpb,1000,1000,,,,,,,,,,,2988574.25,,2029539.375,1150065.125,1296164.75,,1896849.625,,,,
FALSE,High,Master Protein,Q9CU62,Structural maintenance of chromosomes protein 1A [OS=Mus musculus],0,37.325,11,12,61,12,143.1,Smc1a,1.45,0.805,0.010573501,0.136648829,258489676,184851556,185074027.5,169692344,366787358,453783114,392085348,408829677,356962193.6,251356625.6,345794649,258294738.1,215730042.7,318726840.3,387325824,377604601.5,,mRNA processing,Separation of Sister Chromatids; Resolution of Sister Chromatid Cohesion; Establishment of Sister Chromatid Cohesion; Cohesin Loading onto Chromatin; SUMOylation of DNA damage response and repair proteins
FALSE,High,Master Protein,Q61792,LIM and SH3 domain protein 1 [OS=Mus musculus],0,37.026,42,11,78,11,30,Lasp1,0.389,0.444,0.013050326,0.011821154,14647178.25,11945726.25,9975003.25,16259656.5,10586099.75,10091015.25,12796947,11905104.5,4857186.5,5443975.125,6292897.75,4914566.5,4110394.125,2711591.375,6489279,6524023.25,,,
FALSE,High,Master Protein,Q3ULD5,"Methylcrotonoyl-CoA carboxylase beta chain, mitochondrial [OS=Mus musculus]",0,36.968,24,9,53,9,61.3,Mccc2,0.001,0.001,,,2166129.5,,,,3380833.5,5322508,,6351079.75,,,,,,,,,,,Biotin transport and metabolism; Branched-chain amino acid catabolism
FALSE,High,Master Protein,P53996,CCHC-type zinc finger nucleic acid binding protein [OS=Mus musculus],0,36.832,49,8,59,8,19.6,Cnbp,10.87,18.904,0.000288725,6.54724E-05,5453560.5,6660543.125,6446909.5,8738978.625,2668928.563,3193656.75,2385470.75,2216301.5,74590722.5,64321266.5,78878530.75,69784630,44706806.13,58005355.13,61225979,43606098.5,Acetyl [N-Term],,
FALSE,High,Master Protein,P52503,"NADH dehydrogenase [ubiquinone] iron-sulfur protein 6, mitochondrial [OS=Mus musculus]",0,36.723,53,5,64,5,13,Ndufs6,2.968,0.572,0.07898866,0.016555109,7412140.25,1607279.625,,10223615,20225058.63,22928133.5,19168888,10393150.25,16254458.25,6454736.875,2171766.5,16652145,9437623.438,12608729.5,15064168.63,6186031,,Oxidative phosphorylation; Electron transport chain,Complex I biogenesis
FALSE,High,Master Protein,P62301,Small ribosomal subunit protein uS15 [OS=Mus musculus],0,36.714,45,8,123,8,17.2,Rps13,1.955,1.43,0.000441968,0.012336122,165155866,94049784.5,113202220.8,127718445.5,112506038.3,113959240.5,144070178,111196968.3,325142025,182563366.5,249732671,232324505,143722561,153438283,252351202,168836941,,Cytoplasmic ribosomal proteins; TNF-alpha NF-kB signaling pathway; mRNA processing,"L13a-mediated translational silencing of Ceruloplasmin expression; SRP-dependent cotranslational protein targeting to membrane; Major pathway of rRNA processing in the nucleolus and cytosol; Formation of a pool of free 40S subunits; GTP hydrolysis and joining of the 60S ribosomal subunit; Nonsense Mediated Decay (NMD) independent of the Exon Junction Complex (EJC); Nonsense Mediated Decay (NMD) enhanced by the Exon Junction Complex (EJC); PELO:HBS1L and ABCE1 dissociate a ribosome on a non-stop mRNA; ZNF598 and the Ribosome-associated Quality Trigger (RQT) complex dissociate a ribosome stalled on a no-go mRNA; Translation initiation complex formation; Formation of the ternary complex, and subsequently, the 43S complex; Ribosomal scanning and start codon recognition"
FALSE,High,Master Protein,P62880,Guanine nucleotide-binding protein G(I)/G(S)/G(T) subunit beta-2 [OS=Mus musculus],0,36.697,30,9,62,5,37.3,Gnb2,0.038,0.021,0.044249488,,2495040,3010058.5,1275257.375,1301186.25,1922087.125,2711772.5,,,3551391.25,,1913658.5,,866359.125,,,,Acetyl [N-Term],Chemokine signaling pathway; G protein signaling pathways; Focal adhesion: PI3K-Akt-mTOR signaling pathway; Myometrial relaxation and contraction pathways; Calcium regulation in cardiac cells,"G alpha (q) signalling events; G alpha (12/13) signalling events; Ca2+ pathway; G beta:gamma signalling through PLC beta; Presynaptic function of Kainate receptors; G alpha (i) signalling events; ADP signalling through P2Y purinoceptor 12; Adrenaline,noradrenaline inhibits insulin secretion; Extra-nuclear estrogen signaling; G alpha (s) signalling events; Glucagon-like Peptide-1 (GLP1) regulates insulin secretion; Vasopressin regulates renal water homeostasis via Aquaporins; Thromboxane signalling through TP receptor; High laminar flow shear stress activates signaling by PIEZO1 and PECAM1:CDH5:KDR in endothelial cells; Thrombin signalling through proteinase activated receptors (PARs); G-protein activation; Glucagon-type ligand receptors; Cooperation of PDCL (PhLP1) and TRiC/CCT in G-protein beta folding; G alpha (z) signalling events; G beta:gamma signalling through CDC42; Activation of G protein gated Potassium channels; Inhibition  of voltage gated Ca2+ channels via Gbeta/gamma subunits; GPER1 signaling; ADP signalling through P2Y purinoceptor 1; G beta:gamma signalling through PI3Kgamma; Prostacyclin signalling through prostacyclin receptor; G beta:gamma signalling through BTK"
FALSE,High,Master Protein,Q8C7X2,ER membrane protein complex subunit 1 [OS=Mus musculus],0,36.363,20,12,33,12,111.5,Emc1,1000,1000,,,,,,,,,,,13911058.5,8441520.75,3463910.563,9734656,2817630.5,,,2949952.5,,,
FALSE,High,Master Protein,P06151,L-lactate dehydrogenase A chain [OS=Mus musculus],0,36.346,34,10,90,9,36.5,Ldha,1.574,1.039,0.002115458,0.488736446,36821977.5,52313522.75,35710484.75,32010034,25915353.75,40828716.25,54417685.75,188483464,56889397,83888724,51312631,57415118,25829175,44239224.5,63485403.5,46956784.5,,Glycolysis and gluconeogenesis,Regulation of pyruvate metabolism; Pyruvate metabolism
FALSE,High,Master Protein,Q60875,Rho guanine nucleotide exchange factor 2 [OS=Mus musculus],0,36.33,18,14,39,14,111.9,Arhgef2,1000,,,,,,,,,,,,9850060,6406495.625,8782222.125,5013569.5,,,,,,,RHOA GTPase cycle; NRAGE signals death through JNK; G alpha (12/13) signalling events; RHOB GTPase cycle
FALSE,High,Master Protein,P20060,Beta-hexosaminidase subunit beta [OS=Mus musculus],0,36.32,28,13,53,13,61.1,Hexb,7.155,10.871,0.011017018,0.019421436,15130366,10918753.25,3415256,7072320,1311950.875,,1412162.25,1691246.25,62897049.5,55002131,73406710.5,71875402.5,5895229,13577806,14629364,19294966,,,Neutrophil degranulation; Keratan sulfate degradation; CS/DS degradation; Glycosphingolipid catabolism; Hyaluronan degradation
FALSE,High,Master Protein,Q6P542,ATP-binding cassette sub-family F member 1 [OS=Mus musculus],0,36.245,14,8,41,8,94.9,Abcf1,9.55,1000,0.025209249,,1298863.625,,1003794.125,1301370.75,,,,,16208761.25,,9586673.75,5355591,,4840628,,6831317.75,,,ABC-family proteins mediated transport
FALSE,High,Master Protein,Q8BK72,Small ribosomal subunit protein mS27 [OS=Mus musculus],0,36.218,20,7,57,7,47.7,Mrps27,1000,0.848,,0.52550865,1357971.5,,,,4614294.25,3028665.75,6191772.25,4757026,5772156.375,1622970.875,3510518.375,,3170400.375,4784628.125,6482364.25,1666069.75,,,Mitochondrial translation elongation; Mitochondrial translation termination; Mitochondrial ribosome-associated quality control
FALSE,High,Master Protein,P06909,Complement factor H [OS=Mus musculus],0,36.14,15,14,40,14,139,Cfh,14.065,6.297,0.00278437,0.032409333,1738963,2037605.5,,1824937.75,,1577031.625,1027147.938,1861775.5,27681942.25,20411672,18841035,22678019.75,4216670.625,4718961.25,8496957.25,8924920.5,,Complement and coagulation cascades,Regulation of Complement cascade
FALSE,High,Master Protein,P62245,Small ribosomal subunit protein uS8 [OS=Mus musculus],0,36.028,57,7,130,7,14.8,Rps15a,1.923,1.318,0.000186111,0.03420185,77721609.5,58220848.5,62674453,64354742.25,38815230.75,51909686.5,54405899,54921771.25,151999484,105083351,129759213,121719571,44844412.5,66339687,93118444,74678458.25,,Cytoplasmic ribosomal proteins,"L13a-mediated translational silencing of Ceruloplasmin expression; SRP-dependent cotranslational protein targeting to membrane; Major pathway of rRNA processing in the nucleolus and cytosol; Formation of a pool of free 40S subunits; GTP hydrolysis and joining of the 60S ribosomal subunit; Nonsense Mediated Decay (NMD) independent of the Exon Junction Complex (EJC); Nonsense Mediated Decay (NMD) enhanced by the Exon Junction Complex (EJC); PELO:HBS1L and ABCE1 dissociate a ribosome on a non-stop mRNA; ZNF598 and the Ribosome-associated Quality Trigger (RQT) complex dissociate a ribosome stalled on a no-go mRNA; Translation initiation complex formation; Formation of the ternary complex, and subsequently, the 43S complex; Ribosomal scanning and start codon recognition"
FALSE,High,Master Protein,Q9CXW2,Small ribosomal subunit protein mS22 [OS=Mus musculus],0,35.992,30,9,49,9,41.2,Mrps22,0.604,0.577,0.085194142,0.04929033,9468098.063,,6818666.5,5601102,23952747,25452337.69,32701497.63,14701555.25,6116505,3238144.25,3845012.5,,9226143.25,12297129,22566176,12295102,,,Mitochondrial translation elongation; Mitochondrial translation termination; Mitochondrial ribosome-associated quality control
FALSE,High,Master Protein,Q60759,"Glutaryl-CoA dehydrogenase, mitochondrial [OS=Mus musculus]",0,35.951,26,7,34,7,48.6,Gcdh,,0.001,,,,,,,8253769.563,4746733.5,6354189.75,,,,,,,,,,,Fatty acid beta-oxidation; Tryptophan metabolism,Lysine catabolism
FALSE,High,Master Protein,P62270,Small ribosomal subunit protein uS13 [OS=Mus musculus],0,35.489,48,9,126,9,17.7,Rps18,1.636,1.232,0.000553842,0.045993913,82642511.25,56582281.25,65165659.75,69001009,57222799.5,60108086,76790698.5,58858462.5,142023658,88124527,114126741,107379066,62223987.5,69439614,112856014,77289867,Acetyl [N-Term],Cytoplasmic ribosomal proteins,"L13a-mediated translational silencing of Ceruloplasmin expression; SRP-dependent cotranslational protein targeting to membrane; Major pathway of rRNA processing in the nucleolus and cytosol; Formation of a pool of free 40S subunits; GTP hydrolysis and joining of the 60S ribosomal subunit; Nonsense Mediated Decay (NMD) independent of the Exon Junction Complex (EJC); Nonsense Mediated Decay (NMD) enhanced by the Exon Junction Complex (EJC); PELO:HBS1L and ABCE1 dissociate a ribosome on a non-stop mRNA; ZNF598 and the Ribosome-associated Quality Trigger (RQT) complex dissociate a ribosome stalled on a no-go mRNA; Translation initiation complex formation; Formation of the ternary complex, and subsequently, the 43S complex; Ribosomal scanning and start codon recognition"
FALSE,High,Master Protein,Q8BVY0,Ribosomal L1 domain-containing protein 1 [OS=Mus musculus],0,35.443,36,8,32,8,50.4,Rsl1d1,1000,,,,,,,,,,,,12903942.5,6472109.375,12469595.5,9971815.25,,,,,,,
FALSE,High,Master Protein,Q8K482,EMILIN-2 [OS=Mus musculus],0,35.349,13,10,28,10,117.2,Emilin2,4.762,47.593,0.001357704,0.261704445,1184721.375,941255.5,807331.9375,1244377.25,400255.625,,,565813.5156,5915171.5,3076914,4957282,5650946,551855.6875,718254.875,919896.375,1281606.125,,,Molecules associated with elastic fibres
FALSE,High,Master Protein,Q8BJZ4,Small ribosomal subunit protein mS35 [OS=Mus musculus],0,35.278,36,8,37,8,36,Mrps35,1.801,2.012,0.209018179,0.019275833,3504933.75,1599439.625,,2743902.25,4617041.5,8453341.75,8720573,3265539.25,8581447.25,2118783.75,7979834.5,3092512,8565408.25,10891782.75,19034281.25,7868957,,,Mitochondrial translation elongation; Mitochondrial translation termination; Mitochondrial ribosome-associated quality control
FALSE,High,Master Protein,O54946,DnaJ homolog subfamily B member 6 [OS=Mus musculus],0,35.204,21,7,57,6,39.8,Dnajb6,5.155,3.532,0.010375123,0.002049649,6574453,,2418346.5,3339178,3918385,3174000,3580218.5,2544412,22589855,12265201,14188473.5,15126364,11021823.5,10263352.25,13810254,12958330,Met-loss [N-Term]; Acetyl [N-Term],,Regulation of HSF1-mediated heat shock response
FALSE,High,Master Protein,Q9ER35,Fructosamine-3-kinase [OS=Mus musculus],0,35.201,26,6,36,6,35,Fn3k,1.461,0.549,0.073865506,0.03102559,1827767.375,1383917.5,2878922.563,2543580.25,12157395.75,16097515.5,14341363.25,12876643.75,3863124.625,1470699.25,3846951,4061910.75,5479356.25,6818206.25,11233824.13,8606181.375,,,"Gamma carboxylation, hypusinylation, hydroxylation, and arylsulfatase activation"
FALSE,High,Master Protein,P11152,Lipoprotein lipase [OS=Mus musculus],0,35.172,23,9,54,9,53.1,Lpl,55.663,2.74,0.723096332,0.018907641,6610308,,,3836437,11157432,7397989.5,11352960.5,4853551,4372169,9869283.25,8870449.75,11886910.5,22904063.5,20176335,31249211,31365594,,Statin pathway; Retinol metabolism; Fatty acid beta-oxidation; Alzheimer's disease; PPAR signaling pathway; Triacylglyceride synthesis; Adipogenesis genes,Retinoid metabolism and transport; Chylomicron remodeling; Assembly of active LPL and LIPC lipase complexes
FALSE,High,Master Protein,P82348,Gamma-sarcoglycan [OS=Mus musculus],0,35.128,37,8,71,8,32.1,Sgcg,0.719,0.814,0.000100452,0.126897904,20090188,15348989,14924511,23924524,12456729,9406406,10021184,14109501,14787830,10838866,10502200,17516096,10047564,9072397,8225606.5,7395820,,,Formation of the dystrophin-glycoprotein complex (DGC)
FALSE,High,Master Protein,Q9CXZ1,"NADH dehydrogenase [ubiquinone] iron-sulfur protein 4, mitochondrial [OS=Mus musculus]",0,35.055,31,5,79,5,19.8,Ndufs4,1.835,0.598,0.015453183,0.084222288,42078556.5,24822444.88,11773695.38,39398407,68046153.75,82501537,83777102.25,34960278.5,71286999.38,49310547.88,31486660.25,57670087.25,33929580,47984446.75,51434256.5,36984259,,Oxidative phosphorylation,Complex I biogenesis
FALSE,High,Master Protein,O88441,Metaxin-2 [OS=Mus musculus],0,35.038,37,8,66,8,29.7,Mtx2,2.005,0.205,0.000383374,0.014961041,19068876.25,10232747.25,8347386.5,13425167.38,34799979,44741285.75,46872345.75,38955467.5,42859869.25,19001733.25,16882447,26691900.5,5374091.125,3236211.5,15508916.75,10636094.38,Met-loss+Acetyl [N-Term]; Acetyl [N-Term],,
FALSE,High,Master Protein,P29788,Vitronectin [OS=Mus musculus],0,34.987,21,5,38,5,54.8,Vtn,6.712,1000,0.056095554,,5743475.5,3619577.25,,4322192,,,,,43597772.25,21478995.5,18073258.06,9498008,677328.375,2873669.5,,2392930.75,,Primary focal segmental glomerulosclerosis (FSGS); Focal adhesion: PI3K-Akt-mTOR signaling pathway; Inflammatory response pathway; Focal adhesion,Regulation of Complement cascade; ECM proteoglycans; Syndecan interactions; Integrin cell surface interactions; Molecules associated with elastic fibres
FALSE,High,Master Protein,Q93092,Transaldolase [OS=Mus musculus],0,34.911,25,8,44,8,37.4,Taldo1,4.316,,9.70521E-05,,7515986.5,7904920.25,8582928,5292407.25,,,,,31175249.5,35503307,31468961,24291854.75,,,,,,Pentose phosphate pathway,Insulin effects increased synthesis of Xylulose-5-Phosphate; Pentose phosphate pathway
FALSE,High,Master Protein,P26443,"Glutamate dehydrogenase 1, mitochondrial [OS=Mus musculus]",0,34.833,26,11,45,11,61.3,Glud1,0.26,0.097,0.00080638,1.41841E-05,13477648,11593656,11686275,13409684,22625366,24684760,23125542,19722694,3367446.25,3774690.75,3155666.5,2728074,2277509,2171194,2143526.25,2110555.25,,,Transcriptional activation of mitochondrial biogenesis; Glutamate and glutamine metabolism; Mitochondrial protein degradation
FALSE,High,Master Protein,P17879,Heat shock 70 kDa protein 1B [OS=Mus musculus],0,34.831,21,8,90,5,70.1,Hspa1b,0.001,0.001,,,,,,930647.875,,2987041.5,,3520489.75,,,,,,,,,,Comprehensive IL-17A signaling,Neutrophil degranulation; Regulation of HSF1-mediated heat shock response; PKR-mediated signaling; HSP90 chaperone cycle for steroid hormone receptors (SHR) in the presence of ligand; Attenuation phase; AUF1 (hnRNP D0) binds and destabilizes mRNA; Mitochondrial unfolded protein response (UPRmt)
FALSE,High,Master Protein,Q02053,Ubiquitin-like modifier-activating enzyme 1 [OS=Mus musculus],0,34.786,14,11,36,11,117.7,Uba1,2.864,59.997,0.010092344,0.100128885,1292080.875,1965068.625,1104475.625,1606030.25,,,1004435.813,1142899,3696791.25,5632442.75,7427221.625,4461367,1153436.125,2063082.188,3615640.875,2897240.938,,Parkinson's disease; Proteasome degradation,Antigen processing: Ubiquitination & Proteasome degradation; Synthesis of active ubiquitin: roles of E1 and E2 enzymes
FALSE,High,Master Protein,Q9CQJ8,NADH dehydrogenase [ubiquinone] 1 beta subcomplex subunit 9 [OS=Mus musculus],0,34.761,53,7,51,7,22,Ndufb9,0.666,0.415,0.099205574,0.005543628,48781959,32485137.5,15977953,35094690.5,63549560,78503612,62356838,53455853.5,35667050.5,19692952.38,16966445.75,20569849,,33540874.25,30891406.25,21550879.88,Met-loss+Acetyl [N-Term]; Acetyl [N-Term],Oxidative phosphorylation; Electron transport chain,Complex I biogenesis
FALSE,High,Master Protein,Q923T9,Calcium/calmodulin-dependent protein kinase type II subunit gamma [OS=Mus musculus],0,34.716,18,8,67,5,59.6,Camk2g,0.001,0.001,,,3544404,1854882.125,1826192.375,1551655.75,,4836363.75,,5481538,,,,,,,,,,Splicing factor NOVA regulated synaptic proteins; TGF-beta receptor signaling pathway; Myometrial relaxation and contraction pathways; Wnt signaling pathway; Calcium regulation in cardiac cells,"HSF1-dependent transactivation; Ion homeostasis; Ion transport by P-type ATPases; Trafficking of AMPA receptors; RAF activation; Interferon gamma signaling; Unblocking of NMDA receptors, glutamate binding and activation"
FALSE,High,Master Protein,P09671,"Superoxide dismutase [Mn], mitochondrial [OS=Mus musculus]",0,34.582,42,7,78,7,24.6,Sod2,0.255,0.11,0.00036391,0.001098927,36551134.25,42478585.5,34474763,26006613.5,90690055.5,130370977,122684568,105612650.5,10537481,9590301,7537733.5,7504843.438,6154718.5,15197203.25,19734699,11004246.25,,One-carbon metabolism and related pathways; Oxidative stress response; Oxidative stress and redox pathway; Comprehensive IL-17A signaling,Detoxification of Reactive Oxygen Species; Transcriptional activation of mitochondrial biogenesis
FALSE,High,Master Protein,P15089,Mast cell carboxypeptidase A [OS=Mus musculus],0,34.537,28,10,56,10,48.8,Cpa3,0.001,0.001,,,180052552,100072819.5,105762812.1,122486225.5,114797199.1,143313960.8,185127848,146441265.5,,,,,,,,,,,Metabolism of Angiotensinogen to Angiotensins
FALSE,High,Master Protein,P59017,Bcl-2-like protein 13 [OS=Mus musculus],0,34.509,40,8,52,8,46.7,Bcl2l13,0.001,0.001,,,12455463,7152975.25,8973816.5,1905725.625,3138346,4645851.5,8686738.25,2817731.5,,,,,,,,,,,
FALSE,High,Master Protein,Q91VN4,MICOS complex subunit Mic25 [OS=Mus musculus],0,34.402,32,7,47,7,29.8,Chchd6,0.07,0.04,0.001246478,0.000378993,541939512.3,277000884.4,271430315.3,222116480.5,78614985.75,161763936.3,170587752.5,303267568.9,24573235.25,22553106,16133077,27884396.75,2549860.25,4469073.5,10190299,14955509,,,
FALSE,High,Master Protein,Q8VE22,Small ribosomal subunit protein mS23 [OS=Mus musculus],0,34.355,55,8,53,8,20.3,Mrps23,3.525,1.335,0.014584826,0.121900524,8104280.75,3417583.188,2258069.563,3268202.875,14065284.25,19664195.25,16602743.25,11109317,14730902.5,14734801,11796219.25,9418929.625,17949285.56,18512744.75,27974021.5,15507695,,,Mitochondrial translation elongation; Mitochondrial translation termination; Mitochondrial ribosome-associated quality control
FALSE,High,Master Protein,Q62448,Eukaryotic translation initiation factor 4 gamma 2 [OS=Mus musculus],0,34.223,17,13,74,13,102,Eif4g2,1000,9.224,,0.004475517,,,1418480.25,,1078188.25,1733540.5,1723339.125,,38744013.25,23709319,24963673,29396534,6797661.125,14392317.5,17659129.75,12530201.38,,Translation factors; mRNA processing; Exercise-induced circadian regulation,ISG15 antiviral mechanism
FALSE,High,Master Protein,P62717,Large ribosomal subunit protein eL20 [OS=Mus musculus],0,34.214,39,7,110,7,20.7,Rpl18a,1.964,1.34,0.004184289,0.056029564,76110170,66300590,63701291,63222047.5,44092787.5,52302344,58925991,60542881.5,185119100,112761647,140329827,110710119,44730967.5,69349382.5,87525140,81981695,,Cytoplasmic ribosomal proteins,Ribosome Quality Control (RQC) complex extracts and degrades nascent peptide; ZNF598 and the Ribosome-associated Quality Trigger (RQT) complex dissociate a ribosome stalled on a no-go mRNA; GTP hydrolysis and joining of the 60S ribosomal subunit; L13a-mediated translational silencing of Ceruloplasmin expression; SRP-dependent cotranslational protein targeting to membrane; Major pathway of rRNA processing in the nucleolus and cytosol; Formation of a pool of free 40S subunits; Nonsense Mediated Decay (NMD) independent of the Exon Junction Complex (EJC); Nonsense Mediated Decay (NMD) enhanced by the Exon Junction Complex (EJC); PELO:HBS1L and ABCE1 dissociate a ribosome on a non-stop mRNA
FALSE,High,Master Protein,Q91VC9,Growth hormone-inducible transmembrane protein [OS=Mus musculus],0,34.129,19,6,63,6,37.3,Ghitm,3.606,3.273,0.001909688,0.0041898,80598257.75,39244293,30922734.75,50968000.25,4597015.625,3491168.75,7072067.75,4919802.375,286293575,143659762.3,168424788,150584118,11661649,18691940.25,24098637.75,15471086,,,
FALSE,High,Master Protein,Q9CQR4,Acyl-coenzyme A thioesterase 13 [OS=Mus musculus],0,34.111,54,6,47,6,15.2,Acot13,0.561,0.345,0.002484226,0.002884716,98270060,74718798,71601055,64388175,91410390,125894972,125858834,104923408,47265158,44547879.25,45403154.5,34028702.5,25198244,43284591,60633857,36300848.13,Acetyl [N-Term]; Met-loss+Acetyl [N-Term],,Mitochondrial Fatty Acid Beta-Oxidation
FALSE,High,Master Protein,Q9JMH6,"Thioredoxin reductase 1, cytoplasmic [OS=Mus musculus]",0,34.101,19,8,26,7,67,Txnrd1,1000,1000,,,,2099139,,,,,,,3300666.25,3314525.5,2792381.25,2966869.5,,1126324.375,,,,Selenium metabolism / selenoproteins; Folic acid network; Oxidative stress response; Oxidative stress and redox pathway,TP53 Regulates Metabolic Genes; Detoxification of Reactive Oxygen Species; Interconversion of nucleotide di- and triphosphates; Metabolism of ingested MeSeO2H into MeSeH
FALSE,High,Master Protein,Q3URD3,Sarcolemmal membrane-associated protein [OS=Mus musculus],0,34.027,13,11,43,11,96.9,Slmap,1.045,0.614,0.629794387,0.445588129,25279281.75,9741819.563,12276080.75,10066562.63,3660722.813,4468141,3421247,1435914.75,22532050,12313651.88,10931201,12343826.5,1773574.188,992460.8125,7584863.875,1116008.375,,,
FALSE,High,Master Protein,Q3U9G9,Delta(14)-sterol reductase LBR [OS=Mus musculus],0,33.877,15,8,59,8,71.4,Lbr,2.239,0.992,0.040162486,0.954850246,7398347.75,3337834.25,1870742.625,2094009,4954168,6025975.25,9713295,6153914.75,9214803,5990397.25,5992418.25,5847809.75,2909947.125,5711886.5,10093094,10100354.75,,,RHOA GTPase cycle; CDC42 GTPase cycle; RAC1 GTPase cycle; RHOC GTPase cycle; RHOG GTPase cycle; RAC2 GTPase cycle; RAC3 GTPase cycle; Initiation of Nuclear Envelope (NE) Reformation; RHOD GTPase cycle; Regulation of MECP2 expression and activity; Cholesterol biosynthesis
FALSE,High,Master Protein,Q78ZA7,Nucleosome assembly protein 1-like 4 [OS=Mus musculus],0,33.832,22,6,46,5,42.7,Nap1l4,10.267,9.287,0.016794026,0.055895365,,1176043.25,588770.25,1574735.25,1052996.125,,11954797,1957514.875,8567192,5504144,6835444.25,14297130.75,11289450.38,15609156,30106257.75,15745752.25,,,
FALSE,High,Master Protein,O88487,Cytoplasmic dynein 1 intermediate chain 2 [OS=Mus musculus],0,33.82,19,7,46,7,68.4,Dync1i2,1000,1000,,,,,,,,,,,5583238.125,2657175,4053892.875,4113446.5,435468.125,1210003.375,1938899,1723196.938,,,RHO GTPases Activate Formins; MHC class II antigen presentation; COPI-mediated anterograde transport; Separation of Sister Chromatids; Anchoring of the basal body to the plasma membrane; Amplification  of signal from unattached  kinetochores via a MAD2  inhibitory signal; Resolution of Sister Chromatid Cohesion; Regulation of PLK1 Activity at G2/M Transition; Loss of Nlp from mitotic centrosomes; Recruitment of mitotic centrosome proteins and complexes; Recruitment of NuMA to mitotic centrosomes; AURKA Activation by TPX2; EML4 and NUDC in mitotic spindle formation; HSP90 chaperone cycle for steroid hormone receptors (SHR) in the presence of ligand; COPI-independent Golgi-to-ER retrograde traffic; Aggrephagy
FALSE,High,Master Protein,Q7TMF3,NADH dehydrogenase [ubiquinone] 1 alpha subcomplex subunit 12 [OS=Mus musculus],0,33.791,57,8,70,8,17.1,Ndufa12,1.996,0.373,0.105607703,0.000925717,14262929,7967305,,11362906,19549968,32757706,30109686,18986218,18071992,13008790,8154592.5,27734631,6436086.5,11944716,14007216,7247758,Acetyl [N-Term],Electron transport chain,Complex I biogenesis
FALSE,High,Master Protein,P97315,Cysteine and glycine-rich protein 1 [OS=Mus musculus],0,33.77,48,6,49,6,20.6,Csrp1,2.252,0.886,0.033920347,0.896231993,5164340.125,6509546.25,2514285.25,4990397.188,5865375.5,2658389.5,5966031.5,7105404.375,8024737.25,15457216.38,12561735.63,10656209.63,4200511.313,2914192.25,12461327.5,5007135.5,,Mecp2 and associated Rett syndrome,
FALSE,High,Master Protein,Q6PDM2,Serine/arginine-rich splicing factor 1 [OS=Mus musculus],0,33.76,43,11,80,11,27.7,Srsf1,4.891,2.291,0.000273649,0.007607274,7770240,6306089.5,5833570,7953410.375,5166539.5,3987690.25,5997687.5,6096115.5,41855701,28406754,30979502,30817545.75,11674131.13,9259569,17543067.75,9754595,,mRNA processing,mRNA Splicing - Major Pathway; Transport of Mature mRNA derived from an Intron-Containing Transcript; mRNA 3'-end processing; RNA Polymerase II Transcription Termination; mRNA Splicing - Minor Pathway
FALSE,High,Master Protein,Q3UMT1,Protein phosphatase 1 regulatory subunit 12C [OS=Mus musculus],0,33.692,17,9,37,9,84.6,Ppp1r12c,,,,,,,,,,,,,,,,,,,,,,,
FALSE,High,Master Protein,Q99NB9,Splicing factor 3B subunit 1 [OS=Mus musculus],0,33.684,12,11,34,11,145.7,Sf3b1,1000,1000,,,,,,,,,,,8242011.75,9579025,11752402.75,13516683.25,1538639.625,5743500.5,9751380,6963304.75,,,mRNA Splicing - Major Pathway; mRNA Splicing - Minor Pathway; B-WICH complex positively regulates rRNA expression
FALSE,High,Master Protein,P41105,Large ribosomal subunit protein eL28 [OS=Mus musculus],0,33.656,41,7,87,7,15.7,Rpl28,1.96,1.903,0.000724241,0.00451217,89237323.5,58514556.5,69238981.5,71767673,42232126,58045080,50863423,57161103,174913604,114693043,151325718,124897528,67108568,104881616,120606824,114541414,Acetyl [N-Term]; Met-loss+Acetyl [N-Term],Cytoplasmic ribosomal proteins,L13a-mediated translational silencing of Ceruloplasmin expression; SRP-dependent cotranslational protein targeting to membrane; Major pathway of rRNA processing in the nucleolus and cytosol; Formation of a pool of free 40S subunits; GTP hydrolysis and joining of the 60S ribosomal subunit; Nonsense Mediated Decay (NMD) independent of the Exon Junction Complex (EJC); Nonsense Mediated Decay (NMD) enhanced by the Exon Junction Complex (EJC); Ribosome Quality Control (RQC) complex extracts and degrades nascent peptide; PELO:HBS1L and ABCE1 dissociate a ribosome on a non-stop mRNA; ZNF598 and the Ribosome-associated Quality Trigger (RQT) complex dissociate a ribosome stalled on a no-go mRNA
FALSE,High,Master Protein,O88667,GTP-binding protein RAD [OS=Mus musculus],0,33.552,33,7,57,7,33.3,Rrad,2.186,3.015,0.003859719,0.017003834,14241042.5,10224046.5,8479167.5,12446711.75,4112812.125,2752512,2407752.5,3371558.5,32254706,21568510,22432994,20969796,6459467,8858815,10512088,9522475,,,
FALSE,High,Master Protein,P09055,Integrin beta-1 [OS=Mus musculus],0,33.532,16,10,35,10,88.2,Itgb1,1.379,0.935,0.22381834,0.850439692,11773151.5,3852248.5,6058354,9611497.25,4649026.25,4276927,4078224.75,2823205.5,10612929.25,14735854,8099892,13670074.75,4123616.5,2007044.375,4017317,5431265.5,,Mechanisms associated with pluripotency; Hepatocyte growth factor receptor signaling; Neural crest differentiation; Primary focal segmental glomerulosclerosis (FSGS); Focal adhesion: PI3K-Akt-mTOR signaling pathway; Factors and pathways affecting insulin-like growth factor (IGF1)-Akt signaling; Integrin-mediated cell adhesion; Focal adhesion,"ECM proteoglycans; Integrin cell surface interactions; Fibronectin matrix formation; MET activates PTK2 signaling; Immunoregulatory interactions between a Lymphoid and a non-Lymphoid cell; RAC1 GTPase cycle; Laminin interactions; Syndecan interactions; TGF-beta receptor signaling activates SMADs; Molecules associated with elastic fibres; RHOG GTPase cycle; RAC2 GTPase cycle; RAC3 GTPase cycle; Signal transduction by L1; Turbulent (oscillatory, disturbed) flow shear stress activates signaling by PIEZO1 and integrins in endothelial cells; Basigin interactions; Localization of the PINCH-ILK-PARVIN complex to focal adhesions; GPER1 signaling; MET interacts with TNS proteins"
FALSE,High,Master Protein,P16110,Galectin-3 [OS=Mus musculus],0,33.492,27,7,51,7,27.5,Lgals3,3.35,40.122,0.001296412,,42206940.38,27103194,19262407.38,26213600.5,,4861297.5,,2289535,122596116,104746609.8,79570026,71734508.5,2609912.813,,3729702.5,3685571,,,Neutrophil degranulation
FALSE,High,Master Protein,Q9WTR5,Cadherin-13 [OS=Mus musculus],0,33.437,16,9,62,9,78.1,Cdh13,3.32,2.566,0.012700321,0.165037448,4603679,6298048.625,2350228.5,7036067,10679863.88,7145604.75,2623455.375,5372096,18258414.94,17504476.25,15487855.75,15632202,7828609.938,14177103.06,21137859,17827341.25,,,Adherens junctions interactions
FALSE,High,Master Protein,Q9DCU6,Large ribosomal subunit protein uL4m [OS=Mus musculus],0,33.427,37,7,29,7,33.1,Mrpl4,,0.02,,,,,,,3706864.5,,6507492.5,1264682.875,,,,,,2527084.5,2668777.75,,,,Mitochondrial translation termination; Mitochondrial translation elongation; Mitochondrial ribosome-associated quality control
FALSE,High,Master Protein,P68254,14-3-3 protein theta [OS=Mus musculus],0,33.421,36,8,67,3,27.8,Ywhaq,1000,,,,,,,,,,,,,4991776,3006636,,,,,,,Primary focal segmental glomerulosclerosis (FSGS); Myometrial relaxation and contraction pathways; Calcium regulation in cardiac cells,TP53 Regulates Metabolic Genes; Activation of BAD and translocation to mitochondria ; RHO GTPases activate PKNs; Chk1/Chk2(Cds1) mediated inactivation of Cyclin B:Cdk1 complex; Regulation of localization of FOXO transcription factors
FALSE,High,Master Protein,P0DOV1,Interferon-activable protein 211 [OS=Mus musculus],0,33.392,25,7,34,4,46.9,Ifi211,3.292,49.097,0.008076997,0.089634846,4011263,6203356.375,2529173.5,5573779.125,,,1544513.75,1677396.75,15875968.5,15978074.25,15871455,15265617.25,2712204.563,2250964.75,2992445.5,4043333.25,,,Neutrophil degranulation
FALSE,High,Master Protein,A2AUC9,Kelch-like protein 41 [OS=Mus musculus],0,33.342,19,11,61,11,68.1,Klhl41,4.474,2.708,0.000857319,0.006774256,13716171,14878115,10875834.5,9380658.25,4306620.375,6537715.75,6529222.5,4081264.75,60211536,44866773.25,49595413.5,44108377.75,8969026,17705564.5,17684603,18042936.75,,,Neddylation; Antigen processing: Ubiquitination & Proteasome degradation
FALSE,High,Master Protein,Q9JMG7,Hepatoma-derived growth factor-related protein 3 [OS=Mus musculus],0,33.284,28,4,46,4,22.4,Hdgfl3,1.404,0.462,0.086418124,0.147523104,19174387.5,16417739.5,14202010.25,35738207.25,5907473.75,,9466585.5,17981613.25,26329554,23570782.5,27430244.75,35960789,3147746.063,,4375870.375,1800328.5,,,
FALSE,High,Master Protein,P18155,"Bifunctional methylenetetrahydrofolate dehydrogenase/cyclohydrolase, mitochondrial [OS=Mus musculus]",0,33.224,35,7,19,7,37.8,Mthfd2,5.298,,0.001894775,,7809192,4296133,3038460.25,3476429.25,,,,,45491165.75,18084856,27588856,16748163.5,,,,,,One-carbon metabolism,Metabolism of folate and pterines
FALSE,High,Master Protein,Q922B1,ADP-ribose glycohydrolase MACROD1 [OS=Mus musculus],0,33.22,29,6,42,6,35.3,Macrod1,,0.001,,,,,,,5590613.5,10838860,9965778,7924691.5,,,,,,,,,,,
FALSE,High,Master Protein,Q9R0P5,Destrin [OS=Mus musculus],0,32.924,56,8,41,8,18.5,Dstn,2.709,0.001,0.016470202,,18573702,14132226,11860037.75,11080327,2490895,2406131.75,,,26063169,37683012.5,36172908.5,30490771,,,,3407953.25,Acetyl [N-Term],,
FALSE,High,Master Protein,Q9WUZ7,SH3 domain-binding glutamic acid-rich protein [OS=Mus musculus],0,32.854,28,4,41,4,23.1,Sh3bgr,1000,2.167,,0.033585802,,,,1209305.75,3312449.75,5305049.375,2980476.75,3583605,5484307.875,4923670.25,5178620.375,6094066.75,5050816.375,9204703.063,12336968.25,9701604.25,,,
FALSE,High,Master Protein,O35857,Mitochondrial import inner membrane translocase subunit TIM44 [OS=Mus musculus],0,32.842,19,8,47,8,51.1,Timm44,4.56,2.999,0.000771626,0.162544592,3139649,2079870.25,2561097.5,1686278.25,7075257,4069561,9402370.25,1971181.5,16094604.75,8010670.75,15868861,6839392.75,4571327.25,16077900.38,21409525.5,9573030,,,
FALSE,High,Master Protein,P63325,Small ribosomal subunit protein eS10 [OS=Mus musculus],0,32.802,52,8,124,7,18.9,Rps10,1.928,1.507,0.001319393,0.043783729,138657588,98115268,82310067,101582980,100469758,98769784,105724706,81852231,266169928,173112992.5,191180341,196781212,116698418.5,129848440,210724341,141382621.5,,Cytoplasmic ribosomal proteins,"L13a-mediated translational silencing of Ceruloplasmin expression; SRP-dependent cotranslational protein targeting to membrane; Major pathway of rRNA processing in the nucleolus and cytosol; Formation of a pool of free 40S subunits; GTP hydrolysis and joining of the 60S ribosomal subunit; Nonsense Mediated Decay (NMD) independent of the Exon Junction Complex (EJC); Nonsense Mediated Decay (NMD) enhanced by the Exon Junction Complex (EJC); PELO:HBS1L and ABCE1 dissociate a ribosome on a non-stop mRNA; ZNF598 and the Ribosome-associated Quality Trigger (RQT) complex dissociate a ribosome stalled on a no-go mRNA; Translation initiation complex formation; Formation of the ternary complex, and subsequently, the 43S complex; Ribosomal scanning and start codon recognition"
FALSE,High,Master Protein,Q9CWD8,Iron-sulfur cluster transfer protein NUBPL [OS=Mus musculus],0,32.744,20,4,39,4,34.1,Nubpl,1000,13.326,,,,,,,6709567.5,,,,3515741.5,2015083,,5179595.375,1191514.5,,1415086.125,,,,Complex I biogenesis
FALSE,High,Master Protein,Q9D7N3,Small ribosomal subunit protein uS9m [OS=Mus musculus],0,32.693,37,11,41,11,44.9,Mrps9,1000,0.24,,0.045299505,,,,,1826492.25,7138652.25,10914440.25,,1656891,1243671.25,,,,2073511.75,2622282.25,,,,Mitochondrial translation termination; Mitochondrial translation elongation; Mitochondrial ribosome-associated quality control
FALSE,High,Master Protein,Q61545,RNA-binding protein EWS [OS=Mus musculus],0,32.671,13,5,46,5,68.4,Ewsr1,2.865,2.472,0.001001475,0.003575015,4637970,4096160.75,4469479.5,6114230,3303941.25,2856494.5,4204721.5,3631276.75,15791675,10921236,13755727,14385563,5707251.5,6745599.5,10877659,9720018,,Mechanisms associated with pluripotency; mRNA processing,
FALSE,High,Master Protein,Q9CPU4,"Glutathione S-transferase 3, mitochondrial [OS=Mus musculus]",0,32.604,48,4,39,4,16.9,Mgst3,0.751,0.014,0.010518139,0.264519662,25192434,15609143,14244159,23670732,19225040,27269312,25874230,21031154,18776818,12132067,8610385,17927466,,5334548.5,13744376,,,Metapathway biotransformation; Oxidative stress and redox pathway,Glutathione conjugation; Aflatoxin activation and detoxification
FALSE,High,Master Protein,Q99KJ8,Dynactin subunit 2 [OS=Mus musculus],0,32.528,29,8,37,8,44.1,Dctn2,1000,1.27,,0.226424656,,,,,2100003.313,1740959,,2719744.25,7195874,5338998.75,2541720.5,7160114.25,2246805,2211184.75,,5716522.75,,,MHC class II antigen presentation; COPI-mediated anterograde transport; Recruitment of NuMA to mitotic centrosomes; HSP90 chaperone cycle for steroid hormone receptors (SHR) in the presence of ligand; COPI-independent Golgi-to-ER retrograde traffic; Anchoring of the basal body to the plasma membrane; Regulation of PLK1 Activity at G2/M Transition; Loss of Nlp from mitotic centrosomes; Recruitment of mitotic centrosome proteins and complexes; AURKA Activation by TPX2
FALSE,High,Master Protein,Q9ESX5,H/ACA ribonucleoprotein complex subunit DKC1 [OS=Mus musculus],0,32.282,21,8,31,8,57.4,Dkc1,56.214,56.705,0.010702432,0.287036035,2993632,,,2805587.75,1544932.5,,1322381,,9106623.875,6168005,7986956.063,8865583,2318576.875,1292032.5,4252096.375,5531823.5,Acetyl [N-Term]; Met-loss+Acetyl [N-Term],,Telomere Extension By Telomerase
FALSE,High,Master Protein,P17563,Methanethiol oxidase [OS=Mus musculus],0,32.215,32,12,33,12,52.5,Selenbp1,0.001,0.301,,0.005037534,9802826,5904229.5,5922051.5,7600640.5,6654093.5,8317279.5,8199551,8797711,,,3620998.5,,,2398515,3102015,2764541.25,,Selenium metabolism / selenoproteins,
FALSE,High,Master Protein,Q5SQX6,Cytoplasmic FMR1-interacting protein 2 [OS=Mus musculus],0,32.211,8,8,32,1,145.6,Cyfip2,,,,,,,,,,,,,,,,,,,,,,Regulation of actin cytoskeleton,Regulation of actin dynamics for phagocytic cup formation; RAC1 GTPase cycle; VEGFA-VEGFR2 Pathway; RHO GTPases Activate WASPs and WAVEs
FALSE,High,Master Protein,Q9R062,Glycogenin-1 [OS=Mus musculus],0,32.178,29,6,23,6,37.4,Gyg1,2.737,1000,0.000362526,,6517799,5762564,3945558.5,3997528.25,,2230764,,,16069097,18351398.75,11315275,10444963,1305411.625,1951000.625,2350585.25,2005202.75,Met-loss+Acetyl [N-Term]; Acetyl [N-Term],Glycogen metabolism; Insulin signaling,Neutrophil degranulation; Glycogen breakdown (glycogenolysis); Glycogen synthesis
FALSE,High,Master Protein,Q78IK2,"ATP synthase F(0) complex subunit k, mitochondrial [OS=Mus musculus]",0,32.079,45,3,30,3,6.4,Atp5mk,,0.001,,,,,,,9574442,10387946,8636446,6765135.5,,,,,,,,,Met-loss [N-Term],,Formation of ATP by chemiosmotic coupling; Cristae formation
FALSE,High,Master Protein,P21844,Chymase [OS=Mus musculus],0,32.031,30,5,37,5,27.6,Cma1,0.001,0.001,,,70909221.75,37108946.25,26350519,42198261.75,26005067.75,32816505.25,58688940.13,38362955.75,,,,1456106.5,,,2041096.25,,,Lung fibrosis,Signaling by SCF-KIT; Metabolism of Angiotensinogen to Angiotensins; Activation of Matrix Metalloproteinases
FALSE,High,Master Protein,P35564,Calnexin [OS=Mus musculus],0,31.904,16,9,33,9,67.2,Canx,5.305,7.157,0.008755841,0.008604973,14985556,4387461.813,1636873.5,3384985.5,953241.375,2131558.25,2173052.75,,43033567.5,24823057.88,18145755.88,16839062.88,6200058.031,9451985.625,17113335.19,9610192,,,"MHC class II antigen presentation; Antigen Presentation: Folding, assembly and peptide loading of class I MHC; Regulation of CDH1 posttranslational processing and trafficking to plasma membrane; Interleukin-35 Signalling; Interleukin-27 signaling; Calnexin/calreticulin cycle"
FALSE,High,Master Protein,Q3UMF0,Cordon-bleu protein-like 1 [OS=Mus musculus],0,31.874,15,13,40,13,137.3,Cobll1,1000,1000,,,,,,,,,,,3729884.75,2028024.75,2292789.5,4766102.313,2150449.75,2355048.5,3727522.75,4964829.5,,,
FALSE,High,Master Protein,Q9WV55,Vesicle-associated membrane protein-associated protein A [OS=Mus musculus],0,31.872,24,5,70,4,27.8,Vapa,0.752,0.216,0.029166306,0.001251682,89972098.25,78840386.38,68363975.13,76875324,58058122.25,76041044.56,59385866.38,62241517,72072964.5,45285153.25,48286003.25,63807177.5,11654277.5,17748913,19567355.5,12047676.75,,Exercise-induced circadian regulation,Insertion of tail-anchored proteins into the endoplasmic reticulum membrane; Neutrophil degranulation
FALSE,High,Master Protein,Q91WQ3,"Tyrosine--tRNA ligase, cytoplasmic [OS=Mus musculus]",0,31.849,26,11,43,11,59.1,Yars1,0.119,0.001,0.000348657,,141769568,104264256,93840128,125518024,60618320,65916732,65403672,52364216,16561984.5,11982891,17134385.75,15326195.75,,,2558604,,,,
FALSE,High,Master Protein,Q9CQF4,Mitochondrial transcription rescue factor 1 [OS=Mus musculus],0,31.848,15,4,42,4,27.8,Mtres1,1.55,0.754,0.058791397,0.28430356,9350229.25,8686492.75,6765125.625,14330032.75,12218101.5,15990637.75,11981568.75,7565656,16703676.5,11677364.75,12485146,15222170.25,7994203.5,9302081,10400818.25,9451325.75,,,
FALSE,High,Master Protein,Q99PT1,Rho GDP-dissociation inhibitor 1 [OS=Mus musculus],0,31.816,57,7,24,7,23.4,Arhgdia,0.001,,,,,,,2299580.75,,,,,,,,,,,,,Acetyl [N-Term]; Met-loss+Acetyl [N-Term],,RHOA GTPase cycle; CDC42 GTPase cycle; RAC1 GTPase cycle; RHOC GTPase cycle; RHOG GTPase cycle; RHOH GTPase cycle; RAC2 GTPase cycle; Axonal growth stimulation; Axonal growth inhibition (RHOA activation)
FALSE,High,Master Protein,Q9JKF7,Large ribosomal subunit protein mL39 [OS=Mus musculus],0,31.757,34,9,36,9,38.5,Mrpl39,1.496,0.64,0.222280719,0.205424221,1468763.5,,1434626.625,,10928145.75,10097312.13,17213765.5,10130623.75,1772199.75,,2146290.75,1854236.25,8311545.25,2804664,20690734.25,5455149.75,,,Mitochondrial translation elongation; Mitochondrial translation termination; Mitochondrial ribosome-associated quality control
FALSE,High,Master Protein,Q91V41,Ras-related protein Rab-14 [OS=Mus musculus],0,31.708,56,8,38,7,23.9,Rab14,1000,2.854,,0.205977713,,,,1383746.125,1363699.75,,1719123.375,1624862.875,21777243.75,9824634.25,9760200.875,10115242.06,2738120.75,5540661.5,6974400,,,Focal adhesion: PI3K-Akt-mTOR signaling pathway,Neutrophil degranulation; RAB GEFs exchange GTP for GDP on RABs; Synthesis of PIPs at the plasma membrane; RAB geranylgeranylation
FALSE,High,Master Protein,Q9CQH3,"NADH dehydrogenase [ubiquinone] 1 beta subcomplex subunit 5, mitochondrial [OS=Mus musculus]",0,31.691,50,6,71,6,21.7,Ndufb5,0.952,0.328,0.755252843,0.001729677,63370375,33021796.13,19003811,42302202.5,75153263,109254170,89356622.5,58756121,55529664,30009116.75,21975651.5,42215356.5,21172308.5,28819195,34196275.5,23337170.75,,Oxidative phosphorylation; Electron transport chain,Complex I biogenesis
FALSE,High,Master Protein,P32067,Lupus La protein homolog [OS=Mus musculus],0,31.62,16,6,45,6,47.7,Ssb,3.338,1.084,0.000493378,0.394254511,6716256.5,4830265.5,3260970.75,5349652.5,2967370.563,3957850.5,4123999.813,3103404.5,23322420.5,15499959.5,14395936,16946997.5,2554569.938,4033875.375,13141712.75,3577793.25,,mRNA processing,
FALSE,High,Master Protein,Q9EPM5,Syncoilin [OS=Mus musculus],0,31.57,26,10,29,10,53.6,Sync,1000,1000,,,,,,,,,,,8051822.5,5897334.5,8909279,9402997.5,,,,1611631.875,,,
FALSE,High,Master Protein,P14094,Sodium/potassium-transporting ATPase subunit beta-1 [OS=Mus musculus],0,31.523,17,4,49,4,35.2,Atp1b1,1.557,0.447,0.000512261,0.045779952,42019091.88,26467862.75,23332619.75,25323222.25,33583411.75,42973255,34834098,25591676.75,63850357,41372946.5,36174899,43728531.5,8615427.25,13948200.5,25237036,15788031,,Na/K-ATPase/Src signaling; Calcium regulation in cardiac cells,Ion homeostasis; Ion transport by P-type ATPases; Basigin interactions
FALSE,High,Master Protein,Q9CZD3,Glycine--tRNA ligase [OS=Mus musculus],0,31.511,16,9,19,9,81.8,Gars1,1000,1000,,,,,,,,,,,12394030.5,13225451.5,7795010.5,6468398,,,1425459.5,,,,
FALSE,High,Master Protein,P0C0S6,Histone H2A.Z [OS=Mus musculus],0,31.468,54,5,175,3,13.5,H2az1,0.658,0.416,0.002756898,0.005979754,254717133,192384865,173833291,290972741,175979668,154345044.3,194750696.5,217633077.5,165239532,128344521.3,133898526,187125300.5,58000195.63,56155140,109642760,103629522.5,,Proteasome degradation,
FALSE,High,Master Protein,P15532,Nucleoside diphosphate kinase A [OS=Mus musculus],0,31.435,47,6,73,2,17.2,Nme1,1000,,,,,,,,,,,,,5246468.5,3004265.5,3017869.5,,,,,,Purine metabolism,Azathioprine ADME; Interconversion of nucleotide di- and triphosphates; Ribavirin ADME
FALSE,High,Master Protein,Q9D0I9,"Arginine--tRNA ligase, cytoplasmic [OS=Mus musculus]",0,31.395,18,11,39,11,75.6,Rars1,0.159,0.003,0.007697542,0.002439522,133098272,111176888,101117672,137743232,161596576,107357672,190322688,172038400,18542594.75,20074215.5,23295536.75,7542122.75,,1174151.5,2010452.5,,,,Transcriptional and post-translational regulation of MITF-M expression and activity
FALSE,High,Master Protein,Q91VM5,"RNA binding motif protein, X-linked-like-1 [OS=Mus musculus]",0,31.352,24,9,52,1,42.1,Rbmxl1,1.809,1.851,0.01746059,0.000921394,4086979,2696770.25,2085756.625,6781463,1840069.625,2344504.5,2554607.75,2223677.5,6110827,5765210.5,5384279.5,10382111,3266980.75,4070759.25,5479576.5,4290099.5,,mRNA processing,
FALSE,High,Master Protein,P08113,Endoplasmin [OS=Mus musculus],0,31.238,12,9,44,8,92.4,Hsp90b1,2.752,46.076,0.019087507,0.885367339,6058332.125,2571064.5,4437326.75,2492042,1318212.75,,,1215822.25,13051164,12806536.75,8118423.5,8758462.375,782947.875,1987548,7601194.25,2581231.25,,Focal adhesion: PI3K-Akt-mTOR signaling pathway; Hypoxia-dependent self-renewal of myoblasts,Regulation of Insulin-like Growth Factor (IGF) transport and uptake by Insulin-like Growth Factor Binding Proteins (IGFBPs); Post-translational protein phosphorylation; Scavenging by Class A Receptors; Trafficking and processing of endosomal TLR; Interleukin-4 and Interleukin-13 signaling
FALSE,High,Master Protein,E9PVA8,Stalled ribosome sensor GCN1 [OS=Mus musculus],0,31.142,6,13,35,13,292.8,Gcn1,1000,1000,,,,,,,,,,,5915456.25,2482979.063,5077404.125,1930124.625,1284631.563,854592.375,1494691.25,,,,
FALSE,High,Master Protein,Q8R1Q8,Cytoplasmic dynein 1 light intermediate chain 1 [OS=Mus musculus],0,31.094,26,10,47,9,56.6,Dync1li1,4.376,3.979,0.005995764,0.058606407,8637857.25,3669928.5,3765574.625,11400515.75,5075548.5,4093145.25,1641220.75,3293981.5,33764287.75,17982328.75,26841558.75,29790391.5,6083187,15388744.38,17128449,13868507,,,Neutrophil degranulation; COPI-mediated anterograde transport; Separation of Sister Chromatids; Amplification  of signal from unattached  kinetochores via a MAD2  inhibitory signal; Resolution of Sister Chromatid Cohesion; RHO GTPases Activate Formins; EML4 and NUDC in mitotic spindle formation; MHC class II antigen presentation; HSP90 chaperone cycle for steroid hormone receptors (SHR) in the presence of ligand; COPI-independent Golgi-to-ER retrograde traffic; Aggrephagy
FALSE,High,Master Protein,Q8CIB5,Fermitin family homolog 2 [OS=Mus musculus],0,31.039,26,9,36,9,77.8,Fermt2,1000,1000,,,,,,,,,,,7562701.5,5380177.5,5810257.25,2660223.5,,3704296.875,5239345,3974315.75,,,RAC1 GTPase cycle; RAC3 GTPase cycle; Cell-extracellular matrix interactions
FALSE,High,Master Protein,Q9CZR8,"Elongation factor Ts, mitochondrial [OS=Mus musculus]",0,30.965,34,6,25,6,35.3,Tsfm,0.001,0.001,,,5820190.5,4453557,4923536.5,4427491,3482729.25,2644445.75,5134910,7168828.25,,,,,,,,,,,
FALSE,High,Master Protein,Q9CXI0,"2-methoxy-6-polyprenyl-1,4-benzoquinol methylase, mitochondrial [OS=Mus musculus]",0,30.924,28,6,22,6,37.3,Coq5,1000,1000,,,,,,,,1860833.125,,,,,3243759.25,1255411.75,2457694.25,3723633.25,6234116.5,2593014.25,,,Ubiquinol biosynthesis
FALSE,High,Master Protein,P84228,Histone H3.2 [OS=Mus musculus],0,30.908,47,5,103,2,15.4,H3c13; H3c14; H3c15; H3c2; H3c3; H3c4; H3c6; H3c7,0.201,0.09,0.091792358,0.078722912,158486434,720811656,20802874,56667302,148279820,156531181,34247178,20741774,16814508,16271977,14075020,21569416,2803758,2361206,15104435,8797109,,,RMTs methylate histone arginines; Regulation of endogenous retroelements by KRAB-ZFP proteins; Condensation of Prophase Chromosomes; PKMTs methylate histone lysines; Factors involved in megakaryocyte development and platelet production; HDACs deacetylate histones; HATs acetylate histones; RUNX1 regulates genes involved in megakaryocyte differentiation and platelet function; Estrogen-dependent gene expression; PRC2 methylates histones and DNA; Negative Regulation of CDH1 Gene Transcription; MLL4 and MLL3 complexes regulate expression of PPARG target genes in adipogenesis and hepatic steatosis; Regulation of PD-L1(CD274) transcription; Interleukin-7 signaling; HDMs demethylate histones
FALSE,High,Master Protein,P40630,"Transcription factor A, mitochondrial [OS=Mus musculus]",0,30.729,29,7,75,7,28,Tfam,0.554,0.186,0.002483504,0.000890909,78227323.5,62231232.75,58847085.75,78438328,159844404.8,191206202.8,180664098.5,171303798.4,36191094.75,34117892,32996414.75,49396370.25,25373257.88,28583151.75,45089029.25,37422108.5,,Mitochondrial gene expression,Mitochondrial protein degradation; Mitochondrial transcription initiation
FALSE,High,Master Protein,O70548,Telethonin [OS=Mus musculus],0,30.705,59,8,52,8,19.1,Tcap,3.342,3.189,0.00097832,0.003509509,7331307.5,4216837,3343887.5,5538210,9293598,5450520.5,6200747.5,6415131.5,22806406,15140991.75,15549662.13,16890534.5,19119450,17870238,23270401.25,19903080.5,Acetyl [N-Term],Striated muscle contraction,Striated Muscle Contraction
FALSE,High,Master Protein,Q3U186,"Probable arginine--tRNA ligase, mitochondrial [OS=Mus musculus]",0,30.689,20,9,31,9,65.3,Rars2,1000,1000,,,,,,,,,,,2660947,3766803.125,1828129.25,1779683.25,,1461943.5,2117305.25,,,,
FALSE,High,Master Protein,Q9ERS2,NADH dehydrogenase [ubiquinone] 1 alpha subcomplex subunit 13 [OS=Mus musculus],0,30.65,48,6,63,6,16.8,Ndufa13,1.021,0.318,0.984205751,0.001686402,39727978.25,17423345,6720732.5,26366756.75,44491607,61831919.75,65417465.25,38663638.75,32712303,20341135,7898723.5,23522299.13,11547685.75,20152169,28024554,12032077,,EGFR1 signaling pathway,Mitochondrial protein degradation; Complex I biogenesis
FALSE,High,Master Protein,O89086,RNA-binding protein 3 [OS=Mus musculus],0,30.62,49,4,42,4,16.6,Rbm3,48.007,1000,0.005407409,,6652622,,,4203476.5,,,,,15118089,11591564,9381564,9687706,2842489.5,4348777,4476508.5,,,mRNA processing,
FALSE,High,Master Protein,O70251,Elongation factor 1-beta [OS=Mus musculus],0,30.569,34,4,31,3,24.7,Eef1b,2.101,1.341,0.017911888,0.22006344,20646823.5,9119028.125,10353417,20384886,16024047.75,18633753.75,13141461.75,15557772.75,32252394,27653918.5,26852781.5,34700552,14457544.75,19579948.5,23221917.5,26606534,,Translation factors,Eukaryotic Translation Elongation
FALSE,High,Master Protein,P70372,ELAV-like protein 1 [OS=Mus musculus],0,30.521,33,9,57,9,36.1,Elavl1,3.561,4.889,0.009354593,0.00386725,5772284.688,3215104,3454275,8413545.625,1969400.656,2573180.5,,2278204,24396559.75,18633218.13,10362399.81,18288497,9601590.5,9512306.75,14831219.53,11167079.75,,Focal adhesion: PI3K-Akt-mTOR signaling pathway; mRNA processing,HuR (ELAVL1) binds and stabilizes mRNA
FALSE,High,Master Protein,Q91ZW3,SWI/SNF-related matrix-associated actin-dependent regulator of chromatin subfamily A member 5 [OS=Mus musculus],0,30.464,13,13,38,13,121.6,Smarca5,1000,1000,,,,,,,,,,,7455236.5,3490319.375,4608664.875,4724297,2202027.75,3441738,4461527,2456394,,Mechanisms associated with pluripotency,Deposition of new CENPA-containing nucleosomes at the centromere; Recruitment and ATM-mediated phosphorylation of repair and signaling proteins at DNA double strand breaks; B-WICH complex positively regulates rRNA expression
FALSE,High,Master Protein,Q01730,Ras suppressor protein 1 [OS=Mus musculus],0,30.419,35,7,65,7,31.5,Rsu1,1.771,0.58,0.049446685,0.116234765,19901818.5,8574101.625,7756939.125,16719224,12978464,13111849.38,14772606.5,14196392.88,24032687,21428313,17288873.25,23524960,5388590.625,4819556,11948934.13,13855392.63,,,Regulation of cytoskeletal remodeling and cell spreading by IPP complex components
FALSE,High,Master Protein,Q99LE6,ATP-binding cassette sub-family F member 2 [OS=Mus musculus],0,30.281,20,10,45,10,71.7,Abcf2,1000,1000,,,,,,,,,,,31471537.75,23645913.75,24296776.5,18095626.63,2721030.25,11381265,14692221.75,13874193.75,,,
FALSE,High,Master Protein,Q9DCN2,NADH-cytochrome b5 reductase 3 [OS=Mus musculus],0,30.253,29,6,35,6,34.1,Cyb5r3,0.863,0.001,0.007442147,,26007083,20065285,12945137,13585416,,1121322.25,1850050,,24085386,17010536,10990062.5,11915466,,,,1052459.5,,Oxidation by cytochrome P450,Neutrophil degranulation; Phase I - Functionalization of compounds; Vitamin C (ascorbate) metabolism
FALSE,High,Master Protein,Q8K1R3,"Polyribonucleotide nucleotidyltransferase 1, mitochondrial [OS=Mus musculus]",0,30.078,16,9,28,9,85.6,Pnpt1,5.115,3.689,0.007785415,0.010689123,1851752.75,3648578.5,4396778.125,2044502.375,2182041.25,2986044,1419031.875,2396771.5,19527727.5,13036236.75,15727244.5,14951272.75,7956711,8616451.25,13220637.38,8942952,,Purine metabolism,
FALSE,High,Master Protein,Q9ER88,Small ribosomal subunit protein mS29 [OS=Mus musculus],0,30.041,24,7,45,7,44.7,Dap3,1.572,0.451,0.592307928,0.073027205,3033120.25,1406127.25,,3893443.125,9978152.5,12047538,10529674.25,8496966.25,,4058322.5,3081414.25,3335161.25,2909006.25,5825634.5,10595678,3567920,,,Mitochondrial translation elongation; Mitochondrial translation termination; Mitochondrial ribosome-associated quality control
FALSE,High,Master Protein,Q9D6J6,"NADH dehydrogenase [ubiquinone] flavoprotein 2, mitochondrial [OS=Mus musculus]",0,29.924,38,7,46,7,27.3,Ndufv2,0.756,0.297,0.92750873,0.009351346,12017598.25,4611350,3068223.75,4504805.5,11771476,22376989.5,18254373.13,10824699,7285084.5,4351602,,7220966.5,,5798802,6226010,4055926.5,,Oxidative phosphorylation; Electron transport chain,Complex I biogenesis
FALSE,High,Master Protein,Q91WK0,Leucine-rich repeat flightless-interacting protein 2 [OS=Mus musculus],0,29.86,15,6,41,5,47.1,Lrrfip2,2.656,1.571,0.005570834,0.001398783,2593817.5,2625171,1376842.75,3258414.5,1879820.375,2106888.25,2866930.75,2809630,7001868.5,5217397.5,5397608,8517092,2982277.75,3560044.5,4457821,3947262.25,,,
FALSE,High,Master Protein,Q9D8B4,NADH dehydrogenase [ubiquinone] 1 alpha subcomplex subunit 11 [OS=Mus musculus],0,29.852,35,3,41,3,15,Ndufa11,1.543,0.402,0.038997684,0.012656662,11187905,5201883,2898545.75,9416080,14318824,27690142,16600830,12080302,16520225,8389508,5905434.5,10671073,4979597,8207551,10331866,5609330.5,,,Complex I biogenesis
FALSE,High,Master Protein,Q9JHJ0,Tropomodulin-3 [OS=Mus musculus],0,29.827,26,8,44,7,39.5,Tmod3,1000,1000,,,,,,,,,,,27468597.5,20173339.5,30191996,35560062.75,9471712.125,5019205,32228140.25,20022489.75,,,Striated Muscle Contraction; RND3 GTPase cycle; RHOBTB2 GTPase cycle
FALSE,High,Master Protein,P42208,Septin-2 [OS=Mus musculus],0,29.822,34,8,34,8,41.5,Septin2,3.859,3.726,0.003227475,0.199801621,3300690.25,2158677.75,2087430.625,4610066,1323899.375,,1432251.25,1143266.5,11144630.25,9521854.75,10022370,11419723.5,1265558.125,2944289.75,5866408.25,3874217.125,,,Anchoring of the basal body to the plasma membrane
FALSE,High,Master Protein,Q9QYC0,Alpha-adducin [OS=Mus musculus],0,29.733,16,9,33,9,80.6,Add1,1000,1000,,,,,,,,,,,2431594.75,4820106.125,2301106,1903590,1056589.625,1424461.25,1400004.625,1859724.125,,,Caspase-mediated cleavage of cytoskeletal proteins; Miscellaneous transport and binding events
FALSE,High,Master Protein,Q9JJG0,Transforming acidic coiled-coil-containing protein 2 [OS=Mus musculus],0,29.605,10,7,38,7,124.1,Tacc2,1000,1000,,,,,,,,,,,3810270.75,1759945.25,,9529142,,,1296507.75,,,,
FALSE,High,Master Protein,Q9WV60,Glycogen synthase kinase-3 beta [OS=Mus musculus],0,29.6,26,7,42,7,46.7,Gsk3b,69.372,1000,0.033796962,,4986514,,3953814.25,,1407553.375,,,,20478801.5,13363507.25,19027602.63,5318116.5,5531867.875,3927261.875,6848443,5511763.625,,ErbB signaling pathway; IL-5 signaling pathway; MicroRNAs in cardiomyocyte hypertrophy; Mechanisms associated with pluripotency; Cell cycle; Neural crest differentiation; Alzheimer's disease; Chemokine signaling pathway; TNF-alpha NF-kB signaling pathway; Delta-Notch signaling pathway; B cell receptor signaling pathway; Focal adhesion: PI3K-Akt-mTOR signaling pathway; IL-7 signaling pathway; Glycogen metabolism; ESC pluripotency pathways; IL-3 signaling pathway; Wnt signaling in kidney disease; IL-6 signaling pathway; Wnt signaling; Na/K-ATPase/Src signaling; Wnt signaling pathway; Insulin signaling; Wnt signaling pathway and pluripotency; Focal adhesion,GLI3 is processed to GLI3R by the proteasome; Ubiquitin-Mediated Degradation of Phosphorylated Cdc25A; GSK3B and BTRC:CUL1-mediated-degradation of NFE2L2; GSK3B-mediated proteasomal degradation of PD-L1(CD274); Transcriptional and post-translational regulation of MITF-M expression and activity; Regulation of HSF1-mediated heat shock response; Beta-catenin phosphorylation cascade; Disassembly of the destruction complex and recruitment of AXIN to the membrane; B-WICH complex positively regulates rRNA expression; CRMPs in Sema3A signaling
FALSE,High,Master Protein,P80313,T-complex protein 1 subunit eta [OS=Mus musculus],0,29.566,21,9,35,9,59.6,Cct7,2.915,1000,0.002960652,,2203437.75,2111188,2473405,2882735.25,,,,,6224070,10370478.5,7349916.5,8244104.75,4369840,,2107218.75,,,,Cooperation of PDCL (PhLP1) and TRiC/CCT in G-protein beta folding; RHOBTB1 GTPase cycle; RHOBTB2 GTPase cycle; Association of TriC/CCT with target proteins during biosynthesis
FALSE,High,Master Protein,P47758,Signal recognition particle receptor subunit beta [OS=Mus musculus],0,29.548,28,5,37,5,29.6,Srprb,1000,1000,,,2866796.5,,,,,,,,12254874,4936723.625,3900322,7966707.25,4737131,4252256,6850856.5,6449608.25,,,
FALSE,High,Master Protein,P11679,"Keratin, type II cytoskeletal 8 [OS=Mus musculus]",0,29.519,19,10,52,5,54.5,Krt8,,,,,,,,,,,,,,,,,,,,,,Primary focal segmental glomerulosclerosis (FSGS); EGFR1 signaling pathway,Formation of the cornified envelope
FALSE,High,Master Protein,Q8C052,Microtubule-associated protein 1S [OS=Mus musculus],0,29.511,12,8,31,8,102.9,Map1s,2.221,1000,0.001302804,,2615152.25,1703773,2241826.25,2651250.5,,,,1213531,6384175,4344780.5,4529794.5,5151052.5,981028.0625,1365547.875,2160656.25,1905497,,,
FALSE,High,Master Protein,Q8BH61,Coagulation factor XIII A chain [OS=Mus musculus],0,29.497,18,10,41,10,83.2,F13a1,2.72,0.454,0.018329553,0.180636383,14761818.5,11708624,18122528.5,13445677,5081481,6301925,4427026,4736291.5,44489916.5,32697664.25,48009900.75,18399899.5,,2893135,4401684.5,2124495.5,,,Platelet degranulation ; Common Pathway of Fibrin Clot Formation
FALSE,High,Master Protein,Q9WV02,"RNA-binding motif protein, X chromosome [OS=Mus musculus]",0,29.444,24,9,49,1,42.3,Rbmx,1.851,47.221,0.008181471,0.080596726,2261154.75,1923524.625,1285119.5,2964737,2004375.875,,,2152710,4206649,3332505,3631296.75,5459106,3729083.75,3689589.25,4453814,4800151.5,,mRNA processing,RND2 GTPase cycle; RND1 GTPase cycle; mRNA Splicing - Major Pathway; Processing of Capped Intron-Containing Pre-mRNA; RHOBTB2 GTPase cycle; RND3 GTPase cycle; RHOBTB1 GTPase cycle
FALSE,High,Master Protein,O09167,Large ribosomal subunit protein eL21 [OS=Mus musculus],0,29.358,33,4,79,4,18.6,Rpl21,2.102,1.38,0.000389366,0.044628617,72746210,47299425.5,53047028,59811750.5,38056552.5,43687176.5,54163799.5,43421934,154396543,98450849,114271435,108246567,39666630,57186766.5,78784958,64449100,,Cytoplasmic ribosomal proteins,L13a-mediated translational silencing of Ceruloplasmin expression; SRP-dependent cotranslational protein targeting to membrane; Major pathway of rRNA processing in the nucleolus and cytosol; Formation of a pool of free 40S subunits; GTP hydrolysis and joining of the 60S ribosomal subunit; Nonsense Mediated Decay (NMD) independent of the Exon Junction Complex (EJC); Nonsense Mediated Decay (NMD) enhanced by the Exon Junction Complex (EJC); Ribosome Quality Control (RQC) complex extracts and degrades nascent peptide; PELO:HBS1L and ABCE1 dissociate a ribosome on a non-stop mRNA; ZNF598 and the Ribosome-associated Quality Trigger (RQT) complex dissociate a ribosome stalled on a no-go mRNA
FALSE,High,Master Protein,P63028,Translationally-controlled tumor protein [OS=Mus musculus],0,29.352,55,5,45,5,19.5,Tpt1,4.692,1000,0.002098764,,6507850.5,6696797,7602239.5,4297610,3733733.5,,,,31466542,30494221,32134453.5,37602356,2215078.125,12201026.75,22354806.25,9280743.75,,,
FALSE,High,Master Protein,Q7M6Y3,Phosphatidylinositol-binding clathrin assembly protein [OS=Mus musculus],0,29.28,17,9,23,9,71.5,Picalm,61.978,1000,0.019030969,,3999383.75,,2454229.5,,,,2468968.5,,14207970.5,10252820.5,9427449.75,8091503.125,2466479.625,,3773921.5,3619307.75,,,Golgi Associated Vesicle Biogenesis; RND3 GTPase cycle; Cargo recognition for clathrin-mediated endocytosis
FALSE,High,Master Protein,Q9Z2C8,Y-box-binding protein 2 [OS=Mus musculus],0,29.166,12,3,46,1,38.2,Ybx2,,,,,,,,,,,,,,,,,,,,,,,
FALSE,High,Master Protein,P62984,Ubiquitin-ribosomal protein eL40 fusion protein [OS=Mus musculus],0,29.11,45,6,131,1,14.7,Uba52,128.123,1000,,,,,504608.1875,,,423855.6563,,,8275957,,8283355,,2926848.5,1629526.625,5503054.5,4471918,,,"Neddylation; Recognition of DNA damage by PCNA-containing replication complex; DNA Damage Recognition in GG-NER; Formation of Incision Complex in GG-NER; Dual Incision in GG-NER; Formation of TC-NER Pre-Incision Complex; Dual incision in TC-NER; Gap-filling DNA repair synthesis and ligation in TC-NER; Peroxisomal protein import; Negative regulation of MAPK pathway; Regulation of RAS by GAPs; RAS processing; L13a-mediated translational silencing of Ceruloplasmin expression; SRP-dependent cotranslational protein targeting to membrane; Major pathway of rRNA processing in the nucleolus and cytosol; Formation of a pool of free 40S subunits; GTP hydrolysis and joining of the 60S ribosomal subunit; Nonsense Mediated Decay (NMD) independent of the Exon Junction Complex (EJC); Nonsense Mediated Decay (NMD) enhanced by the Exon Junction Complex (EJC); Ribosome Quality Control (RQC) complex extracts and degrades nascent peptide; PELO:HBS1L and ABCE1 dissociate a ribosome on a non-stop mRNA; ZNF598 and the Ribosome-associated Quality Trigger (RQT) complex dissociate a ribosome stalled on a no-go mRNA; FCERI mediated NF-kB activation; Downstream TCR signaling; Activation of NF-kappaB in B cells; Downregulation of ERBB2:ERBB3 signaling; Ovarian tumor domain proteases; Recruitment and ATM-mediated phosphorylation of repair and signaling proteins at DNA double strand breaks; Processing of DNA double-strand break ends; Regulation of TP53 Activity through Methylation; Downregulation of TGF-beta receptor signaling; Downregulation of SMAD2/3:SMAD4 transcriptional activity; Asymmetric localization of PCP proteins; Degradation of AXIN; Hedgehog 'on' state; Ub-specific processing proteases; Regulation of RUNX3 expression and activity; Antigen processing: Ubiquitination & Proteasome degradation; APC/C:Cdc20 mediated degradation of Cyclin B; Autodegradation of Cdh1 by Cdh1:APC/C; APC/C:Cdc20 mediated degradation of Securin; APC/C:Cdh1 mediated degradation of Cdc20 and other APC/C:Cdh1 targeted proteins in late mitosis/early G1; Cdc20:Phospho-APC/C mediated degradation of Cyclin A; APC-Cdc20 mediated degradation of Nek2A; Separation of Sister Chromatids; Senescence-Associated Secretory Phenotype (SASP); Assembly of the pre-replicative complex; CDK-mediated phosphorylation and removal of Cdc6; Fanconi Anemia Pathway; Stimuli-sensing channels; Regulation of PLK1 Activity at G2/M Transition; EGFR downregulation; Regulation of TP53 Activity through Phosphorylation; The role of GTSE1 in G2/M progression after G2 checkpoint; Aggrephagy; Cargo recognition for clathrin-mediated endocytosis; MAPK6/MAPK4 signaling; E3 ubiquitin ligases ubiquitinate target proteins; PINK1-PRKN Mediated Mitophagy; UCH proteinases; Regulation of PTEN stability and activity; Regulation of TNFR1 signaling; TNFR1-induced NF-kappa-B signaling pathway; Metalloprotease DUBs; ABC-family proteins mediated transport; Iron uptake and transport; Regulation of NF-kappa B signaling; FBXL7 down-regulates AURKA during mitotic entry and in early mitosis; Degradation of CDH1; Translesion Synthesis by POLH; NOD1/2 Signaling Pathway; Interferon alpha/beta signaling; VLDLR internalisation and degradation; Regulation of PTEN localization; Spry regulation of FGF signaling; Regulation of necroptotic cell death; IKK complex recruitment mediated by RIP1; Regulation of signaling by CBL; Pexophagy; Negative regulation of FLT3; HDR through Homologous Recombination (HRR); Oxygen-dependent proline hydroxylation of Hypoxia-inducible Factor Alpha; SCF(Skp2)-mediated degradation of p27/p21; Degradation of beta-catenin by the destruction complex; Autodegradation of the E3 ubiquitin ligase COP1; AUF1 (hnRNP D0) binds and destabilizes mRNA; Degradation of DVL; Hedgehog ligand biogenesis; Dectin-1 mediated noncanonical NF-kB signaling; Degradation of GLI1 by the proteasome; GLI3 is processed to GLI3R by the proteasome; NIK-->noncanonical NF-kB signaling; Orc1 removal from chromatin; G2/M Checkpoints; Ubiquitin-Mediated Degradation of Phosphorylated Cdc25A; Ubiquitin-dependent degradation of Cyclin D; RUNX1 regulates transcription of genes involved in differentiation of HSCs; Regulation of RUNX2 expression and activity; KEAP1-NFE2L2 pathway; GSK3B and BTRC:CUL1-mediated-degradation of NFE2L2; GSK3B-mediated proteasomal degradation of PD-L1(CD274); SPOP-mediated proteasomal degradation of PD-L1(CD274); AMPK-induced ERAD and lysosome mediated degradation of PD-L1(CD274); Degradation of CRY and PER proteins; Deactivation of the beta-catenin transactivating complex; Oxidative Stress Induced Senescence; activated TAK1 mediates p38 MAPK activation; SMAD2/SMAD3:SMAD4 heterotrimer regulates transcription; Cyclin D associated events in G1; NOTCH3 Activation and Transmission of Signal to the Nucleus; Regulation of TP53 Degradation; Oncogene Induced Senescence; Termination of translesion DNA synthesis; Gap-filling DNA repair synthesis and ligation in GG-NER; Inactivation of CSF3 (G-CSF) signaling; PD-L1(CD274) glycosylation and translocation to plasma membrane; p75NTR recruits signalling complexes; NF-kB is activated and signals survival; TAK1-dependent IKK and NF-kappa-B activation  ; MAP3K8 (TPL2)-dependent MAPK1/3 activation; IRAK1 recruits IKK complex; IRAK1 recruits IKK complex upon TLR7/8 or 9 stimulation; JNK (c-Jun kinases) phosphorylation and  activation mediated by activated human TAK1; Regulation of FZD by ubiquitination; TGF-beta receptor signaling in EMT (epithelial to mesenchymal transition); Negative regulation of MET activity; Endosomal Sorting Complex Required For Transport (ESCRT); Regulation of expression of SLITs and ROBOs; Regulation of pyruvate metabolism; NRIF signals cell death from the nucleus; Downregulation of ERBB4 signaling; Translesion synthesis by REV1; SCF-beta-TrCP mediated degradation of Emi1; Activated NOTCH1 Transmits Signal to the Nucleus; Regulation of innate immune responses to cytosolic DNA; N-glycan trimming in the ER and Calnexin/Calreticulin cycle; Translesion synthesis by POLK; Translesion synthesis by POLI; Josephin domain DUBs; PTK6 Regulates RTKs and Their Effectors AKT1 and DOK1; Synthesis of active ubiquitin: roles of E1 and E2 enzymes; ER Quality Control Compartment (ERQC); Negative regulators of DDX58/IFIH1 signaling; Activation of IRF3, IRF7 mediated by TBK1, IKKε (IKBKE); IRAK2 mediated activation of TAK1 complex; TRAF6-mediated induction of TAK1 complex within TLR4 complex; Alpha-protein kinase 1 signaling pathway; Regulation of BACH1 activity; IRAK2 mediated activation of TAK1 complex upon TLR7/8 or 9 stimulation; Regulation of TBK1, IKKε (IKBKE)-mediated activation of IRF3, IRF7"
FALSE,High,Master Protein,Q8K3J1,"NADH dehydrogenase [ubiquinone] iron-sulfur protein 8, mitochondrial [OS=Mus musculus]",0,29.107,28,5,53,5,24,Ndufs8,1.18,0.344,0.178743211,0.00261694,15866207.63,7859602,4069491.25,9568096.063,19306186.88,28758516.25,27710262.56,14946931.5,14714139.75,9425513,5662796.5,11109932,5774851,7465655.5,10952560,6365920,,Oxidative phosphorylation; Electron transport chain,Complex I biogenesis
FALSE,High,Master Protein,Q8BFZ1,"Trans-2,3-enoyl-CoA reductase-like [OS=Mus musculus]",0,29.099,21,6,53,6,41.9,Tecrl,0.714,0.51,0.0348681,0.022743928,11583674.75,6373968.625,7243621,7068184.5,14743448.75,16727663.75,16254166.25,22225811.75,8389591.5,6016034.25,4834895,4980089.125,3638072.625,7920199.25,9040750.5,12229795.25,,,Synthesis of very long-chain fatty acyl-CoAs
FALSE,High,Master Protein,Q60714,Long-chain fatty acid transport protein 1 [OS=Mus musculus],0,29.08,15,7,33,7,71.2,Slc27a1,1000,1000,,,,,,,,,,,,,5478388,3452076,3477502,,,,,PPAR signaling pathway; Fatty acid beta-oxidation (streamlined),Transport of fatty acids
FALSE,High,Master Protein,Q9D5T0,Outer mitochondrial transmembrane helix translocase [OS=Mus musculus],0,29.042,30,8,50,8,40.7,Atad1,0.94,0.836,0.145975197,0.685673052,30065926,18330771.75,20414738.5,22750465.25,9916100.625,12439229.25,8827355.25,6476366.125,27774351.5,17527894.25,19747987.5,17448022,4444630.25,7244653.625,15892482.5,7775398.75,,,Class I peroxisomal membrane protein import
FALSE,High,Master Protein,P60229,Eukaryotic translation initiation factor 3 subunit E [OS=Mus musculus],0,29.031,32,12,36,12,52.2,Eif3e,3.607,3.623,0.000251312,0.046618707,7859147,3999258.125,4061798.75,4281341.25,1187150.125,1139293.75,,1280644.125,23814032.5,13922052.13,15176709,17352726.25,2158537,4553089,10758431.5,4206118.5,Met-loss+Acetyl [N-Term],Translation factors,"L13a-mediated translational silencing of Ceruloplasmin expression; Formation of a pool of free 40S subunits; GTP hydrolysis and joining of the 60S ribosomal subunit; Translation initiation complex formation; Formation of the ternary complex, and subsequently, the 43S complex; Ribosomal scanning and start codon recognition"
FALSE,High,Master Protein,Q9JLH8,Tropomodulin-4 [OS=Mus musculus],0,28.964,20,5,50,4,39.2,Tmod4,0.001,0.234,,0.081742476,,,,3970519.5,12406419.25,7710579.5,9010715,,,,,,,1802447,2936924,,,,Striated Muscle Contraction
FALSE,High,Master Protein,P11798,Calcium/calmodulin-dependent protein kinase type II subunit alpha [OS=Mus musculus],0,28.92,14,4,56,1,54.1,Camk2a,,,,,,,,,,,,,,,,,,,,,,ErbB signaling pathway; TGF-beta receptor signaling pathway; Myometrial relaxation and contraction pathways; Wnt signaling pathway; Calcium regulation in cardiac cells; EGFR1 signaling pathway,"Ion homeostasis; Ion transport by P-type ATPases; Ca2+ pathway; Trafficking of AMPA receptors; RAF activation; Interferon gamma signaling; HSF1-dependent transactivation; Unblocking of NMDA receptors, glutamate binding and activation"
FALSE,High,Master Protein,Q9QYB1,Chloride intracellular channel protein 4 [OS=Mus musculus],0,28.91,38,6,28,5,28.7,Clic4,1000,,,,,,,,,,,,13674293.5,11569741,,,,,,,,,
FALSE,High,Master Protein,Q9CQZ5,NADH dehydrogenase [ubiquinone] 1 alpha subcomplex subunit 6 [OS=Mus musculus],0,28.874,46,7,65,7,15.3,Ndufa6,0.45,0.102,0.081916843,0.000518519,38257699.5,19409339.25,4041599.5,23899928,43460887,59584257.25,47084575.25,37376588.75,10794740.25,4930476.5,3333529.5,17123092.5,4828746,5562487.5,7326013.5,3071580.5,Met-loss+Acetyl [N-Term]; Acetyl [N-Term],Oxidative phosphorylation; Electron transport chain,Complex I biogenesis
FALSE,High,Master Protein,P62900,Large ribosomal subunit protein eL31 [OS=Mus musculus],0,28.862,45,6,100,6,14.5,Rpl31,1.672,1.246,0.000228206,0.096923207,112831307,76618863,83483783.5,114148700,63761645,62197983,75222401,75607474,184815208,130307293,152312361,187674107,64114352.5,74671898,119933398,97717514.5,,Cytoplasmic ribosomal proteins,L13a-mediated translational silencing of Ceruloplasmin expression; SRP-dependent cotranslational protein targeting to membrane; Major pathway of rRNA processing in the nucleolus and cytosol; Formation of a pool of free 40S subunits; GTP hydrolysis and joining of the 60S ribosomal subunit; Nonsense Mediated Decay (NMD) independent of the Exon Junction Complex (EJC); Nonsense Mediated Decay (NMD) enhanced by the Exon Junction Complex (EJC); Ribosome Quality Control (RQC) complex extracts and degrades nascent peptide; PELO:HBS1L and ABCE1 dissociate a ribosome on a non-stop mRNA; ZNF598 and the Ribosome-associated Quality Trigger (RQT) complex dissociate a ribosome stalled on a no-go mRNA
FALSE,High,Master Protein,P14131,Small ribosomal subunit protein uS9 [OS=Mus musculus],0,28.851,63,10,96,10,16.4,Rps16,1.782,1.265,0.000207675,0.064605486,141019914,86992712,102728605,99895131.5,90013384.5,114179134,127059679,109072070.3,255788936,152346996,198543686,170633121,93639852.75,135538469,192185502,146991465,,Cytoplasmic ribosomal proteins,"L13a-mediated translational silencing of Ceruloplasmin expression; SRP-dependent cotranslational protein targeting to membrane; Major pathway of rRNA processing in the nucleolus and cytosol; Formation of a pool of free 40S subunits; GTP hydrolysis and joining of the 60S ribosomal subunit; Nonsense Mediated Decay (NMD) independent of the Exon Junction Complex (EJC); Nonsense Mediated Decay (NMD) enhanced by the Exon Junction Complex (EJC); PELO:HBS1L and ABCE1 dissociate a ribosome on a non-stop mRNA; ZNF598 and the Ribosome-associated Quality Trigger (RQT) complex dissociate a ribosome stalled on a no-go mRNA; Translation initiation complex formation; Formation of the ternary complex, and subsequently, the 43S complex; Ribosomal scanning and start codon recognition"
FALSE,High,Master Protein,Q9CQN7,Large ribosomal subunit protein mL41 [OS=Mus musculus],0,28.836,41,5,31,5,15.3,Mrpl41,2.475,1.245,0.448813998,0.654565752,2897608,2016587,2970258.125,19319235.56,17507828.25,10979305.75,42993092.5,9964140,8513397,4647812.625,7891125.75,6470143.875,12135864.5,25563537.25,24873396,22291433,,,Mitochondrial translation elongation; Mitochondrial translation termination; Mitochondrial ribosome-associated quality control
FALSE,High,Master Protein,P62932,F-box only protein 40 [OS=Mus musculus],0,28.744,17,10,27,10,79.9,Fbxo40,1000,1000,,,,,,,,,,,16865289,7533615.25,14081820.75,4324413.875,1338137,2338620.75,,,,,Neddylation; Antigen processing: Ubiquitination & Proteasome degradation
FALSE,High,Master Protein,Q8BK63,Casein kinase I isoform alpha [OS=Mus musculus],0,28.626,28,7,55,7,38.9,Csnk1a1,8.984,70.792,0.062787659,0.213846565,6618061.75,1067172.5,,3308028.25,3634788.25,,,2990882.75,20297269,16821057.25,5669517.875,16938484,7909734.5,2963477.75,17533458.5,14988885.5,,Wnt signaling in kidney disease; Wnt signaling pathway,GLI3 is processed to GLI3R by the proteasome; Ubiquitin-Mediated Degradation of Phosphorylated Cdc25A; Beta-catenin phosphorylation cascade; Disassembly of the destruction complex and recruitment of AXIN to the membrane; Activation of SMO
FALSE,High,Master Protein,Q9JKC8,AP-3 complex subunit mu-1 [OS=Mus musculus],0,28.485,36,10,27,10,46.9,Ap3m1,5.284,43.231,0.00251197,0.256570579,7196295.5,2366017,4481562.5,3549819.5,,3732346.25,3630554.5,,32230168.75,24856675.25,24341501.25,18246700.88,3925638.156,4799676,6785356.125,3804787.625,,,
FALSE,High,Master Protein,P30681,High mobility group protein B2 [OS=Mus musculus],0,28.229,24,4,57,3,24.1,Hmgb2,0.884,0.53,0.097512482,0.061909254,38414419.75,37444471.88,28332567.5,52383688.5,26696219.63,29318999.5,34044183,38577395.25,33628049.5,33420095.5,28797071,42918592.75,11646848.25,9937600.813,30239802.25,24799110.38,,Androgen receptor signaling pathway,Apoptosis induced DNA fragmentation
FALSE,High,Master Protein,Q91YR1,Twinfilin-1 [OS=Mus musculus],0,28.172,26,8,38,7,40.1,Twf1,10.05,70.833,0.000274414,0.160737197,2914651.75,2472543.5,2454426.5,3028827,838734.6875,,1462675.75,,32915417.5,22112717.5,28205056.5,21561174.5,2171639.5,4006720.5,7338693.5,13623817.38,Acetyl [N-Term],,RHOBTB2 GTPase cycle
FALSE,High,Master Protein,Q922B2,"Aspartate--tRNA ligase, cytoplasmic [OS=Mus musculus]",0,28.157,29,14,34,14,57.1,Dars1,0.051,0.001,0.000536163,,55134184,35250620,34238628,36011592,124756384,137759344,149300048,146364064,2194791.25,2355703.75,2257424.5,1120387.375,,,,,,Alanine and aspartate metabolism,Transcriptional and post-translational regulation of MITF-M expression and activity
FALSE,High,Master Protein,Q8C3X4,"Translation factor Guf1, mitochondrial [OS=Mus musculus]",0,28.102,13,6,29,6,72.4,Guf1,1.627,0.755,6.69027E-05,0.027064445,3484899.25,2141977.25,2684846.5,2612401,5179947.5,7590371.5,7130117,6525119.5,5633654.5,3342733.5,4504483,4279924,3046883.5,5419539,5962431.5,5214134,,,
FALSE,High,Master Protein,Q9WTX2,Interferon-inducible double-stranded RNA-dependent protein kinase activator A [OS=Mus musculus],0,28.027,24,5,34,5,34.3,Prkra,1.408,0.694,0.081025542,0.100002565,16811044.75,12741496.25,11643364,14717461.63,16234952.75,21169955.25,17255895.5,17683793,16907493.5,17536119.25,21733691.5,21199292.75,7712388.5,12414266.63,14157096,17085928.5,,,PKR-mediated signaling; MicroRNA (miRNA) biogenesis; Small interfering RNA (siRNA) biogenesis
FALSE,High,Master Protein,Q04750,DNA topoisomerase 1 [OS=Mus musculus],0,28.016,16,11,38,11,90.8,Top1,7.638,15.651,0.000630471,0.00307687,3733780.5,2199991,2568963.25,2979665.25,1141738.125,,1307472,1110307.625,28320777.5,11265881,19760146.5,28811844.75,13932454.94,8188445.5,16537860.75,21500926.88,Acetyl [N-Term],,SUMOylation of DNA replication proteins
FALSE,High,Master Protein,P46735,Unconventional myosin-Ib [OS=Mus musculus],0,27.966,11,9,29,8,128.5,Myo1b,1000,1000,,,,,,,,,,,2137821,1989545.375,2178558.25,1342965.25,1408839.125,1736604,3036382.75,4059944.125,,,
FALSE,High,Master Protein,Q8C8U0,Liprin-beta-1 [OS=Mus musculus],0,27.918,10,7,24,7,108.5,Ppfibp1,1000,1000,,,,,,,,,,,7671433.75,5149900.25,8109220,9590290.875,,863173.0625,3672987.563,1561176.5,,,Receptor-type tyrosine-protein phosphatases
FALSE,High,Master Protein,P84084,ADP-ribosylation factor 5 [OS=Mus musculus],0,27.777,36,5,43,2,20.5,Arf5,1000,1000,,,,,,,,,,,4866280,2502847.25,4313068,3608187.75,5248711,6416720.5,5024086.5,6305428.5,,,COPI-dependent Golgi-to-ER retrograde traffic; COPI-mediated anterograde transport
FALSE,High,Master Protein,P11103,Poly [ADP-ribose] polymerase 1 [OS=Mus musculus],0,27.736,12,9,32,9,113,Parp1,136.442,1000,0.041509227,,869065.6875,,,1011610.125,,,1237121.25,,16178932.75,10227632.13,8436691,13159484.88,3165179.25,7390592,16733751.38,12722703.5,,,SUMOylation of DNA damage response and repair proteins; DNA Damage Recognition in GG-NER; Formation of Incision Complex in GG-NER; Dual Incision in GG-NER; Downregulation of SMAD2/3:SMAD4 transcriptional activity; POLB-Dependent Long Patch Base Excision Repair; HDR through MMEJ (alt-NHEJ)
FALSE,High,Master Protein,P03911,NADH-ubiquinone oxidoreductase chain 4 [OS=Mus musculus],0,27.723,14,4,33,4,51.8,Mtnd4,1.519,0.017,0.1612772,0.15483274,5087332.5,864496,654846.4375,2397514.313,4471879.75,10204567,7252810.75,2790397,5244909.75,2249443,1459061.75,2483225.875,,2998937.5,3468406.125,,,Oxidative phosphorylation; Electron transport chain,Complex I biogenesis; Mitochondrial translation termination
FALSE,High,Master Protein,P21812,Mast cell protease 4 [OS=Mus musculus],0,27.659,33,6,57,6,27.2,Mcpt4,0.001,0.001,,,31142992,26248333,20881468,41840697.75,17661574.5,28491047,39765710,34668618.5,,,,,,,,,,,
FALSE,High,Master Protein,Q91YM4,FAST kinase domain-containing protein 4 [OS=Mus musculus],0,27.642,21,9,29,9,71.5,Tbrg4,72.529,3.197,0.09543636,0.226100754,,1971294,,1167036.875,2276266,,3328368,1799947.875,5425245.25,6707192,2547856.25,6139081.75,4729066.188,2322171.5,16375708,,,,
FALSE,High,Master Protein,P62962,Profilin-1 [OS=Mus musculus],0,27.596,36,4,38,4,14.9,Pfn1,4.436,1.021,0.010827245,0.492667166,14526800.5,23644546,5527153,4339478,2550529.25,3112497,3704809.75,2769795.75,47053980,65762672,33573749,38768096,2129230,7460874,4003761.5,2673286.5,,G13 signaling pathway; Regulation of actin cytoskeleton,RHO GTPases Activate Formins; PCP/CE pathway; Signaling by ROBO receptors
FALSE,High,Master Protein,Q00PI9,Heterogeneous nuclear ribonucleoprotein U-like protein 2 [OS=Mus musculus],0,27.586,17,9,35,9,84.9,Hnrnpul2,1000,1000,,,,,,,,,,,15499246.81,14048016.06,12008900.81,17769312.81,9854151.547,9890034.328,15337242,13309854.5,,,
FALSE,High,Master Protein,Q99N87,Small ribosomal subunit protein uS5m [OS=Mus musculus],0,27.505,21,8,36,8,48.2,Mrps5,55.017,0.595,0.226793508,0.080082297,2236502.25,,2472438.125,,7391702,8343541.5,9573309.5,2592014.5,6769535.25,3716306.375,4104154.625,1494913.375,4065839.125,5366042,9974168,1320066.5,,,Mitochondrial translation elongation; Mitochondrial translation termination; Mitochondrial ribosome-associated quality control
FALSE,High,Master Protein,Q9D1L0,Coiled-coil-helix-coiled-coil-helix domain-containing protein 2 [OS=Mus musculus],0,27.494,31,4,23,4,15.7,Chchd2,3.926,,0.030103991,,4382603.5,1623645.25,,3394647,,,,,11031026,8378624.5,11007432,10139609,,,,,,,
FALSE,High,Master Protein,Q9CQE3,Small ribosomal subunit protein uS17m [OS=Mus musculus],0,27.47,52,4,26,4,13.4,Mrps17,1.852,0.592,0.086238413,0.118321352,5809421.75,,4451135.5,1758194.75,16131407.5,20097934.5,19217909,12018261.5,7696033.5,5588736.75,6782878.25,3958067.625,6408769.125,11437691.5,21457216,7405898,,,Mitochondrial translation elongation; Mitochondrial translation termination; Mitochondrial ribosome-associated quality control
FALSE,High,Master Protein,Q62000,Mimecan [OS=Mus musculus],0,27.448,27,6,29,6,34,Ogn,3.617,1000,0.00090425,,6916803,4805858,3578140.75,9805181,,,,5376278,36079925,17404543,12927229.75,32404451,2223199.563,4318213.375,5592574.25,21653791,,,Keratan sulfate degradation; Keratan sulfate biosynthesis
FALSE,High,Master Protein,Q9ESW4,"Acylglycerol kinase, mitochondrial [OS=Mus musculus]",0,27.385,18,5,26,5,46.9,Agk,1.544,0.332,0.132625445,0.162840724,6722356.75,3594151.5,2061201.625,2671687.5,1438104.25,6341621.25,7311003.75,4383971.375,10085829,3239753.75,4895022.375,4246781.25,,2803778.75,6359442.75,1093649.375,,,Glycerophospholipid biosynthesis
FALSE,High,Master Protein,P00397,Cytochrome c oxidase subunit 1 [OS=Mus musculus],0,27.378,27,5,27,5,56.9,Mtco1,0.166,0.117,0.005334612,0.007937302,142782850,77380281,89998648,67731085,73600376.5,131383888,125935896.5,118751737.5,27168395,11249056.5,5878712.375,14701626.5,7854729.25,20549731,16144339.25,3425866.25,,Electron transport chain,TP53 Regulates Metabolic Genes; Respiratory electron transport; Cytoprotection by HMOX1; Complex IV assembly; Mitochondrial protein degradation; Mitochondrial translation termination
FALSE,High,Master Protein,Q8BP48,Methionine aminopeptidase 1 [OS=Mus musculus],0,27.251,27,8,35,8,43.2,Metap1,21.411,1000,0.007289824,,2185725.75,279329.1875,1718032.906,460629.6875,,,,,27042974.38,25474303.5,18933082.63,17067132.25,18111074.05,26246866.38,10015429.44,7058401.5,,,"Inactivation, recovery and regulation of the phototransduction cascade"
FALSE,High,Master Protein,Q61830,Macrophage mannose receptor 1 [OS=Mus musculus],0,27.211,8,9,23,9,164.9,Mrc1,1000,,,,2948127.5,,,,,,,,17505652.13,1301295,3166381.5,2663173.75,,,,,,,Cross-presentation of soluble exogenous antigens (endosomes)
FALSE,High,Master Protein,Q6A0A9,Constitutive coactivator of PPAR-gamma-like protein 1 [OS=Mus musculus],0,27.081,12,8,25,8,121.6,FAM120A,0.175,0.017,0.004214738,0.0280704,44554470,21861305.25,26680702,24411611.5,6386643.5,8116609,9434524,8559347,7069678.5,1649886.75,5165687,5384238.875,1817480.375,,2985692.5,,,,
FALSE,High,Master Protein,P54320,Elastin [OS=Mus musculus],0,27.049,9,4,32,4,71.9,Eln,0.762,0.338,0.105844157,0.013753384,62933964,48072636.5,27635726,29311575,3263296,4925701.125,11973196.5,39089432.25,22470035,34827352,22227334,23483930.5,1646699.375,1519414.25,4427203.625,6908633.25,,Lung fibrosis,Degradation of the extracellular matrix; Molecules associated with elastic fibres
FALSE,High,Master Protein,Q9WVR4,RNA-binding protein FXR2 [OS=Mus musculus],0,27.036,15,8,45,5,73.7,Fxr2,1000,1000,,,,,,,,,,,4542079,2153090,3849097.25,3151447.25,1630272.375,2867179.25,3221618.5,,,,
FALSE,High,Master Protein,Q9EPC1,Alpha-parvin [OS=Mus musculus],0,27.027,15,4,39,3,42.3,Parva,1000,1000,,,,,,,,,,,12173633.75,6196237.125,16974326.5,20833468.75,7637887.125,8821836,7237409,14480982.63,,Primary focal segmental glomerulosclerosis (FSGS),Localization of the PINCH-ILK-PARVIN complex to focal adhesions; Regulation of cytoskeletal remodeling and cell spreading by IPP complex components
FALSE,High,Master Protein,P80317,T-complex protein 1 subunit zeta [OS=Mus musculus],0,27.015,21,8,28,8,58,Cct6a,5.615,1.646,0.001505925,0.439190968,3184530.5,2667330,2041641.125,2885098.5,1430753.5,1621237.25,3136484.25,1916763,27560700,10953169.25,12332836.75,15058999,2296462.5,2827360.313,5296288.75,1076192.375,,,Cooperation of PDCL (PhLP1) and TRiC/CCT in G-protein beta folding; RHOBTB2 GTPase cycle; Association of TriC/CCT with target proteins during biosynthesis
FALSE,High,Master Protein,Q9EP89,"Serine beta-lactamase-like protein LACTB, mitochondrial [OS=Mus musculus]",0,27.013,19,8,41,8,60.7,Lactb,0.001,0.001,,,4581605.5,3680029.75,4073269.625,7863603,24417201.13,20281581.38,13535566.5,28603968.25,,,,,,,,,,,
FALSE,High,Master Protein,Q91ZA3,"Propionyl-CoA carboxylase alpha chain, mitochondrial [OS=Mus musculus]",0,26.937,15,8,30,8,79.9,Pcca,0.001,0.001,,,1670756,1858171.75,,,5547675.5,10771539,9388501.75,2652665.25,,,,,,,,,,,Biotin transport and metabolism; Propionyl-CoA catabolism
FALSE,High,Master Protein,Q61166,Microtubule-associated protein RP/EB family member 1 [OS=Mus musculus],0,26.903,28,6,28,5,30,Mapre1,1000,1000,,,,,,1970983.875,,,,,11909138.25,8626034.25,11334775.5,9873264.75,,,,1300037.875,,,Anchoring of the basal body to the plasma membrane; Regulation of PLK1 Activity at G2/M Transition; Loss of Nlp from mitotic centrosomes; Recruitment of mitotic centrosome proteins and complexes; Recruitment of NuMA to mitotic centrosomes; AURKA Activation by TPX2; Separation of Sister Chromatids; Amplification  of signal from unattached  kinetochores via a MAD2  inhibitory signal; Resolution of Sister Chromatid Cohesion; RHO GTPases Activate Formins; EML4 and NUDC in mitotic spindle formation; The role of GTSE1 in G2/M progression after G2 checkpoint
FALSE,High,Master Protein,Q8BGK2,Inactive ADP-ribosyltransferase ARH2 [OS=Mus musculus],0,26.884,22,7,41,7,39.9,Adprhl1,,,,,,,,,,,,,,,,,,,,,,,
FALSE,High,Master Protein,P70296,Phosphatidylethanolamine-binding protein 1 [OS=Mus musculus],0,26.82,59,6,39,6,20.8,Pebp1,1.501,0.133,0.070758714,0.33255039,29676054.5,29087663,18141015.25,16906702.25,27264432.75,27332595.5,25729706,40000426.5,31006738,38153221,34948632,29050970,780406.4375,,22857157.25,24876655.75,Met-loss+Acetyl [N-Term],TNF-alpha NF-kB signaling pathway; EGFR1 signaling pathway,MAP2K and MAPK activation; Negative regulation of MAPK pathway
FALSE,High,Master Protein,P23506,Protein-L-isoaspartate(D-aspartate) O-methyltransferase [OS=Mus musculus],0,26.789,25,4,37,4,24.6,Pcmt1,2.018,0.001,0.109491255,,8672407.5,5417571.125,1850613.875,10756185,3526104.25,,,2896381.5,12796101.5,14947535.5,11772903.75,12602320.13,,,,,,,Protein repair
FALSE,High,Master Protein,P62827,GTP-binding nuclear protein Ran [OS=Mus musculus],0,26.707,36,6,62,6,24.4,Ran,0.527,0.49,0.00644572,0.038241296,217247575,143482202,139883409.3,124951800.5,41949504.5,54886950,46656034.63,65790878.63,76910504.5,73733040.75,75657621.75,70052324.5,18305021.5,29806988.75,41616010.25,29031002,,Androgen receptor signaling pathway,Transcriptional regulation by small RNAs; Postmitotic nuclear pore complex (NPC) reformation; Regulation of cholesterol biosynthesis by SREBP (SREBF)
FALSE,High,Master Protein,Q9WU78,Programmed cell death 6-interacting protein [OS=Mus musculus],0,26.667,14,11,30,11,96,Pdcd6ip,0.826,0.018,0.373585986,0.549895594,22517451.75,14614708.25,5995462.625,6827831,3917995,3865098.75,3968410.75,8818659.75,10045674,9965115.625,7597192,6825998.5,,1191679,4352602.125,,,,Regulation of necroptotic cell death
FALSE,High,Master Protein,Q9CQC7,NADH dehydrogenase [ubiquinone] 1 beta subcomplex subunit 4 [OS=Mus musculus],0,26.643,37,5,44,5,15.1,Ndufb4,0.748,0.255,0.244853258,0.00255276,28593575.5,17207338.75,7383463.5,26092930,43339967,62591317.25,55575050,29674974,22004130.5,11823686.63,9004538,18958749.75,8245511.5,14088707.13,16085876,10867601,,Electron transport chain,Complex I biogenesis
FALSE,High,Master Protein,P84099,Large ribosomal subunit protein eL19 [OS=Mus musculus],0,26.593,22,4,77,4,23.5,Rpl19,3.05,2.827,0.000271746,0.002063844,20502774,12524581,13496822.75,15881268,7122634.125,6777338,10255889,11616879.5,67369417,35453319,47721709,44693679.5,17043133.75,22635770,35669905,27571186.5,,Cytoplasmic ribosomal proteins; mRNA processing,Major pathway of rRNA processing in the nucleolus and cytosol; L13a-mediated translational silencing of Ceruloplasmin expression; Formation of a pool of free 40S subunits; GTP hydrolysis and joining of the 60S ribosomal subunit; SRP-dependent cotranslational protein targeting to membrane; Nonsense Mediated Decay (NMD) independent of the Exon Junction Complex (EJC); Nonsense Mediated Decay (NMD) enhanced by the Exon Junction Complex (EJC); PELO:HBS1L and ABCE1 dissociate a ribosome on a non-stop mRNA; ZNF598 and the Ribosome-associated Quality Trigger (RQT) complex dissociate a ribosome stalled on a no-go mRNA; Ribosome Quality Control (RQC) complex extracts and degrades nascent peptide
FALSE,High,Master Protein,Q5I1X5,RelA-associated inhibitor [OS=Mus musculus],0,26.419,18,13,31,13,88.9,Ppp1r13l,1000,1000,,,,,,,,,,,,,1321702.375,1177335.625,1207263.375,1284786.125,2690101.5,1282542.875,Acetyl [N-Term],TNF-alpha NF-kB signaling pathway,Regulation of TP53 Activity through Association with Co-factors
FALSE,High,Master Protein,Q71FD7,Filamin-binding LIM protein 1 [OS=Mus musculus],0,26.358,28,6,29,6,41,Fblim1,1000,1000,,,,,,,,,,,7841902.75,2925749.5,2259488.25,3924363,,1615564.5,2977055,,,,Cell-extracellular matrix interactions
FALSE,High,Master Protein,Q9DCZ4,MICOS complex subunit Mic26 [OS=Mus musculus],0,26.284,31,4,33,4,22.6,Apoo,1.539,0.25,0.197858163,0.009222001,14291865,4710592,,7504820.75,16795081.5,25158095,27473732,16682186,15423951.5,8840762,7006506,9471489,2509091.75,7674385.5,11758076,3423584.5,,,
FALSE,High,Master Protein,P01864,Ig gamma-2A chain C region secreted form [OS=Mus musculus],0,26.246,15,3,43,3,36.6,,2.067,2.185,0.01105124,0.14229947,17081694,19497258.5,10833120.25,16571089,3240939.5,3326262.25,10232802.25,14147425.5,36272051.5,39229505.5,35174734,27813990.5,2858673.25,4678356,36297839.5,48021497,,,
FALSE,High,Master Protein,Q9EQI8,Large ribosomal subunit protein mL46 [OS=Mus musculus],0,26.171,34,8,29,8,32.1,Mrpl46,11.431,0.547,0.089579322,0.059045213,720998.8125,,3305487.25,663721.875,20340004.63,19064283.5,19623866.25,9900227,10596957.38,2862346.5,6654250.688,5901238.063,5576219.625,8062850.625,14565325.75,7005925.063,,,Mitochondrial translation elongation; Mitochondrial translation termination; Mitochondrial ribosome-associated quality control
FALSE,High,Master Protein,P63330,Serine/threonine-protein phosphatase 2A catalytic subunit alpha isoform [OS=Mus musculus],0,25.898,31,7,32,7,35.6,Ppp2ca,1000,1000,,,,,,,,,,,3288541,2013089.75,4494970.25,,,3115012.25,1785063.125,,,TNF-alpha NF-kB signaling pathway; Focal adhesion: PI3K-Akt-mTOR signaling pathway; Glycogen metabolism; IL-3 signaling pathway; IL-6 signaling pathway; Wnt signaling pathway; Wnt signaling pathway and pluripotency,"Separation of Sister Chromatids; Negative regulation of MAPK pathway; Spry regulation of FGF signaling; Cyclin D associated events in G1; Regulation of TP53 Degradation; PKR-mediated signaling; Nonsense Mediated Decay (NMD) enhanced by the Exon Junction Complex (EJC); Cyclin A/B1/B2 associated events during G2/M transition; PI5P, PP2A and IER3 Regulate PI3K/AKT Signaling; Amplification  of signal from unattached  kinetochores via a MAD2  inhibitory signal; Resolution of Sister Chromatid Cohesion; RHO GTPases Activate Formins; EML4 and NUDC in mitotic spindle formation; DARPP-32 events; Platelet sensitization by LDL; Turbulent (oscillatory, disturbed) flow shear stress activates signaling by PIEZO1 and integrins in endothelial cells; Initiation of Nuclear Envelope (NE) Reformation; RAF activation; Beta-catenin phosphorylation cascade; Disassembly of the destruction complex and recruitment of AXIN to the membrane; Co-stimulation by CD28; Co-inhibition by CTLA4; Inhibition of replication initiation of damaged DNA by RB1/E2F1; ERKs are inactivated"
FALSE,High,Master Protein,P67984,Large ribosomal subunit protein eL22 [OS=Mus musculus],0,25.868,51,4,65,4,14.8,Rpl22,1.574,1.183,0.0029115,0.110251669,88390656,65628920,63962856,84170800,45670028,53557176,50691324,55698276,141248864,99641016,123528024,130457496,50736496,59359620,91207792,70194192,,Cytoplasmic ribosomal proteins; mRNA processing,L13a-mediated translational silencing of Ceruloplasmin expression; SRP-dependent cotranslational protein targeting to membrane; Major pathway of rRNA processing in the nucleolus and cytosol; Formation of a pool of free 40S subunits; GTP hydrolysis and joining of the 60S ribosomal subunit; Nonsense Mediated Decay (NMD) independent of the Exon Junction Complex (EJC); Nonsense Mediated Decay (NMD) enhanced by the Exon Junction Complex (EJC); Ribosome Quality Control (RQC) complex extracts and degrades nascent peptide; PELO:HBS1L and ABCE1 dissociate a ribosome on a non-stop mRNA; ZNF598 and the Ribosome-associated Quality Trigger (RQT) complex dissociate a ribosome stalled on a no-go mRNA
FALSE,High,Master Protein,Q3U962,Collagen alpha-2(V) chain [OS=Mus musculus],0,25.825,6,5,30,5,144.9,Col5a2,0.001,,,,12374834,7881908,2619030.5,10330703,,,,,,,,,,,,,,Focal adhesion: PI3K-Akt-mTOR signaling pathway; Focal adhesion,Signaling by PDGF; ECM proteoglycans; Assembly of collagen fibrils and other multimeric structures; Integrin cell surface interactions; NCAM1 interactions; Collagen chain trimerization; Collagen degradation; Fibronectin matrix formation; Non-integrin membrane-ECM interactions; MET activates PTK2 signaling
FALSE,High,Master Protein,Q9DC70,"NADH dehydrogenase [ubiquinone] iron-sulfur protein 7, mitochondrial [OS=Mus musculus]",0,25.71,21,5,59,5,24.7,Ndufs7,1.95,0.796,0.002982218,0.294335851,23806425,13079576.5,7807295,13296157.5,28366055,45370836,38941730,20798924,38738074.25,23485167,17499004,28159808,19079447.5,30842906.13,36277732.5,24551093.44,,Oxidative phosphorylation; Electron transport chain,Complex I biogenesis
FALSE,High,Master Protein,Q8R2Y8,"Peptidyl-tRNA hydrolase 2, mitochondrial [OS=Mus musculus]",0,25.648,28,3,26,3,19.5,Ptrh2,1.037,0.575,0.801307686,0.045458963,15397743,9242746.25,9771736.75,11851355.25,5896036.125,7932989.5,13731029.75,9256660.25,19250184,9129220.5,10629368,7507344.5,2279979.25,3835493.25,11310323,6338260.875,,,Ub-specific processing proteases
FALSE,High,Master Protein,Q9CQH7,Transcription factor BTF3 homolog 4 [OS=Mus musculus],0,25.628,34,3,38,3,17.3,Btf3l4,92.458,1000,0.036613932,,3562588.75,,,2829808.5,,2163723.25,,,24109467.5,17893594.25,21388810.75,24190606.5,5222167.875,4129822.625,2609792.5,9861312.5,,,
FALSE,High,Master Protein,P48024,Eukaryotic translation initiation factor 1 [OS=Mus musculus],0,25.534,74,5,31,5,12.7,Eif1,4.509,2.427,0.001893014,0.03067769,3110345.5,1924568.875,2170065.75,3391554,2739853,2683485.75,3672827,,14649841.25,9841816.5,9368242,9420041,4439295.5,6591089,8804751,6412302,Acetyl [N-Term],Translation factors,
FALSE,High,Master Protein,Q7TT50,Serine/threonine-protein kinase MRCK beta [OS=Mus musculus],0,25.509,7,8,24,8,194.6,Cdc42bpb,1000,1000,,,,,,,,,,,8881014.375,3830315.75,5294872.625,,,1650880,,2258097,,,RHOQ GTPase cycle
FALSE,High,Master Protein,Q02013,Aquaporin-1 [OS=Mus musculus],0,25.473,41,6,49,6,28.8,Aqp1,1.282,1.388,0.163976975,0.024708235,4612481,2428409.75,2900642.75,4353587,4696484.5,5937924,4450578,6452491.5,4284319.5,2772085,4659386.5,6264661.5,5745697.5,7463796.5,6819152,11254687,,,Erythrocytes take up carbon dioxide and release oxygen; Erythrocytes take up oxygen and release carbon dioxide; Vasopressin regulates renal water homeostasis via Aquaporins; Passive transport by Aquaporins
FALSE,High,Master Protein,E9Q7G0,Nuclear mitotic apparatus protein 1 [OS=Mus musculus],0,25.463,5,8,24,8,235.5,Numa1,1000,1000,,,,,,,,,,,407279.8438,,307104.25,449743,,,,383494.3438,,,Recruitment of NuMA to mitotic centrosomes; Mitotic Prophase
FALSE,High,Master Protein,Q6ZQ73,Cullin-associated NEDD8-dissociated protein 2 [OS=Mus musculus],0,25.371,11,10,44,10,135.5,Cand2,1000,1000,,,,,,,,,,,4624837.75,2536104.25,3198771.25,1861979.375,2682281.5,5727352,10591612.88,2602827.75,,,
FALSE,High,Master Protein,P51859,Hepatoma-derived growth factor [OS=Mus musculus],0,25.334,26,4,28,4,26.3,Hdgf,5.792,2.343,0.002212001,0.339747011,12393110,7417663.875,10538868.75,7677891.75,4362939.25,7331296.875,4709610,7510876,81836675.38,82465583.75,51234981.31,38999270,1673026.125,13258931.88,53154326.25,22791980.5,,,
FALSE,High,Master Protein,Q8CI43,Myosin light chain 6B [OS=Mus musculus],0,25.265,35,6,30,5,22.7,Myl6b,0.001,0.001,,,8957225,4231209.5,5851175.25,5241777,,1896332.125,1508412.625,1675789.25,,,,,,,,,,,Smooth Muscle Contraction
FALSE,High,Master Protein,Q6PD03,Serine/threonine-protein phosphatase 2A 56 kDa regulatory subunit alpha isoform [OS=Mus musculus],0,25.206,18,8,24,7,56.3,Ppp2r5a,61.418,0.001,0.268166149,,,,4263645,3179807.25,,2893416.25,,1975684.875,18644702.38,5430499.75,7072218.75,11994687,,,2775853.5,,,Focal adhesion: PI3K-Akt-mTOR signaling pathway; Glycogen metabolism; IL-6 signaling pathway,"Separation of Sister Chromatids; RAF activation; PI5P, PP2A and IER3 Regulate PI3K/AKT Signaling; PKR-mediated signaling; Amplification  of signal from unattached  kinetochores via a MAD2  inhibitory signal; Resolution of Sister Chromatid Cohesion; RHO GTPases Activate Formins; EML4 and NUDC in mitotic spindle formation; Negative regulation of MAPK pathway; Platelet sensitization by LDL; Beta-catenin phosphorylation cascade; Disassembly of the destruction complex and recruitment of AXIN to the membrane; Co-stimulation by CD28; Co-inhibition by CTLA4"
FALSE,High,Master Protein,Q61733,Small ribosomal subunit protein mS31 [OS=Mus musculus],0,25.194,28,8,31,7,43.9,Mrps31,3.625,1.26,0.023238393,0.262930206,5197811.25,777781.625,920042.25,1211034.875,10591923.44,9552194,8282886.5,7554883.375,8506375.75,3720950.5,5080544.75,3326117.875,9626911.5,13256039.25,28409985.25,8639289,,,Mitochondrial translation termination; Mitochondrial translation elongation; Mitochondrial ribosome-associated quality control
FALSE,High,Master Protein,Q8BU88,Large ribosomal subunit protein uL22m [OS=Mus musculus],0,25.071,26,4,31,4,23.8,Mrpl22,1.179,0.579,0.982658279,0.023959788,4755092.75,2135420,,1872715.25,8829046,12769980.75,14176222,9142871.25,3365365,2008858.375,3978897.25,2768714,4752432,5253211.5,10937799,5692122.5,,,Mitochondrial translation elongation; Mitochondrial translation termination; Mitochondrial ribosome-associated quality control
FALSE,High,Master Protein,Q8BGI7,Leucine-rich repeat-containing protein 39 [OS=Mus musculus],0,25.035,26,8,45,8,39,Lrrc39,0.046,0.037,0.000344134,2.02189E-05,90318966.5,55163480,61697727,84554504,108960499.3,133734051,136108759.8,118875160,3694019.75,2839551.75,4982357.125,3456329.75,3744438.875,3988310.25,5532186.375,4635749.5,,,
FALSE,High,Master Protein,Q9JK92,Heat shock protein beta-8 [OS=Mus musculus],0,25.017,40,8,56,8,21.5,Hspb8,2.057,1.932,0.000798856,0.003125058,27080071,23100355.25,15145139,20064562,16016480.5,14334093.5,14821987.5,16794524.75,53387220,44889004,37223153,43055280,27803000,26078661,36689346,34457134.5,Acetyl [N-Term]; Met-loss+Acetyl [N-Term],,HSF1-dependent transactivation
FALSE,High,Master Protein,Q9JHL1,Na(+)/H(+) exchange regulatory cofactor NHE-RF2 [OS=Mus musculus],0,24.939,31,9,36,9,37.4,Nherf2,1.927,1.788,0.339154116,0.263831355,4302739.5,4293646,,8010666.75,7836179.75,1115071.375,3806663.75,4366100.375,7926615.375,3450437,4247329.5,16152865.25,5428902.438,13174218,6476461,8199643,,,
FALSE,High,Master Protein,P47964,Large ribosomal subunit protein eL36 [OS=Mus musculus],0,24.891,30,4,78,4,12.2,Rpl36,1.822,1.517,0.002068405,0.016344682,59851149,38167810.75,38718178.5,54754907,31148114,27508078,38930081.5,37772113,107380775.8,63181717,85918475.75,101271435.3,36902656,45285384.5,63303968.25,53431449,,Cytoplasmic ribosomal proteins,L13a-mediated translational silencing of Ceruloplasmin expression; SRP-dependent cotranslational protein targeting to membrane; Major pathway of rRNA processing in the nucleolus and cytosol; Formation of a pool of free 40S subunits; GTP hydrolysis and joining of the 60S ribosomal subunit; Nonsense Mediated Decay (NMD) independent of the Exon Junction Complex (EJC); Nonsense Mediated Decay (NMD) enhanced by the Exon Junction Complex (EJC); Ribosome Quality Control (RQC) complex extracts and degrades nascent peptide; PELO:HBS1L and ABCE1 dissociate a ribosome on a non-stop mRNA; ZNF598 and the Ribosome-associated Quality Trigger (RQT) complex dissociate a ribosome stalled on a no-go mRNA
FALSE,High,Master Protein,P62874,Guanine nucleotide-binding protein G(I)/G(S)/G(T) subunit beta-1 [OS=Mus musculus],0,24.825,24,7,40,3,37.4,Gnb1,0.855,0.001,0.521757201,,9120220,7347661.5,7551867.5,8324333.5,7048351,10484099,7607479,5118562.5,11972211,9048296,4485868,4310397,,,,4441378.625,,Estrogen signaling; Chemokine signaling pathway; G protein signaling pathways; Focal adhesion: PI3K-Akt-mTOR signaling pathway; Myometrial relaxation and contraction pathways; Calcium regulation in cardiac cells,"G alpha (q) signalling events; G alpha (i) signalling events; Vasopressin regulates renal water homeostasis via Aquaporins; High laminar flow shear stress activates signaling by PIEZO1 and PECAM1:CDH5:KDR in endothelial cells; GPER1 signaling; Olfactory Signaling Pathway; G alpha (12/13) signalling events; Ca2+ pathway; G beta:gamma signalling through PLC beta; Presynaptic function of Kainate receptors; ADP signalling through P2Y purinoceptor 12; Adrenaline,noradrenaline inhibits insulin secretion; Extra-nuclear estrogen signaling; Activation of the phototransduction cascade; Glucagon-like Peptide-1 (GLP1) regulates insulin secretion; Thromboxane signalling through TP receptor; Thrombin signalling through proteinase activated receptors (PARs); G-protein activation; Glucagon-type ligand receptors; Cooperation of PDCL (PhLP1) and TRiC/CCT in G-protein beta folding; G alpha (z) signalling events; G beta:gamma signalling through CDC42; Activation of G protein gated Potassium channels; Inhibition  of voltage gated Ca2+ channels via Gbeta/gamma subunits; ADP signalling through P2Y purinoceptor 1; Synthesis, secretion, and inactivation of Glucagon-like Peptide-1 (GLP-1); G beta:gamma signalling through PI3Kgamma; Prostacyclin signalling through prostacyclin receptor; G beta:gamma signalling through BTK; Sensory perception of sweet, bitter, and umami (glutamate) taste"
FALSE,High,Master Protein,Q8VDC1,FYVE and coiled-coil domain-containing protein 1 [OS=Mus musculus],0,24.803,6,7,17,7,162.2,Fyco1,1000,1000,,,,,,,,,,,2966609.75,1524496.25,2881941.5,2444704.25,1620299.75,2569698.75,4661894.375,1516925.375,,,
FALSE,High,Master Protein,P03888,NADH-ubiquinone oxidoreductase chain 1 [OS=Mus musculus],0,24.705,14,5,36,5,36,Mtnd1,0.458,0.009,0.501106289,0.003384923,7765158,2127883.5,,1640482.625,11444107.5,18409336.63,12283855.75,6510541.25,1882453.625,975424.5625,,3240162.125,936980.25,1467462.875,,,,Oxidative phosphorylation; Electron transport chain,Complex I biogenesis; Mitochondrial translation termination
FALSE,High,Master Protein,Q8R404,MICOS complex subunit MIC13 [OS=Mus musculus],0,24.705,68,4,43,4,13.4,Micos13,1.318,0.279,0.032992988,0.002317218,24611495,11123650.75,14078841,11677296,60157285.5,53563690.5,75048510,46086794,30024845,13687733,19866167.5,20810977.25,11182902,14188087,22095914,16332299,,,
FALSE,High,Master Protein,Q8BWM0,Prostaglandin E synthase 2 [OS=Mus musculus],0,24.694,24,6,27,6,43.3,Ptges2,58.95,1.546,0.088556655,0.182322224,1771033.625,,,1029347.625,4999246.75,2679074.75,5846814.25,1968175.375,4532348,2143296.75,1847162.75,3577146.375,4761632.625,5991749,6249538.75,5625192,,Eicosanoid synthesis,Neutrophil degranulation; Synthesis of Prostaglandins (PG) and Thromboxanes (TX)
FALSE,High,Master Protein,Q9D0M5,"Dynein light chain 2, cytoplasmic [OS=Mus musculus]",0,24.688,45,3,57,2,10.3,Dynll2,1.849,1.409,0.021203063,0.068910069,10016351,7200980,4635362,7241036.75,6611409.375,8734502.25,6745438.625,10237891.75,18477368.5,9573206,12215896.5,13421636.5,6922732.375,11723337,12840814.5,15138210.5,,,MHC class II antigen presentation; COPI-mediated anterograde transport; Separation of Sister Chromatids; Resolution of Sister Chromatid Cohesion; RHO GTPases Activate Formins; EML4 and NUDC in mitotic spindle formation; Intraflagellar transport; HSP90 chaperone cycle for steroid hormone receptors (SHR) in the presence of ligand; COPI-independent Golgi-to-ER retrograde traffic; Aggrephagy; Amplification  of signal from unattached  kinetochores via a MAD2  inhibitory signal; Macroautophagy; Activation of BMF and translocation to mitochondria
FALSE,High,Master Protein,Q80X85,Small ribosomal subunit protein uS7m [OS=Mus musculus],0,24.647,28,5,21,5,28,Mrps7,1000,1000,,,,,,,,,,,,1336838.375,,1797734.625,2185813,675802.375,6770547.75,3850168.5,,,Mitochondrial translation elongation; Mitochondrial translation termination; Mitochondrial ribosome-associated quality control
FALSE,High,Master Protein,Q8VH51,RNA-binding protein 39 [OS=Mus musculus],0,24.616,16,6,45,6,59.4,Rbm39,1000,1000,,,,,,,,,,,13923184,6088990,4224737,7498559,1984355.5,2528951.25,4810811.5,3419531,,mRNA processing,RAC1 GTPase cycle; mRNA Splicing - Major Pathway; RHOG GTPase cycle; RND2 GTPase cycle; RAC2 GTPase cycle; RAC3 GTPase cycle; RND3 GTPase cycle; RND1 GTPase cycle; Initiation of Nuclear Envelope (NE) Reformation; Depolymerization of the Nuclear Lamina; RHOD GTPase cycle
FALSE,High,Master Protein,Q9Z1X4,Interleukin enhancer-binding factor 3 [OS=Mus musculus],0,24.592,9,7,22,7,96,Ilf3,1000,1000,,,,,,,,,,,1106317.625,2530803.25,6511825.25,6185380.25,230372.7969,,475323.4375,261229.4688,,mRNA processing,PKR-mediated signaling; Regulation of CDH11 gene transcription
FALSE,High,Master Protein,Q91VK1,eIF5-mimic protein 1 [OS=Mus musculus],0,24.59,26,11,49,11,48,Bzw2,1.856,1.438,0.125467007,0.927248092,21011743.5,14731127.25,,19798457.13,13773259,7753048.125,17530310,,44383192.75,24014106.88,36244282.63,22573193.38,7392132.625,12856592.69,21874093.88,9344737.125,,,
FALSE,High,Master Protein,P01837,Immunoglobulin kappa constant [OS=Mus musculus],0,24.587,64,4,48,4,11.9,Igkc,2.561,3.071,0.002999878,0.022386472,14395958.5,17191240,9114859,16649179.75,4292596.656,2914666,14721899.25,15663175.63,38005391.5,42714212.38,31114812,33765923.5,6530501,13682437.25,52716286,41255842.5,,,
FALSE,High,Master Protein,Q99LY9,NADH dehydrogenase [ubiquinone] iron-sulfur protein 5 [OS=Mus musculus],0,24.524,58,7,59,7,12.6,Ndufs5,0.933,0.334,0.216033466,0.004627904,12513747,6397652.75,5757331.5,9696402,11345419.5,16467558.5,20217355.5,14776840.5,11279247,6179104.5,5579501,6223107,3472791.25,5986401,5745375.5,7670049.5,Met-loss [N-Term],Oxidative phosphorylation; Electron transport chain,Complex I biogenesis
FALSE,High,Master Protein,Q9Z1P6,NADH dehydrogenase [ubiquinone] 1 alpha subcomplex subunit 7 [OS=Mus musculus],0,24.485,35,4,38,4,12.6,Ndufa7,0.503,0.388,0.024162848,0.049784306,27979081,19913201.5,18254469,29765049.75,34614443.81,45372407.81,38940317.63,34504903.09,16933901.5,10103868.78,4620731.875,14833004.53,13268116.5,28285861.75,15259919,4117674.5,,Oxidative phosphorylation; Electron transport chain,Complex I biogenesis
FALSE,High,Master Protein,Q921U8,Smoothelin [OS=Mus musculus],0,24.301,9,7,34,7,100.2,Smtn,1000,1000,,,,,,,,,,,1099856.5,1248074.125,3191101.5,1578566,1036157.813,3001860.875,7817268.625,4308733.5,,,
FALSE,High,Master Protein,Q3V384,AFG1-like ATPase [OS=Mus musculus],0,24.298,17,7,31,7,54.3,Afg1l,0.273,0.13,0.14758288,0.00032259,13749044.25,902156.9375,8977287.375,2501111.438,10999951.25,17477327.5,25463922.25,13916797.25,1992419.25,1361667.375,1629812.625,1029774.875,1568009.625,1695660.875,4059445.75,1643925.5,,,
FALSE,High,Master Protein,Q80ZS3,Small ribosomal subunit protein mS26 [OS=Mus musculus],0,24.281,37,7,26,7,23.4,Mrps26,0.001,0.001,,,1300903,,,1472630.375,12090161.5,16342192,16351622,9993382.75,,,,,,,,,,,Mitochondrial translation termination; Mitochondrial translation elongation; Mitochondrial ribosome-associated quality control
FALSE,High,Master Protein,Q9D6U8,Protein FAM162A [OS=Mus musculus],0,24.197,32,5,31,5,17.7,Fam162a,0.749,0.246,0.037090429,0.018393382,12034859.25,6649605.75,5720991.25,6533214.125,11115387,10728750,10748982.5,8137832.5,7595099.5,4605743,5161012,5287633.5,967873.8125,2608789.25,4458948.5,2018308.875,,,
FALSE,High,Master Protein,P62267,Small ribosomal subunit protein uS12 [OS=Mus musculus],0,24.146,48,5,66,5,15.8,Rps23,1.734,1.163,0.000123263,0.195229678,86657850,53922613,66074910,63242636,46924767.5,61867976,66198158,68473117,153119618,88175194,118626472,107603648,44075769.5,70320595,100708450,81501856,,Cytoplasmic ribosomal proteins; mRNA processing,"ZNF598 and the Ribosome-associated Quality Trigger (RQT) complex dissociate a ribosome stalled on a no-go mRNA; L13a-mediated translational silencing of Ceruloplasmin expression; SRP-dependent cotranslational protein targeting to membrane; Major pathway of rRNA processing in the nucleolus and cytosol; Formation of a pool of free 40S subunits; GTP hydrolysis and joining of the 60S ribosomal subunit; Nonsense Mediated Decay (NMD) independent of the Exon Junction Complex (EJC); Nonsense Mediated Decay (NMD) enhanced by the Exon Junction Complex (EJC); PELO:HBS1L and ABCE1 dissociate a ribosome on a non-stop mRNA; Translation initiation complex formation; Formation of the ternary complex, and subsequently, the 43S complex; Ribosomal scanning and start codon recognition; Protein hydroxylation"
FALSE,High,Master Protein,Q9D6K8,FUN14 domain-containing protein 2 [OS=Mus musculus],0,24.146,44,5,43,5,16.6,Fundc2,1.862,0.806,0.15896886,0.201460608,35981927.5,30336859,31783229,28491188.25,29533828.5,31776264,46223595,32486564,74347707,23475802,58867664,53322141.38,12600176.75,32223562.5,32395673.75,30091439.5,Acetyl [N-Term],,
FALSE,High,Master Protein,Q8BX02,KN motif and ankyrin repeat domain-containing protein 2 [OS=Mus musculus],0,24.086,13,8,35,8,90.2,Kank2,1000,1000,,,,,,,,,,,16113387.75,10631482.5,11151050,10324687,14461521,16106033.5,16483555.5,18065914.75,,,
FALSE,High,Master Protein,Q9D023,Mitochondrial pyruvate carrier 2 [OS=Mus musculus],0,24.048,48,6,80,6,14.3,Mpc2,1.242,0.618,0.029266131,0.015796073,139039065,71877728.5,74357200.5,74136368.5,164666622,225521380,226673184,175999620,153869520,85806219,107700161,95757666,88901489,134689918,186367668,112380791,,Glycolysis and gluconeogenesis,
FALSE,High,Master Protein,P12787,"Cytochrome c oxidase subunit 5A, mitochondrial [OS=Mus musculus]",0,24.028,33,5,42,5,16.1,Cox5a,2.228,0.212,0.985995276,0.084010189,61656103.5,4705914.5,,2717735.75,36189464.25,58622345,24221972.5,5739430,11787443,6148604,5116574,10328981,5037825.5,7091139.5,7845326,6209704,,Arachidonate epoxygenase / epoxide hydrolase; Electron transport chain,TP53 Regulates Metabolic Genes; Respiratory electron transport; Cytoprotection by HMOX1; Complex IV assembly; Mitochondrial protein degradation
FALSE,High,Master Protein,Q9JK42,"[Pyruvate dehydrogenase (acetyl-transferring)] kinase isozyme 2, mitochondrial [OS=Mus musculus]",0,23.993,29,8,35,7,46,Pdk2,1000,2.109,,0.030294138,,,1631234.125,,2506719.5,3763888.5,3417989.75,2652940,8078391,4317322.125,4658620.5,6530106.25,3491405,6534821.5,11382884,6797743,,B cell receptor signaling pathway; TCA cycle,Regulation of pyruvate dehydrogenase (PDH) complex; Signaling by Retinoic Acid
FALSE,High,Master Protein,Q80UM7,Mannosyl-oligosaccharide glucosidase [OS=Mus musculus],0,23.964,9,5,20,5,91.8,Mogs,1000,1000,,,,,,,,,,,4967211,3057004.5,3317069.75,2355496,,1313502.125,3182424.75,3117505,,,Regulation of CDH1 posttranslational processing and trafficking to plasma membrane
FALSE,High,Master Protein,Q9CQR2,Small ribosomal subunit protein eS21 [OS=Mus musculus],0,23.917,48,4,56,4,9.1,Rps21,,,,,,,,,,,,,,,,,,,,,Acetyl [N-Term],Cytoplasmic ribosomal proteins,"L13a-mediated translational silencing of Ceruloplasmin expression; Nonsense Mediated Decay (NMD) independent of the Exon Junction Complex (EJC); Nonsense Mediated Decay (NMD) enhanced by the Exon Junction Complex (EJC); Translation initiation complex formation; SRP-dependent cotranslational protein targeting to membrane; Major pathway of rRNA processing in the nucleolus and cytosol; Formation of a pool of free 40S subunits; GTP hydrolysis and joining of the 60S ribosomal subunit; PELO:HBS1L and ABCE1 dissociate a ribosome on a non-stop mRNA; ZNF598 and the Ribosome-associated Quality Trigger (RQT) complex dissociate a ribosome stalled on a no-go mRNA; Formation of the ternary complex, and subsequently, the 43S complex; Ribosomal scanning and start codon recognition"
FALSE,High,Master Protein,Q9WVA4,Transgelin-2 [OS=Mus musculus],0,23.826,47,7,32,7,22.4,Tagln2,52.739,,0.439169311,,,2898639,,3188234.125,,,,,4444225,3197236.75,6296045,8867852,,,,,,,Platelet degranulation
FALSE,High,Master Protein,P53986,Monocarboxylate transporter 1 [OS=Mus musculus],0,23.796,11,4,36,4,53.2,Slc16a1,1.475,1.103,0.009173833,0.514195499,5656986,2882030.5,2469216.75,2331982.25,4937919.5,5706404,6663063.5,4245478,7582724.5,4108197.75,4571555.5,3560947.5,3932903.75,5729161,10565560.19,5148696.5,,,Aspirin ADME; Basigin interactions; Proton-coupled monocarboxylate transport
FALSE,High,Master Protein,Q07076,Annexin A7 [OS=Mus musculus],0,23.724,16,7,38,7,49.9,Anxa7,,,,,,,,,,,,,,,,,,,,,,,
FALSE,High,Master Protein,Q9WTP6,"Adenylate kinase 2, mitochondrial [OS=Mus musculus]",0,23.67,39,7,25,7,26.5,Ak2,1.104,0.08,0.840692398,0.009596813,6938056.25,5764484.25,5238485.625,4941295.75,29696082.5,30933512,27621257.25,12478031,11604680,7782340.5,4725428.5,1807134.5,1236097.875,1385721.375,5887179.75,1792111.375,,Purine metabolism,Interconversion of nucleotide di- and triphosphates
FALSE,High,Master Protein,P60867,Small ribosomal subunit protein uS10 [OS=Mus musculus],0,23.661,26,4,83,4,13.4,Rps20,1.464,1.171,0.001354348,0.109475142,130056535.5,76719743.5,86868208.5,94667454.5,78196186.25,89365535.5,102067800.5,93485904,195880078,109189942.5,143008076,134526142,77719026,102454760.5,144598411,111827524.5,,Cytoplasmic ribosomal proteins; mRNA processing,"L13a-mediated translational silencing of Ceruloplasmin expression; SRP-dependent cotranslational protein targeting to membrane; Major pathway of rRNA processing in the nucleolus and cytosol; Formation of a pool of free 40S subunits; GTP hydrolysis and joining of the 60S ribosomal subunit; Nonsense Mediated Decay (NMD) independent of the Exon Junction Complex (EJC); Nonsense Mediated Decay (NMD) enhanced by the Exon Junction Complex (EJC); PELO:HBS1L and ABCE1 dissociate a ribosome on a non-stop mRNA; ZNF598 and the Ribosome-associated Quality Trigger (RQT) complex dissociate a ribosome stalled on a no-go mRNA; Translation initiation complex formation; Formation of the ternary complex, and subsequently, the 43S complex; Ribosomal scanning and start codon recognition"
FALSE,High,Master Protein,Q64433,"10 kDa heat shock protein, mitochondrial [OS=Mus musculus]",0,23.651,35,3,38,3,11,Hspe1,0.883,0.147,0.127473645,0.013107318,25111470.5,20892643,16951542,13539028.5,16003681.5,16983945.5,18027204,14440411.25,19909097.5,19396838.5,14231901.5,13788687.25,1897662.75,2959322.75,8380039.75,1791157.75,,,RHOG GTPase cycle
FALSE,High,Master Protein,Q06185,"ATP synthase F(0) complex subunit e, mitochondrial [OS=Mus musculus]",0,23.632,52,4,37,4,8.2,Atp5me,0.837,0.334,0.105609361,0.006235388,48266655.44,22574802,16837883.5,30918887,75997865.63,95161034,87387764,50251703,37978023,20102994.5,16531975,20328619,19669573.5,37066944,44373296,14407486.75,Met-loss [N-Term],Oxidative phosphorylation; Electron transport chain,Formation of ATP by chemiosmotic coupling; Cristae formation
FALSE,High,Master Protein,P24472,Glutathione S-transferase A4 [OS=Mus musculus],0,23.521,32,6,30,5,25.5,Gsta4,1.766,0.391,0.006440784,0.019053411,19985582.5,27733946.5,14300109.25,15295247.5,6115830.125,4801685.25,4660468.625,4705256.375,35011469.5,38192064.5,28703855.5,27235407,2301987.125,3068636.625,1897609.625,1112417.625,,Metapathway biotransformation; Oxidative stress and redox pathway,
FALSE,High,Master Protein,P61161,Actin-related protein 2 [OS=Mus musculus],0,23.508,24,7,36,7,44.7,Actr2,4.19,0.739,0.012128946,0.741111856,4617636,3138711.5,8007237,3985890.5,3906912.625,4792278.75,1634021,,17553201,16374808,14637411.75,18404422.5,1430164.125,,2437484.75,3419424,,B cell receptor signaling pathway; ESC pluripotency pathways,Neutrophil degranulation; Regulation of actin dynamics for phagocytic cup formation; Clathrin-mediated endocytosis; EPHB-mediated forward signaling; RHO GTPases Activate WASPs and WAVEs
FALSE,High,Master Protein,P97379,Ras GTPase-activating protein-binding protein 2 [OS=Mus musculus],0,23.485,16,6,35,5,54.1,G3bp2,1000,1000,,,,,,,,,,,8340076.75,3157864.5,4180331.25,8595369.25,4184747.25,4003395,7349474.5,3264973.5,,TNF-alpha NF-kB signaling pathway,
FALSE,High,Master Protein,Q8R127,Saccharopine dehydrogenase-like oxidoreductase [OS=Mus musculus],0,23.482,33,8,31,8,47.1,Sccpdh,0.001,0.001,,,2925398.5,1586629.75,1438967.5,,,3789422.75,2998172.25,2812763.75,,,,,,,,,,,Platelet degranulation
FALSE,High,Master Protein,Q99MR9,Protein phosphatase 1 regulatory subunit 3A [OS=Mus musculus],0,23.473,9,7,12,7,121.4,Ppp1r3a,,,,,,,,,,,,,,,,,,,,,,,
FALSE,High,Master Protein,Q9JIY5,"Serine protease HTRA2, mitochondrial [OS=Mus musculus]",0,23.439,21,7,35,7,49.3,Htra2,0.537,0.001,0.000383656,,10278991.5,6255230.25,4675539,6501536,6984536,2420351.75,7666496.5,,4869538.5,3467661.75,2571154.75,3413375.75,,,1393530.375,,,Parkinson's disease,Mitochondrial protein degradation
FALSE,High,Master Protein,O55131,Septin-7 [OS=Mus musculus],0,23.429,21,7,43,6,50.5,Septin7,1000,1000,,,,,,,,,,,,,,8411378,6837865.5,,,,,,MAPK6/MAPK4 signaling
FALSE,High,Master Protein,O70152,Dolichol-phosphate mannosyltransferase subunit 1 [OS=Mus musculus],0,23.428,33,6,25,6,29.2,Dpm1,5.004,1000,0.004599511,,,3266410.25,3190539.25,2204880.25,,,,,16440977,12245835,14977548,11759124,2338077.25,1945465.625,3558069.75,2156677,,,Synthesis of dolichyl-phosphate mannose
FALSE,High,Master Protein,O09111,"NADH dehydrogenase [ubiquinone] 1 beta subcomplex subunit 11, mitochondrial [OS=Mus musculus]",0,23.366,62,5,35,5,17.4,Ndufb11,0.899,0.285,0.17252852,0.004568,17410306,9088436,6426873.5,13378754.63,26618356,37041844,34985029,15897149.75,12913525,9053743,6336955,10976509,3826381,10175710,11059471,4703742,,,Complex I biogenesis
FALSE,High,Master Protein,O08600,"Endonuclease G, mitochondrial [OS=Mus musculus]",0,23.357,34,7,23,7,32.2,Endog,,1.305,,0.046453065,,,,,2593870.5,2511178.25,4206784.5,3584927.25,,,,,3045699,4535101,5901085,4353572.5,,,
FALSE,High,Master Protein,P63242,Eukaryotic translation initiation factor 5A-1 [OS=Mus musculus],0,23.275,64,6,38,6,16.8,Eif5a,3.736,1.734,0.007663467,0.313388185,8309242.5,12663495.5,7289878.5,10135277.5,4160133.5,5564403,5445078,,32825531.63,44739390,39781641,21337928.5,4278517,6574927,13863588.75,6914816.5,Acetyl [N-Term],Translation factors,Hypusine synthesis from eIF5A-lysine
FALSE,High,Master Protein,P05132,cAMP-dependent protein kinase catalytic subunit alpha [OS=Mus musculus],0,23.274,19,6,46,2,40.5,Prkaca,1000,1000,,,,,,,,,,,5594296,4996885,6105224,5265382,,4089296.75,6469956,3743105.25,,Estrogen signaling; Endochondral ossification; Mechanisms associated with pluripotency; Chemokine signaling pathway; G protein signaling pathways; TNF-alpha NF-kB signaling pathway; IL-3 signaling pathway; Mapk signaling pathway,"Mitochondrial protein degradation; High laminar flow shear stress activates signaling by PIEZO1 and PECAM1:CDH5:KDR in endothelial cells; Anchoring of the basal body to the plasma membrane; Factors involved in megakaryocyte development and platelet production; Ion homeostasis; Regulation of PLK1 Activity at G2/M Transition; Loss of Nlp from mitotic centrosomes; Recruitment of mitotic centrosome proteins and complexes; Recruitment of NuMA to mitotic centrosomes; AURKA Activation by TPX2; Rap1 signalling; RET signaling; MAPK6/MAPK4 signaling; DARPP-32 events; CD209 (DC-SIGN) signaling; Glucagon-like Peptide-1 (GLP1) regulates insulin secretion; Vasopressin regulates renal water homeostasis via Aquaporins; VEGFA-VEGFR2 Pathway; Interleukin-3, Interleukin-5 and GM-CSF signaling; GLI3 is processed to GLI3R by the proteasome; PKA activation; PKA activation in glucagon signalling; CREB1 phosphorylation through the activation of Adenylate Cyclase; HDL assembly; GPER1 signaling"
FALSE,High,Master Protein,P60122,RuvB-like 1 [OS=Mus musculus],0,23.146,20,6,22,6,50.2,Ruvbl1,2.881,0.034,0.018152827,0.259715791,2087842.625,1489199.125,1117677.375,2137308.5,1145197.5,1443264.75,1417606.875,1848191.125,6487059,2546559.5,5779875.25,5708048.125,,,1670935.75,2798064.25,,Wnt signaling pathway,DNA Damage Recognition in GG-NER; Ub-specific processing proteases; Deposition of new CENPA-containing nucleosomes at the centromere; UCH proteinases; Formation of the beta-catenin:TCF transactivating complex
FALSE,High,Master Protein,P01878,Ig alpha chain C region [OS=Mus musculus],0,23.023,17,3,10,3,36.9,,,1000,,,,,,,,,5570346.5,,,,,,,5238891,28264110,9942918,,,
FALSE,High,Master Protein,P16045,Galectin-1 [OS=Mus musculus],0,22.996,43,5,35,5,14.9,Lgals1,2.606,0.939,0.005189889,0.546225034,6480308,10885349.5,4996503.5,5668325.5,6534207.5,6404896.5,5826431,7923610.5,20757320.5,19440986.75,12242072.13,15709490.25,7701244,4794305.5,13273252,,Acetyl [N-Term]; Met-loss+Acetyl [N-Term],,Regulation of Insulin-like Growth Factor (IGF) transport and uptake by Insulin-like Growth Factor Binding Proteins (IGFBPs); Post-translational protein phosphorylation
FALSE,High,Master Protein,O35855,"Branched-chain-amino-acid aminotransferase, mitochondrial [OS=Mus musculus]",0,22.985,24,8,23,8,44.1,Bcat2,0.001,0.001,,,,2121064.75,,2780464.25,5650128.25,9239716.5,9928967,4758409,,,,,,,,,,One-carbon metabolism and related pathways,Branched-chain amino acid catabolism
FALSE,High,Master Protein,Q7TNV0,Protein DEK [OS=Mus musculus],0,22.935,15,5,27,5,43.1,Dek,1000,1000,,,,,,,,,,,9195199.75,7821797.5,8611867.75,14070209.5,2558888.25,,5210154,4311594.5,,Macrophage-stimulating protein (MSP) signaling,B-WICH complex positively regulates rRNA expression; Transcriptional regulation by the AP-2 (TFAP2) family of transcription factors
FALSE,High,Master Protein,Q8VDB8,Leucine-rich repeat-containing protein 2 [OS=Mus musculus],0,22.931,23,6,18,6,42.9,Lrrc2,1000,,,,,,,,,,,,2646081.5,2313027.5,2043570,,,,,,,,
FALSE,High,Master Protein,Q61233,Plastin-2 [OS=Mus musculus],0,22.894,19,10,27,10,70.1,Lcp1,1000,,,,,1255897.5,,,,,,,2342210,6049157.25,3532263.75,3708140.5,,,,,,,
FALSE,High,Master Protein,O08917,Flotillin-1 [OS=Mus musculus],0,22.863,23,8,30,8,47.5,Flot1,1000,,,,,,,,,,,,2663368,1555047.125,1417818.125,1834489.75,,,,,,Insulin signaling,RHOA GTPase cycle; RHOB GTPase cycle; Synaptic adhesion-like molecules; RHOC GTPase cycle; Regulation of necroptotic cell death
FALSE,High,Master Protein,O35350,Calpain-1 catalytic subunit [OS=Mus musculus],0,22.862,14,9,19,9,82.1,Capn1,1000,1000,,,,,,,,,,,3050599.75,2536391.5,3029501.5,2815051.75,1010973.625,1955500.875,2416506.5,2128736.5,,Alzheimer's disease; IL-1 signaling pathway; Integrin-mediated cell adhesion; Focal adhesion,Neutrophil degranulation; Degradation of the extracellular matrix
FALSE,High,Master Protein,Q9R1Z8,Vinexin [OS=Mus musculus],0,22.826,12,7,28,7,82.3,Sorbs3,0.001,,,,,1095513.625,1492951.75,,,,,,,,,,,,,,,,Smooth Muscle Contraction
FALSE,High,Master Protein,P29416,Beta-hexosaminidase subunit alpha [OS=Mus musculus],0,22.808,20,8,24,8,60.6,Hexa,79.114,1000,0.16555711,,2057599.875,,,2551962.5,,,,,12878439.25,5353146.75,11606720.63,7389038.5,,1355474.375,1776100,2241680.75,,,Keratan sulfate degradation; CS/DS degradation; Glycosphingolipid catabolism; Hyaluronan degradation
FALSE,High,Master Protein,Q9CY73,Large ribosomal subunit protein mL44 [OS=Mus musculus],0,22.666,30,7,26,7,37.5,Mrpl44,1000,1.771,,0.045926161,,,1375769.25,,4256340.5,4084518.25,5621333.5,,5086985,2680998.375,4051613.25,1771241,5746009,6555234.75,10982885.5,4577603,,,Mitochondrial translation elongation; Mitochondrial translation termination; Mitochondrial ribosome-associated quality control
FALSE,High,Master Protein,P19157,Glutathione S-transferase P 1 [OS=Mus musculus],0,22.633,26,5,19,5,23.6,Gstp1,1000,,,,,,,,,,,,,6367864.5,,,,,,,Met-loss [N-Term],Metapathway biotransformation; Oxidative stress and redox pathway,Neutrophil degranulation; Glutathione conjugation; Paracetamol ADME; Detoxification of Reactive Oxygen Species
FALSE,High,Master Protein,Q9D3D9,"ATP synthase F(1) complex subunit delta, mitochondrial [OS=Mus musculus]",0,22.601,58,4,42,4,17.6,Atp5f1d,0.775,0.184,0.322609698,0.0003747,74462640,53288920,32257766,22088488,61505178,90282260,86928138,62832934,46641535,38851665,26572635,28330959,12041632,13081818,19666952,10858101,,Oxidative phosphorylation; Electron transport chain,Formation of ATP by chemiosmotic coupling; Cristae formation
FALSE,High,Master Protein,O70209,PDZ and LIM domain protein 3 [OS=Mus musculus],0,22.533,40,6,27,6,34.3,Pdlim3,,,,,,,,,,,,,,,,,,,,,,,
FALSE,High,Master Protein,Q6ZWY3,Small ribosomal subunit protein eS27-like [OS=Mus musculus],0,22.453,39,4,51,2,9.5,Rps27l,3.153,1.901,0.002375856,0.053872671,25254998,19992599.5,16341996,21554783,10760922.5,12833007,7140690.5,12708509,93141910,52386886,70895711,58106216,14909822,24294013.5,31999248,24266430.5,,,"L13a-mediated translational silencing of Ceruloplasmin expression; SRP-dependent cotranslational protein targeting to membrane; Major pathway of rRNA processing in the nucleolus and cytosol; Formation of a pool of free 40S subunits; GTP hydrolysis and joining of the 60S ribosomal subunit; Nonsense Mediated Decay (NMD) independent of the Exon Junction Complex (EJC); Nonsense Mediated Decay (NMD) enhanced by the Exon Junction Complex (EJC); PELO:HBS1L and ABCE1 dissociate a ribosome on a non-stop mRNA; ZNF598 and the Ribosome-associated Quality Trigger (RQT) complex dissociate a ribosome stalled on a no-go mRNA; Translation initiation complex formation; Formation of the ternary complex, and subsequently, the 43S complex; Ribosomal scanning and start codon recognition"
FALSE,High,Master Protein,Q91YJ5,"Translation initiation factor IF-2, mitochondrial [OS=Mus musculus]",0,22.445,8,4,30,4,81.2,Mtif2,1000,1.203,,0.468907537,,,,,1904144,1638572.625,2279103.5,2170595.25,5384681.25,,1165212.375,1262105.75,1017037.875,,7095492,5876539.25,,TNF-alpha NF-kB signaling pathway,
FALSE,High,Master Protein,P18572,Basigin [OS=Mus musculus],0,22.422,16,5,38,5,42.4,Bsg,2.056,1.616,0.018478454,0.167146236,5821729.5,,3255314.25,4268606,5251163,7956933.5,,3869881.75,10278605,6501167,5855343,10030767,7205927,8629674,11737373,7366444,,Matrix metalloproteinases,Integrin cell surface interactions; Aspirin ADME; Degradation of the extracellular matrix; Basigin interactions; Proton-coupled monocarboxylate transport
FALSE,High,Master Protein,Q99JF8,PC4 and SFRS1-interacting protein [OS=Mus musculus],0,22.417,12,4,21,4,59.7,Psip1,3.651,1000,0.036521028,,2707043.75,3321172,1885842.125,4429264,1741548.5,,,,9952988.5,4249250.25,10732374.75,16062050.25,4071903.375,1954915.625,8488006.25,8527682.25,,,Formation of WDR5-containing histone-modifying complexes
FALSE,High,Master Protein,Q99PV0,Pre-mRNA-processing-splicing factor 8 [OS=Mus musculus],0,22.417,5,10,30,10,273.4,Prpf8,1000,1000,,,,,,,,,,,,,2719542,2065872.5,,,,2122993.75,,mRNA processing,mRNA Splicing - Major Pathway; mRNA Splicing - Minor Pathway
FALSE,High,Master Protein,Q811D0,Disks large homolog 1 [OS=Mus musculus],0,22.4,10,6,25,6,100.1,Dlg1,,,,,,,,,,,,,,,,,,,,,,T cell receptor signaling pathway; Wnt signaling pathway,"RAF/MAP kinase cascade; Synaptic adhesion-like molecules; Activation of Ca-permeable Kainate Receptor; Trafficking of AMPA receptors; Unblocking of NMDA receptors, glutamate binding and activation"
FALSE,High,Master Protein,Q9D6M3,Mitochondrial glutamate carrier 1 [OS=Mus musculus],0,22.386,24,5,38,5,34.6,Slc25a22,1.234,0.018,0.016851401,0.390782088,10227431,,7972237.5,5191039,4157865.5,7427800,7958212.5,4931259,12221497,8068690,9346350,6619190.5,,2302230.5,6496434,,,,Malate-aspartate shuttle; SLC-mediated transport of neurotransmitters
FALSE,High,Master Protein,Q922U2,"Keratin, type II cytoskeletal 5 [OS=Mus musculus]",0,22.378,12,7,33,3,61.7,Krt5,0.001,0.001,,,25454074,47548012.75,20518826.75,4493591.5,47899397,148804027.5,12368956,26920516,,,,,,,,,,,Formation of the cornified envelope; Type I hemidesmosome assembly
FALSE,High,Master Protein,Q9DC71,Small ribosomal subunit protein uS15m [OS=Mus musculus],0,22.37,29,7,39,7,29.4,Mrps15,0.108,0.064,0.025501594,0.068956146,27123065.13,4830395,21703689.69,4824729.5,24272595,26267067.63,31806780,28527945.5,1207596.5,1099056.25,1106895.25,1674992.5,1975790,1317853.75,11717683.5,,,,Mitochondrial translation termination; Mitochondrial translation elongation; Mitochondrial ribosome-associated quality control
FALSE,High,Master Protein,P46412,Glutathione peroxidase 3 [OS=Mus musculus],0,22.353,32,6,30,6,25.4,Gpx3,1.729,1.31,0.007939224,0.429778585,28288712.5,17890419.5,14750768.5,27908009.5,8454501,7463432.5,8133015,12908771.5,46063449,32826461,34458285,42701600,5740169,8553055,12179707,25150432.5,,Selenium metabolism / selenoproteins; Metapathway biotransformation; Selenium micronutrient network; Folic acid network; Glutathione metabolism; One-carbon metabolism and related pathways; Oxidative stress response; Oxidative stress and redox pathway; Glutathione and one-carbon metabolism,Detoxification of Reactive Oxygen Species
FALSE,High,Master Protein,Q6PDH0,Pleckstrin homology-like domain family B member 1 [OS=Mus musculus],0,22.305,6,6,17,6,150,Phldb1,,,,,,,,,,,,,,,,,,,,,,,
FALSE,High,Master Protein,Q9CR61,NADH dehydrogenase [ubiquinone] 1 beta subcomplex subunit 7 [OS=Mus musculus],0,22.291,58,7,38,7,16.3,Ndufb7,0.246,0.093,0.083312203,0.020614914,28687629.13,19145310,6637885.5,17188748.75,38379946.25,38165457.25,35591914,27393979.5,9695173,3423279.25,,10080144,,3026199.5,7892885.75,2962454.25,,Oxidative phosphorylation; Electron transport chain,Complex I biogenesis
FALSE,High,Master Protein,Q60854,Serpin B6 [OS=Mus musculus],0,22.262,16,6,30,6,42.6,Serpinb6,3.356,9.861,0.000987994,0.014619699,10663849,15648464.75,9745021,12091644.25,841609.375,6550529.5,5659881.25,1582608.75,40210824.25,46293421,42833565.5,36111076.25,25805293.19,29993788.63,29913899.5,29119986.88,,,Neutrophil degranulation; Dissolution of Fibrin Clot
FALSE,High,Master Protein,Q9WUQ2,Guanine nucleotide-exchange factor SEC12 [OS=Mus musculus],0,22.214,28,7,21,7,45.4,Preb,1000,,,,,,,,,,,,2170335.5,,2076315.625,,,,,,,,COPII-mediated vesicle transport; Cargo concentration in the ER
FALSE,High,Master Protein,P10605,Cathepsin B [OS=Mus musculus],0,22.141,18,5,33,5,37.3,Ctsb,1.712,1.033,0.00258843,0.387212364,7061291.5,8975986.5,6145741.75,7993572.5,3253891.625,2559737.125,5127722.375,1165051.5,10953622.25,14885728,12606594,14132487.25,,2701782.75,5181322.5,3243162.75,,,MHC class II antigen presentation; Neutrophil degranulation; Assembly of collagen fibrils and other multimeric structures; Collagen degradation; Trafficking and processing of endosomal TLR; Degradation of CDH1
FALSE,High,Master Protein,P62855,Small ribosomal subunit protein eS26 [OS=Mus musculus],0,22.029,34,3,43,3,13,Rps26,1.749,1.336,0.004229531,0.044318193,68159354,46482939.5,43250855,47329879.75,32766964.5,47828751.5,52805760,36799714,113556056,76102310,99096948,86935708,37733924,55209642,83595212,56900700,,Cytoplasmic ribosomal proteins,"SRP-dependent cotranslational protein targeting to membrane; L13a-mediated translational silencing of Ceruloplasmin expression; Major pathway of rRNA processing in the nucleolus and cytosol; Formation of a pool of free 40S subunits; GTP hydrolysis and joining of the 60S ribosomal subunit; Nonsense Mediated Decay (NMD) independent of the Exon Junction Complex (EJC); Nonsense Mediated Decay (NMD) enhanced by the Exon Junction Complex (EJC); PELO:HBS1L and ABCE1 dissociate a ribosome on a non-stop mRNA; ZNF598 and the Ribosome-associated Quality Trigger (RQT) complex dissociate a ribosome stalled on a no-go mRNA; Translation initiation complex formation; Formation of the ternary complex, and subsequently, the 43S complex; Ribosomal scanning and start codon recognition"
FALSE,High,Master Protein,Q8BGD9,Eukaryotic translation initiation factor 4B [OS=Mus musculus],0,22.025,12,5,21,5,68.8,Eif4b,1000,,,,,,,,,,,,,,,667834.0625,,,,,,Focal adhesion: PI3K-Akt-mTOR signaling pathway; Translation factors,L13a-mediated translational silencing of Ceruloplasmin expression; GTP hydrolysis and joining of the 60S ribosomal subunit; Translation initiation complex formation; Ribosomal scanning and start codon recognition; mTORC1-mediated signalling; Deadenylation of mRNA
FALSE,High,Master Protein,Q9ERU9,E3 SUMO-protein ligase RanBP2 [OS=Mus musculus],0,21.987,3,7,14,7,340.9,Ranbp2,1000,1000,,,,,,,,,,,5594227.25,2436948.25,2117118.25,2158735.25,,892273.3125,,,,,SUMOylation of chromatin organization proteins; Separation of Sister Chromatids; Amplification  of signal from unattached  kinetochores via a MAD2  inhibitory signal; Resolution of Sister Chromatid Cohesion; RHO GTPases Activate Formins; EML4 and NUDC in mitotic spindle formation; Transport of the SLBP independent Mature mRNA; Transport of the SLBP Dependant Mature mRNA; Transport of Mature mRNA Derived from an Intronless Transcript; Transport of Mature mRNA derived from an Intron-Containing Transcript; Regulation of Glucokinase by Glucokinase Regulatory Protein; IPs transport between nucleus and cytosol; IP3 and IP4 transport between cytosol and nucleus; IP6 and IP7 transport between cytosol and nucleus; snRNP Assembly; SUMOylation of DNA damage response and repair proteins; SUMOylation of ubiquitinylation proteins; Nuclear Pore Complex (NPC) Disassembly; Regulation of HSF1-mediated heat shock response; SUMOylation of SUMOylation proteins; SUMOylation of RNA binding proteins; SUMOylation of DNA replication proteins; Transcriptional regulation by small RNAs
FALSE,High,Master Protein,Q99J47,Dehydrogenase/reductase SDR family member 7B [OS=Mus musculus],0,21.957,21,4,16,4,35,Dhrs7b,1000,,,,,,,,,,,,4157574.25,,,3352976.5,,,,,,,Plasmalogen biosynthesis
FALSE,High,Master Protein,Q5U458,DnaJ homolog subfamily C member 11 [OS=Mus musculus],0,21.948,19,10,40,10,63.2,Dnajc11,0.743,0.599,0.052845798,0.684596264,9456075,6832274,6189051,,6037062.75,5723673.75,3553518.25,6222775.5,7134821,3841514,4529394.5,6069675.125,3936948.25,,6040496.5,3420439.25,,,
FALSE,High,Master Protein,Q9CX86,Heterogeneous nuclear ribonucleoprotein A0 [OS=Mus musculus],0,21.859,19,4,37,4,30.5,Hnrnpa0,3.427,3.108,0.001788701,0.012013211,5221490,3407177,3502707.25,6748065.375,2486108.25,3313308.5,5061665.25,,17857145.25,11698108.75,13704909.25,15832607.75,6968207.5,7678248,17444298.75,11898817.25,,mRNA processing,
FALSE,High,Master Protein,Q9CQF0,Large ribosomal subunit protein uL11m [OS=Mus musculus],0,21.853,48,8,25,8,20.7,Mrpl11,6.324,1.104,0.008362959,0.53012251,2721391.5,2398075,1391510.75,1302210.125,13414174.75,13197533.75,20860320.75,5009996.75,11444226.5,7587377.75,13235202.75,12657023.38,10453290.38,10408640.5,32260864.5,10795598.25,,mRNA processing,Mitochondrial translation termination; Mitochondrial translation elongation; Mitochondrial ribosome-associated quality control
FALSE,High,Master Protein,O70318,Band 4.1-like protein 2 [OS=Mus musculus],0,21.814,9,7,22,6,109.9,Epb41l2,1000,1000,,,,,,,,,,,9618402,5043738.125,4842524,6225279,,2958866.25,3943498.5,5131679.563,,Splicing factor NOVA regulated synaptic proteins,Neurexins and neuroligins
FALSE,High,Master Protein,Q64669,NAD(P)H dehydrogenase [quinone] 1 [OS=Mus musculus],0,21.791,29,7,28,7,30.9,Nqo1,1.561,0.482,0.061845987,0.140950415,20709434.25,33287371,9207669.5,22363160,1145379.75,3132512,3031360.125,2614672,31616480.13,49608437.5,34675504.5,35693859,,1448900.563,1521667.719,2405158.313,,Transcriptional activation by Nfe2l2 in response to phytochemicals; Estrogen metabolism; Oxidative stress response,Regulation of ornithine decarboxylase (ODC)
FALSE,High,Master Protein,P97384,Annexin A11 [OS=Mus musculus],0,21.777,16,7,25,6,54,Anxa11,1000,2.421,,0.005187836,4411372.5,,,,1116325.875,1752662.375,3250657.5,,6367689,4608016,5579664.5,2794722.75,2880611,3982595.5,6814584.5,3574948.25,,,
FALSE,High,Master Protein,Q9Z0U1,Tight junction protein 2 [OS=Mus musculus],0,21.76,8,8,23,8,131.2,Tjp2,1000,1000,,,,,,,,,,,3112930.25,2166228.25,2025285.125,2774656.5,1672548.75,2339453.5,,1961236.75,,,RHOA GTPase cycle; RHOB GTPase cycle; RHOC GTPase cycle; Apoptotic cleavage of cell adhesion  proteins; Signaling by Hippo
FALSE,High,Master Protein,Q9CPQ8,"ATP synthase F(0) complex subunit g, mitochondrial [OS=Mus musculus]",0,21.74,50,3,80,3,11.4,Atp5mg,0.786,0.334,0.032123921,0.002150705,125453238,68809554,47651962,62947853,169150512,231924868,232977128,136605522,90687928,51643187,39189256,58925614,39151552.5,71164028,90662094,49530394,,Oxidative phosphorylation; Electron transport chain,Formation of ATP by chemiosmotic coupling; Cristae formation; Mitochondrial protein degradation
FALSE,High,Master Protein,Q6PDI5,Proteasome adapter and scaffold protein ECM29 [OS=Mus musculus],0,21.718,6,8,16,8,203.8,Ecpas,1000,1000,,,,,,,,,,,6450431.5,4191251.875,6281999.625,2495518.875,,,4438506.125,2836961,,,
FALSE,High,Master Protein,P02535,"Keratin, type I cytoskeletal 10 [OS=Mus musculus]",0,21.68,12,6,28,5,57.7,Krt10,0.001,0.001,,,22356910,25221056,13097000,20905180,24651924,38435920,20117618,21509788,,,,,,,,,,,Formation of the cornified envelope
FALSE,High,Master Protein,P31428,Dipeptidase 1 [OS=Mus musculus],0,21.585,23,7,33,7,45.7,Dpep1,1000,1000,,,,,,908298.375,,,,,15246918.88,23168613,7419690.25,14904061.88,2951421.453,2692533.25,919696.875,2379939.75,,Eicosanoid synthesis,Synthesis of Leukotrienes (LT) and Eoxins (EX); Aflatoxin activation and detoxification
FALSE,High,Master Protein,Q9Z2Q5,Large ribosomal subunit protein mL40 [OS=Mus musculus],0,21.486,33,5,26,5,24.3,Mrpl40,,1000,,,,,,,,,,,,,,,20173678,,26368148,,,,Mitochondrial translation elongation; Mitochondrial translation termination; Mitochondrial ribosome-associated quality control
FALSE,High,Master Protein,Q9D1N9,Large ribosomal subunit protein bL21m [OS=Mus musculus],0,21.474,32,6,28,6,23.4,Mrpl21,,0.001,,,,,,,4598895.25,5453562,5689833,1003122.5,,,,,,,,,,,Mitochondrial translation elongation; Mitochondrial translation termination; Mitochondrial ribosome-associated quality control
FALSE,High,Master Protein,Q9CXY6,Interleukin enhancer-binding factor 2 [OS=Mus musculus],0,21.456,18,5,24,5,43,Ilf2,0.428,0.253,0.028973591,0.020011238,17438370,15977285.5,16769223.75,14307962,,,8567308.625,6055871,8490180,2586291.75,6323707.75,7255410.25,1263001.25,,2170220.75,1403188.5,,,Neutrophil degranulation; PKR-mediated signaling
FALSE,High,Master Protein,Q91WK2,Eukaryotic translation initiation factor 3 subunit H [OS=Mus musculus],0,21.445,18,5,23,5,39.8,Eif3h,1000,1000,,,,,,,,,,,14180467.25,5680519.125,7235037.625,2272727.25,,1181725.75,3117587.25,1175479.375,,Translation factors,"L13a-mediated translational silencing of Ceruloplasmin expression; Formation of a pool of free 40S subunits; GTP hydrolysis and joining of the 60S ribosomal subunit; Translation initiation complex formation; Formation of the ternary complex, and subsequently, the 43S complex; Ribosomal scanning and start codon recognition"
FALSE,High,Master Protein,Q922P9,Cytokine-like nuclear factor N-PAC [OS=Mus musculus],0,21.427,18,6,27,6,59.7,Glyr1,12.216,1000,0.000731735,,2055863.375,,1260285.75,1348871.75,,,,1436969.25,20641970,13751162.25,15159746.5,16733505.75,6934954.5,12735528,20460056.5,18120068.5,,,
FALSE,High,Master Protein,Q923D2,Flavin reductase (NADPH) [OS=Mus musculus],0,21.37,44,5,23,5,22.2,Blvrb,,,,,,,,,,,,,,,,,,,,,,,Cytoprotection by HMOX1; Heme degradation
FALSE,High,Master Protein,Q9D0R2,"Threonine--tRNA ligase 1, cytoplasmic [OS=Mus musculus]",0,21.312,16,10,22,10,83.3,Tars1,1000,1000,,,,,,,,,,,15797640.5,21307090,11889314.63,1235974.625,,3849895,28844303.13,,,,
FALSE,High,Master Protein,Q505F5,Leucine-rich repeat-containing protein 47 [OS=Mus musculus],0,21.274,19,8,25,8,63.6,Lrrc47,,,,,,,,,,,,,,,,,,,,,,,
FALSE,High,Master Protein,Q8K2M0,Large ribosomal subunit protein mL38 [OS=Mus musculus],0,21.237,33,7,27,7,45,Mrpl38,1000,1.001,,0.525371614,4531479,,,,4387393.5,8995430,8683584,,6409429,3110084.25,,3119065.25,3772503.5,6578473.5,10110215,5296876.5,,,Mitochondrial translation elongation; Mitochondrial translation termination; Mitochondrial ribosome-associated quality control
FALSE,High,Master Protein,Q66JZ4,"T-cell activation inhibitor, mitochondrial [OS=Mus musculus]",0,21.231,11,4,22,4,57.4,TCAIM,1000,1000,,,,,,,,,,,1582868.5,,1636620.25,,2162917,3167686,3061849,2671001.75,,,
FALSE,High,Master Protein,Q922Q1,Mitochondrial amidoxime reducing component 2 [OS=Mus musculus],0,21.227,17,6,36,6,38.2,Mtarc2,1.285,1.246,0.056010949,0.497803053,30902881.5,13373995.75,20507996.38,19231407.25,10002542.06,8818687.125,14128301.63,10733490.5,32642232.75,20763625.13,24886180,26185003.75,7208781.25,11230213,17235354.88,15283631.75,,,Phase I - Functionalization of compounds
FALSE,High,Master Protein,Q9D7B6,"Isobutyryl-CoA dehydrogenase, mitochondrial [OS=Mus musculus]",0,21.214,23,9,37,9,45,Acad8,1000,1000,,,,,,,,,,,2680326.75,1921254.375,2088015.25,1980421.625,1475471.875,3177695.5,2963526.25,2475644.25,,,Mitochondrial protein degradation; Branched-chain amino acid catabolism
FALSE,High,Master Protein,D0QMC3,Myeloid cell nuclear differentiation antigen-like protein [OS=Mus musculus],0,21.183,18,6,16,3,60.5,Mndal,1000,1000,,,,,,,,,,,,3032713.875,3016652.125,4483462.625,,,1555618.125,,,,Neutrophil degranulation
FALSE,High,Master Protein,Q8R010,Aminoacyl tRNA synthase complex-interacting multifunctional protein 2 [OS=Mus musculus],0,21.088,26,4,13,4,35.4,Aimp2,1000,1000,,,,,,,,,,,4140791,1645541.25,3562093.5,1981308.5,,1570815.125,2751824,,,Transcriptional activation by Nfe2l2 in response to phytochemicals,Transcriptional and post-translational regulation of MITF-M expression and activity
FALSE,High,Master Protein,Q9Z2U0,Proteasome subunit alpha type-7 [OS=Mus musculus],0,20.998,28,5,17,5,27.8,Psma7,5.699,1.482,0.003310736,,2046338.875,,1923180.25,2458328.75,,1496717.75,1893797,,10983929.5,12318280.63,11636758,10734636.25,,2217686.5,,1514241.625,,Proteasome degradation,"ER-Phagosome pathway; Ribosome Quality Control (RQC) complex extracts and degrades nascent peptide; Regulation of PTEN stability and activity; SPOP-mediated proteasomal degradation of PD-L1(CD274); AUF1 (hnRNP D0) binds and destabilizes mRNA; Separation of Sister Chromatids; FCERI mediated NF-kB activation; Downstream TCR signaling; Activation of NF-kappaB in B cells; Neddylation; Asymmetric localization of PCP proteins; Degradation of AXIN; Hedgehog 'on' state; Ub-specific processing proteases; Regulation of RUNX3 expression and activity; Antigen processing: Ubiquitination & Proteasome degradation; Autodegradation of Cdh1 by Cdh1:APC/C; APC/C:Cdc20 mediated degradation of Securin; APC/C:Cdh1 mediated degradation of Cdc20 and other APC/C:Cdh1 targeted proteins in late mitosis/early G1; Cdc20:Phospho-APC/C mediated degradation of Cyclin A; Assembly of the pre-replicative complex; CDK-mediated phosphorylation and removal of Cdc6; The role of GTSE1 in G2/M progression after G2 checkpoint; MAPK6/MAPK4 signaling; UCH proteinases; ABC-family proteins mediated transport; Regulation of RAS by GAPs; FBXL7 down-regulates AURKA during mitotic entry and in early mitosis; Degradation of CDH1; Regulation of ornithine decarboxylase (ODC); Oxygen-dependent proline hydroxylation of Hypoxia-inducible Factor Alpha; Cross-presentation of soluble exogenous antigens (endosomes); SCF(Skp2)-mediated degradation of p27/p21; Degradation of beta-catenin by the destruction complex; Autodegradation of the E3 ubiquitin ligase COP1; Degradation of DVL; Hedgehog ligand biogenesis; Dectin-1 mediated noncanonical NF-kB signaling; Degradation of GLI1 by the proteasome; GLI3 is processed to GLI3R by the proteasome; NIK-->noncanonical NF-kB signaling; Orc1 removal from chromatin; G2/M Checkpoints; Ubiquitin-Mediated Degradation of Phosphorylated Cdc25A; Ubiquitin-dependent degradation of Cyclin D; RUNX1 regulates transcription of genes involved in differentiation of HSCs; Regulation of RUNX2 expression and activity; Interleukin-1 signaling; KEAP1-NFE2L2 pathway; GSK3B and BTRC:CUL1-mediated-degradation of NFE2L2; Proteasome assembly; GSK3B-mediated proteasomal degradation of PD-L1(CD274); AMPK-induced ERAD and lysosome mediated degradation of PD-L1(CD274); Degradation of CRY and PER proteins; Antigen processing: Ub, ATP-independent proteasomal degradation"
FALSE,High,Master Protein,P28650,Adenylosuccinate synthetase isozyme 1 [OS=Mus musculus],0,20.978,23,7,30,7,50.2,Adss1,1000,1000,,,,,,,,,,,18235347.5,15615245,19611698.75,21064482,1535961,,3073096.5,6033940,,Purine metabolism,Purine ribonucleoside monophosphate biosynthesis
FALSE,High,Master Protein,Q9CQZ6,NADH dehydrogenase [ubiquinone] 1 beta subcomplex subunit 3 [OS=Mus musculus],0,20.978,34,3,36,3,11.7,Ndufb3,0.843,0.354,0.234642507,0.006747534,32807288,18516478.5,7759292,18637780,31525560,46756418,35235012,22497766,23699478,11766251,8278630.5,18318758,8816118,12333134,15832361,10706958,,Electron transport chain,Complex I biogenesis
FALSE,High,Master Protein,Q9CQV7,Mitochondrial import inner membrane translocase subunit TIM14 [OS=Mus musculus],0,20.915,52,6,28,6,12.4,Dnajc19,0.019,0.015,,0.347407168,1066062.375,,,5180806.125,8979843.5,3780912.75,9455315,9493246.25,,,,1966798.25,,2635753,2160340.25,,Acetyl [N-Term],,
FALSE,High,Master Protein,Q8BIJ6,"Isoleucine--tRNA ligase, mitochondrial [OS=Mus musculus]",0,20.897,8,5,20,5,112.7,Iars2,51.051,0.888,0.956989611,0.409653186,,6582029.375,1661514.75,,7410634.25,14056844.5,6561030.875,5082456.25,7346778,2197741,4330176.5,3189797.75,5486335,6330409.5,7933081,5409335,,,Mitochondrial protein degradation
FALSE,High,Master Protein,P51125,Calpastatin [OS=Mus musculus],0,20.857,12,5,9,5,84.9,Cast,1000,1000,,,,,,,,,,,,,4932089.5,3637951,2694194.25,,3949936.25,,Acetyl [N-Term],,Degradation of the extracellular matrix
FALSE,High,Master Protein,Q62425,Cytochrome c oxidase subunit NDUFA4 [OS=Mus musculus],0,20.737,55,5,85,5,9.3,Ndufa4,1.524,0.501,0.002501035,0.004690059,225604128,134730150,158651736,186128102,710981600,789698576,832764848,570613384,323074872,194474006,275679852,299339356,300655928,355774612,515722760,317805628,,Oxidative phosphorylation; Electron transport chain,TP53 Regulates Metabolic Genes; Respiratory electron transport; Cytoprotection by HMOX1; Complex IV assembly
FALSE,High,Master Protein,Q6PDQ2,Chromodomain-helicase-DNA-binding protein 4 [OS=Mus musculus],0,20.686,5,7,26,7,217.6,Chd4,1000,1000,,,,,,,,,,,,4060610,3522089.25,2772142.25,,2573528.5,3555821.25,6598153,,Mechanisms associated with pluripotency,HDACs deacetylate histones; Regulation of TP53 Activity through Acetylation; RNA Polymerase I Transcription Initiation; Regulation of PTEN gene transcription; NGF-stimulated transcription
FALSE,High,Master Protein,Q9Z108,Double-stranded RNA-binding protein Staufen homolog 1 [OS=Mus musculus],0,20.684,17,7,28,6,53.9,Stau1,1000,1000,,,,,,14692651,,,,4305017.5,24209898,29261565.25,25523878.75,32656133.5,64938512.5,46020719.13,80406128,85782528,,mRNA processing,
FALSE,High,Master Protein,D3YXK2,Scaffold attachment factor B1 [OS=Mus musculus],0,20.668,14,6,19,6,105,Safb,1.025,0.58,0.939683981,0.004709039,57630472,48486860,36065648,50371000,94168008,79503488,61099432,72311536,41775660,43392085.25,45434721.38,59110265.5,49343274.75,41139363.5,41565084.25,46498447.75,Acetyl [N-Term],,SUMOylation of transcription cofactors
FALSE,High,Master Protein,P61358,Large ribosomal subunit protein eL27 [OS=Mus musculus],0,20.624,36,4,74,4,15.8,Rpl27,0.001,0.001,,,75709296,51622352,50512280,66618912,40410264,44045976,47341248,48887044,,,,,,,,,,Cytoplasmic ribosomal proteins,Ribosome Quality Control (RQC) complex extracts and degrades nascent peptide; ZNF598 and the Ribosome-associated Quality Trigger (RQT) complex dissociate a ribosome stalled on a no-go mRNA; L13a-mediated translational silencing of Ceruloplasmin expression; SRP-dependent cotranslational protein targeting to membrane; Major pathway of rRNA processing in the nucleolus and cytosol; Formation of a pool of free 40S subunits; GTP hydrolysis and joining of the 60S ribosomal subunit; Nonsense Mediated Decay (NMD) independent of the Exon Junction Complex (EJC); Nonsense Mediated Decay (NMD) enhanced by the Exon Junction Complex (EJC); PELO:HBS1L and ABCE1 dissociate a ribosome on a non-stop mRNA
FALSE,High,Master Protein,Q8BXV2,BRI3-binding protein [OS=Mus musculus],0,20.573,17,3,44,3,28.2,Bri3bp,1.442,0.54,0.060469509,0.000784629,6837079,4796430,4100546.75,5122065.5,12826209,11184897,12975912,10491995,8408485,5241374,6937665.5,9050069,6035602.5,5861439.5,7508389,5844182.5,,,
FALSE,High,Master Protein,Q924T2,Small ribosomal subunit protein uS2m [OS=Mus musculus],0,20.566,26,5,23,5,32.3,Mrps2,1000,0.014,,0.150689724,,,,,9294256.875,9803287,7839071.5,4844904,,,1610783.25,,,2041075.75,3003641.75,,,,Mitochondrial protein degradation; Mitochondrial translation elongation; Mitochondrial translation termination; Mitochondrial ribosome-associated quality control
FALSE,High,Master Protein,E0CYV9,Uncharacterized protein C4orf54 homolog [OS=Mus musculus],0,20.537,6,7,19,7,189.6,,1000,,,,,,,,,,,,7990557.75,7255423.5,4258482.5,5365987.5,,,,,,,
FALSE,High,Master Protein,Q9D0Q7,Large ribosomal subunit protein mL45 [OS=Mus musculus],0,20.446,28,7,16,7,35.4,Mrpl45,1000,36.297,,0.909917231,,,,,4136518.75,,6216269.5,,3315666,,2232448.5,,3363212.75,5105208.5,8189776.5,3808007.5,,,Mitochondrial translation elongation; Mitochondrial translation termination; Mitochondrial ribosome-associated quality control
FALSE,High,Master Protein,O08547,Vesicle-trafficking protein SEC22b [OS=Mus musculus],0,20.391,28,5,19,5,24.7,Sec22b,1000,1000,,,,,,,,,,,8820505.5,4687396.375,3890634.625,4563902.625,,733083.75,2220506.313,,Met-loss [N-Term],,COPI-dependent Golgi-to-ER retrograde traffic; ER-Phagosome pathway; COPII-mediated vesicle transport; Cargo concentration in the ER
FALSE,High,Master Protein,P45376,Aldo-keto reductase family 1 member B1 [OS=Mus musculus],0,20.381,35,8,46,8,35.7,Akr1b1,0.884,0.649,0.554470141,0.151709319,11122040,13510997.25,7574339.5,7732976.5,13787286,22484996,14957746,16208565.75,7191139,11134424,10062698.25,7329476.75,3844918,13000890.5,15385784.5,11809497.75,,Metapathway biotransformation; Polyol pathway; Eicosanoid metabolism via cyclooxygenases (COX),Pregnenolone biosynthesis; Fructose biosynthesis
FALSE,High,Master Protein,Q8K2Y7,Large ribosomal subunit protein uL29m [OS=Mus musculus],0,20.325,19,5,37,5,29.7,Mrpl47,1.352,0.52,0.069457166,0.032631314,5714025.75,2278695.063,4671305.875,2261166.75,17144313,19240995,25185696.5,11857543.75,9328454.5,2787169.938,4843744.75,3378226.688,7636563.5,9079443.25,21771786.5,6792509.875,,,Mitochondrial translation termination; Mitochondrial translation elongation; Mitochondrial ribosome-associated quality control
FALSE,High,Master Protein,Q8R2G4,Ecto-ADP-ribosyltransferase 3 [OS=Mus musculus],0,20.309,22,6,37,6,42,Art3,0.627,0.454,0.316911224,0.048749912,5963338.125,,2819738.25,5140994,8540704.75,9819186.25,6157228.875,8577871,3251769,,3277646.75,3223081.75,3114125.5,,3730123.25,4849791,,,Post-translational modification: synthesis of GPI-anchored proteins
FALSE,High,Master Protein,Q61235,Beta-2-syntrophin [OS=Mus musculus],0,20.266,16,8,36,7,56.3,Sntb2,,,,,,,,,,,,,,,,,,,,,,,Formation of the dystrophin-glycoprotein complex (DGC)
FALSE,High,Master Protein,Q8R0X7,Sphingosine-1-phosphate lyase 1 [OS=Mus musculus],0,20.25,20,8,27,8,63.6,Sgpl1,2.875,0.905,0.002836529,0.730355239,5647040.75,6760280,6222893.75,4489961.75,5266429.5,6592806.5,3767971.75,4304508.5,23797012,16503083,19734182.5,11703607.5,5013751.375,5542999.75,7428394.5,3706139.25,,Kennedy pathway; Sphingolipid metabolism overview; Sphingolipid metabolism (integrated pathway),Sphingolipid catabolism
FALSE,High,Master Protein,P55284,Cadherin-5 [OS=Mus musculus],0,20.159,11,6,28,6,87.8,Cdh5,1000,1000,,,,,,,,,,,,2664145.5,2762861.75,3877934.031,428089.5313,3134182.875,330999.4063,315029.4375,,,Adherens junctions interactions; VEGFR2 mediated vascular permeability
FALSE,High,Master Protein,P62334,26S proteasome regulatory subunit 10B [OS=Mus musculus],0,20.149,32,8,20,8,44.1,Psmc6,1000,,,,,,,,,,,,2900687,,3770142.75,2408790,,,,,,Proteasome degradation; Comprehensive IL-17A signaling,Degradation of CDH1; Separation of Sister Chromatids; FCERI mediated NF-kB activation; Downstream TCR signaling; Ribosome Quality Control (RQC) complex extracts and degrades nascent peptide; Activation of NF-kappaB in B cells; Neddylation; Asymmetric localization of PCP proteins; Degradation of AXIN; Hedgehog 'on' state; Ub-specific processing proteases; Regulation of RUNX3 expression and activity; Antigen processing: Ubiquitination & Proteasome degradation; Autodegradation of Cdh1 by Cdh1:APC/C; APC/C:Cdc20 mediated degradation of Securin; APC/C:Cdh1 mediated degradation of Cdc20 and other APC/C:Cdh1 targeted proteins in late mitosis/early G1; Cdc20:Phospho-APC/C mediated degradation of Cyclin A; Assembly of the pre-replicative complex; CDK-mediated phosphorylation and removal of Cdc6; The role of GTSE1 in G2/M progression after G2 checkpoint; MAPK6/MAPK4 signaling; UCH proteinases; Regulation of PTEN stability and activity; ABC-family proteins mediated transport; Regulation of RAS by GAPs; FBXL7 down-regulates AURKA during mitotic entry and in early mitosis; Regulation of ornithine decarboxylase (ODC); Oxygen-dependent proline hydroxylation of Hypoxia-inducible Factor Alpha; Cross-presentation of soluble exogenous antigens (endosomes); SCF(Skp2)-mediated degradation of p27/p21; Degradation of beta-catenin by the destruction complex; Autodegradation of the E3 ubiquitin ligase COP1; AUF1 (hnRNP D0) binds and destabilizes mRNA; Degradation of DVL; Hedgehog ligand biogenesis; Dectin-1 mediated noncanonical NF-kB signaling; Degradation of GLI1 by the proteasome; GLI3 is processed to GLI3R by the proteasome; NIK-->noncanonical NF-kB signaling; Orc1 removal from chromatin; G2/M Checkpoints; Ubiquitin-Mediated Degradation of Phosphorylated Cdc25A; Ubiquitin-dependent degradation of Cyclin D; RUNX1 regulates transcription of genes involved in differentiation of HSCs; Regulation of RUNX2 expression and activity; Interleukin-1 signaling; KEAP1-NFE2L2 pathway; GSK3B and BTRC:CUL1-mediated-degradation of NFE2L2; Proteasome assembly; GSK3B-mediated proteasomal degradation of PD-L1(CD274); SPOP-mediated proteasomal degradation of PD-L1(CD274); AMPK-induced ERAD and lysosome mediated degradation of PD-L1(CD274); Degradation of CRY and PER proteins
FALSE,High,Master Protein,Q62093,Serine/arginine-rich splicing factor 2 [OS=Mus musculus],0,20.116,19,5,28,5,25.5,Srsf2,0.001,,,,,9227511,,,,,,,,,,,,,,,Acetyl [N-Term]; Met-loss+Acetyl [N-Term],mRNA processing,mRNA Splicing - Major Pathway; Transport of Mature mRNA derived from an Intron-Containing Transcript; mRNA 3'-end processing; RNA Polymerase II Transcription Termination; mRNA Splicing - Minor Pathway
FALSE,High,Master Protein,P35762,CD81 antigen [OS=Mus musculus],0,20.068,18,2,26,2,25.8,Cd81,0.88,0.342,0.496675013,0.223313586,16382108,4265276.5,4126717.25,9630562.625,4261706,2851927,2748086.25,2114490.5,3534437.75,5919002.25,6103504.5,5372303.25,843153,1686767.25,,1810170.125,,B cell receptor signaling pathway,Immunoregulatory interactions between a Lymphoid and a non-Lymphoid cell; Regulation of Complement cascade
FALSE,High,Master Protein,Q8C2Q3,RNA-binding protein 14 [OS=Mus musculus],0,20.019,15,9,34,9,69.4,Rbm14,1000,1000,,,,,,,,,,,,1111724.25,2330381.25,5580902,,,1838098.625,1450446.125,,mRNA processing,RUNX2 regulates bone development
FALSE,High,Master Protein,P62071,Ras-related protein R-Ras2 [OS=Mus musculus],0,19.937,26,4,17,3,23.4,Rras2,,,,,,,,,,,,,,,,,,,,,,Regulation of actin cytoskeleton; Comprehensive IL-17A signaling,RND1 GTPase cycle
FALSE,High,Master Protein,Q8K1Z0,"Ubiquinone biosynthesis protein COQ9, mitochondrial [OS=Mus musculus]",0,19.877,13,3,22,3,35.1,Coq9,,0.479,,0.219548425,,,,,3054422,5636968.5,4707722,,,,,,1122513.875,,2936717.5,1842438.5,,,Ubiquinol biosynthesis
FALSE,High,Master Protein,P47915,Large ribosomal subunit protein eL29 [OS=Mus musculus],0,19.831,24,4,50,4,17.6,Rpl29,1.79,1.323,0.006145797,0.147050957,40323065.25,29717674,27543465.63,38967545.44,25017300.81,25615367.5,30446326.88,24657863.19,75796427.25,47512795.5,66554907,66455637.5,23153116.94,31299286.75,52810271.5,35343104.88,,Cytoplasmic ribosomal proteins,L13a-mediated translational silencing of Ceruloplasmin expression; SRP-dependent cotranslational protein targeting to membrane; Major pathway of rRNA processing in the nucleolus and cytosol; Formation of a pool of free 40S subunits; GTP hydrolysis and joining of the 60S ribosomal subunit; Nonsense Mediated Decay (NMD) independent of the Exon Junction Complex (EJC); Nonsense Mediated Decay (NMD) enhanced by the Exon Junction Complex (EJC); Ribosome Quality Control (RQC) complex extracts and degrades nascent peptide; PELO:HBS1L and ABCE1 dissociate a ribosome on a non-stop mRNA; ZNF598 and the Ribosome-associated Quality Trigger (RQT) complex dissociate a ribosome stalled on a no-go mRNA
FALSE,High,Master Protein,Q9D0G0,Large ribosomal subunit protein mL65 [OS=Mus musculus],0,19.806,24,8,37,8,49.9,Mrps30,,,,,,,,,,,,,,,,,,,,,,,Mitochondrial translation elongation; Mitochondrial translation termination; Mitochondrial ribosome-associated quality control
FALSE,High,Master Protein,P63005,Platelet-activating factor acetylhydrolase IB subunit beta [OS=Mus musculus],0,19.744,16,4,19,4,46.6,Pafah1b1,1000,1000,,,,,,,,,,,14351977.75,,7138799.75,5142505.375,,,6941566.5,1215610.625,,Wnt signaling; Wnt signaling pathway and pluripotency,Separation of Sister Chromatids; Regulation of PLK1 Activity at G2/M Transition; Anchoring of the basal body to the plasma membrane; Amplification  of signal from unattached  kinetochores via a MAD2  inhibitory signal; Resolution of Sister Chromatid Cohesion; Loss of Nlp from mitotic centrosomes; Recruitment of mitotic centrosome proteins and complexes; Recruitment of NuMA to mitotic centrosomes; RHO GTPases Activate Formins; AURKA Activation by TPX2; EML4 and NUDC in mitotic spindle formation; COPI-independent Golgi-to-ER retrograde traffic
FALSE,High,Master Protein,Q9DC61,Mitochondrial-processing peptidase subunit alpha [OS=Mus musculus],0,19.644,22,9,22,9,58.2,Pmpca,1000,,,,,,,,,,,,6356539.5,1661042.375,3585511.875,4562780.25,,,,,,,Mitochondrial protein degradation; Processing of SMDT1
FALSE,High,Master Protein,Q9JJI8,Large ribosomal subunit protein eL38 [OS=Mus musculus],0,19.63,41,4,87,4,8.2,Rpl38,3.158,1.966,0.000924059,0.010113564,50522566,34554220,31634329,50641700,35252241,38030645,42585888,38161596,163398802,106546213.8,136618246.1,144367794,49962196,66926530,93567184,85564103,,Cytoplasmic ribosomal proteins; mRNA processing,L13a-mediated translational silencing of Ceruloplasmin expression; SRP-dependent cotranslational protein targeting to membrane; Major pathway of rRNA processing in the nucleolus and cytosol; Formation of a pool of free 40S subunits; GTP hydrolysis and joining of the 60S ribosomal subunit; Nonsense Mediated Decay (NMD) independent of the Exon Junction Complex (EJC); Nonsense Mediated Decay (NMD) enhanced by the Exon Junction Complex (EJC); Ribosome Quality Control (RQC) complex extracts and degrades nascent peptide; PELO:HBS1L and ABCE1 dissociate a ribosome on a non-stop mRNA; ZNF598 and the Ribosome-associated Quality Trigger (RQT) complex dissociate a ribosome stalled on a no-go mRNA
FALSE,High,Master Protein,Q9Z1Z0,General vesicular transport factor p115 [OS=Mus musculus],0,19.629,8,6,21,6,106.9,Uso1,1000,1000,,,,,,,,,,,4355634.5,3444068.25,2408626.75,3136664.25,1784272.5,,3456755,,,,COPI-mediated anterograde transport; COPII-mediated vesicle transport
FALSE,High,Master Protein,Q99N94,Large ribosomal subunit protein bL9m [OS=Mus musculus],0,19.621,26,6,35,6,30.2,Mrpl9,,,,,,,,,,,,,,,,,,,,,,,Mitochondrial translation termination; Mitochondrial translation elongation; Mitochondrial ribosome-associated quality control
FALSE,High,Master Protein,P28658,Ataxin-10 [OS=Mus musculus],0,19.581,15,6,19,6,53.7,Atxn10,1000,,,,,,,,,,,,14841897.5,11200348.5,12055633,6605728,,,,,,,
FALSE,High,Master Protein,Q91YN9,BAG family molecular chaperone regulator 2 [OS=Mus musculus],0,19.561,29,5,22,5,23.5,Bag2,5.477,1000,0.028974856,,,2648548,1256308.25,3759083.25,2162121.75,,,,10771725.75,10505948.25,9500977,11770723.25,2118413,3538660.25,3173110.5,5836864.125,,,Regulation of HSF1-mediated heat shock response
FALSE,High,Master Protein,P07758,Alpha-1-antitrypsin 1-1 [OS=Mus musculus],0,19.49,14,4,15,4,46,Serpina1a,1000,1.487,,0.26639872,,,,,11568678,9850662,,5917840,34658524.5,27172660,,1872805,17199052,27640894,,,,,
FALSE,High,Master Protein,P61750,ADP-ribosylation factor 4 [OS=Mus musculus],0,19.48,22,3,30,1,20.4,Arf4,,,,,,,,,,,,,,,,,,,,,,EGFR1 signaling pathway,COPI-dependent Golgi-to-ER retrograde traffic; COPI-mediated anterograde transport; VxPx cargo-targeting to cilium
FALSE,High,Master Protein,O08810,116 kDa U5 small nuclear ribonucleoprotein component [OS=Mus musculus],0,19.463,9,7,23,6,109.3,Eftud2,,,,,,,,,,,,,,,,,,,,,,mRNA processing,mRNA Splicing - Major Pathway; mRNA Splicing - Minor Pathway
FALSE,High,Master Protein,Q3UJB0,Splicing factor 3B subunit 2 [OS=Mus musculus],0,19.428,11,7,22,7,98.1,Sf3b2,1000,1000,,,,,,,,,,,305534480,214560869.5,256061801.8,302901354.3,164538971.6,140363863.6,210116821,227477059,,mRNA processing,mRNA Splicing - Major Pathway; mRNA Splicing - Minor Pathway
FALSE,High,Master Protein,Q99JX4,Eukaryotic translation initiation factor 3 subunit M [OS=Mus musculus],0,19.409,16,5,20,5,42.5,Eif3m,1000,1000,,,3593458.75,,,,,,,,9494364.75,7606042.5,5930049.5,6317465.5,2048443.563,2216532.25,4834670.875,5014022.75,Acetyl [N-Term]; Met-loss+Acetyl [N-Term],,"L13a-mediated translational silencing of Ceruloplasmin expression; Formation of a pool of free 40S subunits; GTP hydrolysis and joining of the 60S ribosomal subunit; Translation initiation complex formation; Formation of the ternary complex, and subsequently, the 43S complex; Ribosomal scanning and start codon recognition"
FALSE,High,Master Protein,P97314,Cysteine and glycine-rich protein 2 [OS=Mus musculus],0,19.401,36,5,27,5,20.9,Csrp2,1.947,1.12,0.010180854,0.415951054,1812183.875,4071816.75,1117138.25,2279994.75,1910629.25,,2039487.875,1101517.875,3371713.25,7138879.25,3490183.5,4645491,2139667.75,,,2583791.5,,,
FALSE,High,Master Protein,P14115,Large ribosomal subunit protein uL15 [OS=Mus musculus],0,19.38,28,5,64,5,16.6,Rpl27a,1.477,1.07,0.007496861,0.242834113,48806958,36561418,39294894,45244071,21526681.5,26927642.5,32885827,32029131,73968754,50934847,73865885.75,65162209.5,20690826,29099054,41572778.75,33906049,,Cytoplasmic ribosomal proteins,L13a-mediated translational silencing of Ceruloplasmin expression; Formation of a pool of free 40S subunits; GTP hydrolysis and joining of the 60S ribosomal subunit; SRP-dependent cotranslational protein targeting to membrane; Major pathway of rRNA processing in the nucleolus and cytosol; Nonsense Mediated Decay (NMD) independent of the Exon Junction Complex (EJC); Nonsense Mediated Decay (NMD) enhanced by the Exon Junction Complex (EJC); Ribosome Quality Control (RQC) complex extracts and degrades nascent peptide; PELO:HBS1L and ABCE1 dissociate a ribosome on a non-stop mRNA; ZNF598 and the Ribosome-associated Quality Trigger (RQT) complex dissociate a ribosome stalled on a no-go mRNA; Protein hydroxylation
FALSE,High,Master Protein,Q9R0Q3,Transmembrane emp24 domain-containing protein 2 [OS=Mus musculus],0,19.374,35,6,15,6,22.7,Tmed2,1000,1000,,,,,,,,,,,,,,2282381.5,,,,1459886.5,,,COPI-dependent Golgi-to-ER retrograde traffic; COPI-mediated anterograde transport; COPII-mediated vesicle transport; Cargo concentration in the ER; Pre-NOTCH Processing in Golgi
FALSE,High,Master Protein,P35235,Tyrosine-protein phosphatase non-receptor type 11 [OS=Mus musculus],0,19.371,15,6,16,6,68,Ptpn11,2.872,1.304,0.00664308,0.098397969,1260584.875,1519120.375,807439.75,909636.6875,929373.8125,1519574.75,2297469.25,1421370.25,4055657.75,2617865.5,2452491,2470707.5,1123092.625,,3234822.25,2697679.25,,IL-9 signaling pathway; Type II interferon signaling (IFNG); IL-5 signaling pathway; Mechanisms associated with pluripotency; Hepatocyte growth factor receptor signaling; Heart development; TNF-alpha NF-kB signaling pathway; B cell receptor signaling pathway; ESC pluripotency pathways; IL-1 signaling pathway; IL-3 signaling pathway; IL-6 signaling pathway; Kit receptor signaling pathway; IL-2 signaling pathway; T cell receptor signaling pathway; EGFR1 signaling pathway; Insulin signaling; IL-4 signaling pathway,"Platelet sensitization by LDL; Co-inhibition by PD-1; PIP3 activates AKT signaling; PI5P, PP2A and IER3 Regulate PI3K/AKT Signaling; RET signaling; Signaling by SCF-KIT; GPVI-mediated activation cascade; Downstream signal transduction; Interleukin-20 family signaling; Regulation of IFNA/IFNB signaling; Tie2 Signaling; Spry regulation of FGF signaling; PI3K Cascade; Interleukin-3, Interleukin-5 and GM-CSF signaling; PI-3K cascade:FGFR1; FRS-mediated FGFR1 signaling; PI-3K cascade:FGFR2; FRS-mediated FGFR2 signaling; FRS-mediated FGFR4 signaling; PI-3K cascade:FGFR4; Interleukin-6 signaling; PECAM1 interactions; FRS-mediated FGFR3 signaling; PI-3K cascade:FGFR3; GAB1 signalosome; Co-inhibition by CTLA4; Signaling by CSF3 (G-CSF); MAPK3 (ERK1) activation; MAPK1 (ERK2) activation; Activation of IRF3, IRF7 mediated by TBK1, IKKε (IKBKE); MET activates PTPN11; Regulation of RUNX1 Expression and Activity; Co-inhibition by BTLA"
FALSE,High,Master Protein,P08905,Lysozyme C-2 [OS=Mus musculus],0,19.354,36,4,16,4,16.7,Lyz2,1000,,,,,,,,,,,,19572143.5,15775573,12544475.75,11890858,,,,,,Macrophage markers,Neutrophil degranulation; Antimicrobial peptides
FALSE,High,Master Protein,P24452,Macrophage-capping protein [OS=Mus musculus],0,19.332,21,5,15,5,39.2,Capg,1.676,1000,0.005198341,,2558854.5,2261909.5,1507932.375,1583599.125,,,,,4129398,4682124.5,2625170.25,2322633,,,,1389010.125,Acetyl [N-Term],,
FALSE,High,Master Protein,Q8CC27,Voltage-dependent L-type calcium channel subunit beta-2 [OS=Mus musculus],0,19.311,13,6,27,6,73.1,Cacnb2,1000,1000,,,,,,,,,,,,2555672.75,6105109.75,6827616.75,,5067323.5,6250119.5,2366459.5,,,Regulation of insulin secretion; Presynaptic depolarization and calcium channel opening; Phase 0 - rapid depolarisation; Phase 2 - plateau phase
FALSE,High,Master Protein,Q6PDG5,SWI/SNF complex subunit SMARCC2 [OS=Mus musculus],0,19.286,9,7,24,7,132.5,Smarcc2,1000,1000,,,,,,,,,,,3858282,,,7585232.5,,,1340764.875,,,TNF-alpha NF-kB signaling pathway,RUNX1 interacts with co-factors whose precise effect on RUNX1 targets is not known; RMTs methylate histone arginines; Formation of the embryonic stem cell BAF (esBAF) complex; Formation of neuronal progenitor and neuronal BAF (npBAF and nBAF); Formation of the non-canonical BAF (ncBAF) complex; Formation of the polybromo-BAF (pBAF) complex
FALSE,High,Master Protein,P56391,Cytochrome c oxidase subunit 6B1 [OS=Mus musculus],0,19.261,62,5,50,5,10.1,Cox6b1,0.001,0.144,,0.034779222,6032415,4220147.5,1374582.875,1949268.625,8836330.938,11700009.38,9676172.5,5079746.063,,,,1544190.375,,1043052.813,2252873.75,1287319.25,,Electron transport chain,Respiratory electron transport; TP53 Regulates Metabolic Genes; Cytoprotection by HMOX1; Complex IV assembly
FALSE,High,Master Protein,P70698,CTP synthase 1 [OS=Mus musculus],0,19.235,12,5,12,5,66.6,Ctps1,1000,,,,,,,,,,,,2568255.25,,1849837.5,,,,,,,,Interconversion of nucleotide di- and triphosphates
FALSE,High,Master Protein,Q6ZWU9,Small ribosomal subunit protein eS27 [OS=Mus musculus],0,19.234,38,3,46,1,9.5,Rps27,2.582,1.526,0.007571327,0.024795343,24530070,17275773,17990034.5,17559807,18558473.75,21784185.5,25584171.5,24583995.5,65092108,43407818,55531780,28699662,25500324.5,36915977,50169868,30434434,,Cytoplasmic ribosomal proteins; mRNA processing,"Separation of Sister Chromatids; Amplification  of signal from unattached  kinetochores via a MAD2  inhibitory signal; Resolution of Sister Chromatid Cohesion; RHO GTPases Activate Formins; EML4 and NUDC in mitotic spindle formation; L13a-mediated translational silencing of Ceruloplasmin expression; SRP-dependent cotranslational protein targeting to membrane; Major pathway of rRNA processing in the nucleolus and cytosol; Formation of a pool of free 40S subunits; GTP hydrolysis and joining of the 60S ribosomal subunit; Nonsense Mediated Decay (NMD) independent of the Exon Junction Complex (EJC); Nonsense Mediated Decay (NMD) enhanced by the Exon Junction Complex (EJC); PELO:HBS1L and ABCE1 dissociate a ribosome on a non-stop mRNA; ZNF598 and the Ribosome-associated Quality Trigger (RQT) complex dissociate a ribosome stalled on a no-go mRNA; Translation initiation complex formation; Formation of the ternary complex, and subsequently, the 43S complex; Ribosomal scanning and start codon recognition"
FALSE,High,Master Protein,Q9D1G3,Protein-cysteine N-palmitoyltransferase HHAT-like protein [OS=Mus musculus],0,19.219,13,6,35,6,56.4,Hhatl,0.001,0.001,,,1170259.25,,,,8846287,11759297,10177607,7811940,,,,,,,,,,,
FALSE,High,Master Protein,Q8BJW6,Eukaryotic translation initiation factor 2A [OS=Mus musculus],0,19.205,16,8,32,8,64.4,Eif2a,1000,1000,,,,,,,,,,,5866892,5184337,4955621,5569550,2981726.688,5250114,8066067.375,5621225.5,Met-loss [N-Term],IL-6 signaling pathway,
FALSE,High,Master Protein,P62192,26S proteasome regulatory subunit 4 [OS=Mus musculus],0,19.171,15,5,21,5,49.2,Psmc1,1000,1000,,,,,,,,,,,5126862.5,8328883,8413712.25,7937524.75,2352192,3529840,4511301,5554833.5,,TNF-alpha NF-kB signaling pathway; Proteasome degradation,ABC-family proteins mediated transport; Degradation of CDH1; FCERI mediated NF-kB activation; Downstream TCR signaling; Ribosome Quality Control (RQC) complex extracts and degrades nascent peptide; Activation of NF-kappaB in B cells; Neddylation; Asymmetric localization of PCP proteins; Degradation of AXIN; Hedgehog 'on' state; Ub-specific processing proteases; Regulation of RUNX3 expression and activity; Antigen processing: Ubiquitination & Proteasome degradation; Autodegradation of Cdh1 by Cdh1:APC/C; APC/C:Cdc20 mediated degradation of Securin; APC/C:Cdh1 mediated degradation of Cdc20 and other APC/C:Cdh1 targeted proteins in late mitosis/early G1; Cdc20:Phospho-APC/C mediated degradation of Cyclin A; Separation of Sister Chromatids; Assembly of the pre-replicative complex; CDK-mediated phosphorylation and removal of Cdc6; The role of GTSE1 in G2/M progression after G2 checkpoint; MAPK6/MAPK4 signaling; UCH proteinases; Regulation of PTEN stability and activity; Regulation of RAS by GAPs; FBXL7 down-regulates AURKA during mitotic entry and in early mitosis; Regulation of ornithine decarboxylase (ODC); Oxygen-dependent proline hydroxylation of Hypoxia-inducible Factor Alpha; Cross-presentation of soluble exogenous antigens (endosomes); SCF(Skp2)-mediated degradation of p27/p21; Degradation of beta-catenin by the destruction complex; Autodegradation of the E3 ubiquitin ligase COP1; AUF1 (hnRNP D0) binds and destabilizes mRNA; Degradation of DVL; Hedgehog ligand biogenesis; Dectin-1 mediated noncanonical NF-kB signaling; Degradation of GLI1 by the proteasome; GLI3 is processed to GLI3R by the proteasome; NIK-->noncanonical NF-kB signaling; Orc1 removal from chromatin; G2/M Checkpoints; Ubiquitin-Mediated Degradation of Phosphorylated Cdc25A; Ubiquitin-dependent degradation of Cyclin D; RUNX1 regulates transcription of genes involved in differentiation of HSCs; Regulation of RUNX2 expression and activity; Interleukin-1 signaling; KEAP1-NFE2L2 pathway; GSK3B and BTRC:CUL1-mediated-degradation of NFE2L2; Proteasome assembly; GSK3B-mediated proteasomal degradation of PD-L1(CD274); SPOP-mediated proteasomal degradation of PD-L1(CD274); AMPK-induced ERAD and lysosome mediated degradation of PD-L1(CD274); Degradation of CRY and PER proteins; N-glycan trimming in the ER and Calnexin/Calreticulin cycle
FALSE,High,Master Protein,Q9Z110,Delta-1-pyrroline-5-carboxylate synthase [OS=Mus musculus],0,19.157,11,8,13,8,87.2,Aldh18a1,1000,,,,,,,,,,,,6158387.25,,2873328.75,889812.9375,,,,,,,Mitochondrial protein degradation; Glutamate and glutamine metabolism
FALSE,High,Master Protein,P08228,Superoxide dismutase [Cu-Zn] [OS=Mus musculus],0,19.146,39,5,38,5,15.9,Sod1,3.487,2.59,4.55919E-05,0.000316085,3797642.75,4456835,4025031.25,3803514.75,4048914.5,4778464.5,4572194,4351734,13637285,13823423.5,13726702,13559655.5,9664562.313,12170853.38,13891925.25,11456929.31,,One-carbon metabolism and related pathways; Oxidative stress response; Oxidative stress and redox pathway,Platelet degranulation ; Detoxification of Reactive Oxygen Species
FALSE,High,Master Protein,P25976,Nucleolar transcription factor 1 [OS=Mus musculus],0,19.093,10,6,28,6,89.5,Ubtf,1000,1000,,,,,,,,,,,11103069,10884913,8166040.625,13187601,1137017.875,2399160.313,3669551.5,2189068,,,RNA Polymerase I Transcription Initiation; RNA Polymerase I Promoter Escape; RNA Polymerase I Transcription Termination; RNA Polymerase I Promoter Opening
FALSE,High,Master Protein,Q6R0H7,Guanine nucleotide-binding protein G(s) subunit alpha isoforms XLas [OS=Mus musculus],0,19.069,5,5,31,4,121.4,Gnas,1000,1000,,,,,,,,,,,5852148.5,3811858.5,3442223.5,3858397.25,2236867,2741559.25,4282896.5,3353873.25,,Estrogen signaling; G protein signaling pathways; Myometrial relaxation and contraction pathways; Calcium regulation in cardiac cells,High laminar flow shear stress activates signaling by PIEZO1 and PECAM1:CDH5:KDR in endothelial cells; Glucagon-like Peptide-1 (GLP1) regulates insulin secretion; Vasopressin regulates renal water homeostasis via Aquaporins; GPER1 signaling; G alpha (s) signalling events; Glucagon-type ligand receptors; Prostacyclin signalling through prostacyclin receptor
FALSE,High,Master Protein,Q61581,Insulin-like growth factor-binding protein 7 [OS=Mus musculus],0,18.93,24,5,21,5,29,Igfbp7,5.14,1000,0.003086101,,1801430.25,1637452.75,,2346742,,,,955191,8433899.25,9239320.5,8619721.75,9814591.5,1163151.5,1094127,4379585.375,2860938.5,,Factors and pathways affecting insulin-like growth factor (IGF1)-Akt signaling,Regulation of Insulin-like Growth Factor (IGF) transport and uptake by Insulin-like Growth Factor Binding Proteins (IGFBPs); Post-translational protein phosphorylation
FALSE,High,Master Protein,P10107,Annexin A1 [OS=Mus musculus],0,18.879,22,6,16,5,38.7,Anxa1,3.071,1000,0.230635258,,3023132,1615540.375,,2490938.75,,,,3367235.25,3049651.25,7491397.25,3684361.25,5064570.5,1701473.125,1751922.125,,,,Spinal cord injury; Prostaglandin synthesis and regulation,G alpha (q) signalling events; G alpha (i) signalling events; Formyl peptide receptors bind formyl peptides and many other ligands
FALSE,High,Master Protein,P17095,High mobility group protein HMG-I/HMG-Y [OS=Mus musculus],0,18.818,31,3,73,3,11.6,Hmga1,0.884,0.508,0.051582381,3.60742E-05,49586547.5,38198655.38,49235238.25,70456653.5,49288198.13,53802545.25,81077682,76804556.25,41401187.75,36419636.13,46117595,57477006,25374824.25,28635562.5,40716874.75,37749737,,Adipogenesis genes; IL-4 signaling pathway,Formation of Senescence-Associated Heterochromatin Foci (SAHF)
FALSE,High,Master Protein,Q8CDN6,Thioredoxin-like protein 1 [OS=Mus musculus],0,18.766,26,5,20,5,32.2,Txnl1,1000,,,,,,,,,,,,3994590.75,4353829,2953474,4771081.625,,,,,,,RND2 GTPase cycle; RHOU GTPase cycle; RND3 GTPase cycle; RND1 GTPase cycle; RHOV GTPase cycle; RHOBTB1 GTPase cycle; RHOBTB2 GTPase cycle
FALSE,High,Master Protein,Q3TMP8,Trimeric intracellular cation channel type A [OS=Mus musculus],0,18.744,20,4,13,4,33.3,Tmem38a,,,,,,,,,,,,,,,,,,,,,Acetyl [N-Term],,
FALSE,High,Master Protein,Q61753,D-3-phosphoglycerate dehydrogenase [OS=Mus musculus],0,18.689,18,7,16,7,56.5,Phgdh,1000,1000,,,,,,,,,,,23759119,13353698.25,20890405.5,2735400,,1472940.625,,1469036.375,,,Serine metabolism
FALSE,High,Master Protein,Q8BMS4,"Ubiquinone biosynthesis O-methyltransferase, mitochondrial [OS=Mus musculus]",0,18.681,12,3,15,3,40.9,Coq3,,0.018,,0.307972892,,,,,4961058.313,8120904.875,6157597,3750838.25,,,,,,2519631.75,4278332,,,,Ubiquinol biosynthesis
FALSE,High,Master Protein,P63037,DnaJ homolog subfamily A member 1 [OS=Mus musculus],0,18.618,19,5,22,5,44.8,Dnaja1,10.292,1000,0.002418256,,,2014854.625,1662247.625,2472090.75,,,,,42429842,15129860.25,18064748,24094902.38,3411248.25,,10518602,16083255.5,,Exercise-induced circadian regulation,HSP90 chaperone cycle for steroid hormone receptors (SHR) in the presence of ligand; Mitochondrial unfolded protein response (UPRmt)
FALSE,High,Master Protein,O55142,Large ribosomal subunit protein eL33 [OS=Mus musculus],0,18.616,46,6,79,6,12.5,Rpl35a,1.345,1.089,0.041116058,0.615890322,57102202,29956658.5,29522762.25,37721121.25,25064522.75,25408050.5,33592086.5,26824064,69951087,42325901.5,57971140,48265763,19379792.75,29201883,34651100,39348161,,Cytoplasmic ribosomal proteins,L13a-mediated translational silencing of Ceruloplasmin expression; SRP-dependent cotranslational protein targeting to membrane; Major pathway of rRNA processing in the nucleolus and cytosol; Formation of a pool of free 40S subunits; GTP hydrolysis and joining of the 60S ribosomal subunit; Nonsense Mediated Decay (NMD) independent of the Exon Junction Complex (EJC); Nonsense Mediated Decay (NMD) enhanced by the Exon Junction Complex (EJC); Ribosome Quality Control (RQC) complex extracts and degrades nascent peptide; PELO:HBS1L and ABCE1 dissociate a ribosome on a non-stop mRNA; ZNF598 and the Ribosome-associated Quality Trigger (RQT) complex dissociate a ribosome stalled on a no-go mRNA
FALSE,High,Master Protein,Q9CPR5,Large ribosomal subunit protein uL15m [OS=Mus musculus],0,18.564,23,6,25,6,33.5,Mrpl15,0.001,0.001,,,3396963.5,1015874.125,1835838.125,3872660.25,12279891,16330070.5,14545629.5,9981960,,,,,,,,,,,Mitochondrial translation elongation; Mitochondrial translation termination; Mitochondrial ribosome-associated quality control
FALSE,High,Master Protein,Q9ES97,Reticulon-3 [OS=Mus musculus],0,18.561,6,3,12,3,103.8,Rtn3,0.789,32.208,0.099921235,,8918143,6247136.5,5694139.5,4952244,,,3597906.25,,7560900,3895429.75,5689073,3634485.5,,2264656.25,3732323.25,,Acetyl [N-Term],,Synaptic adhesion-like molecules
FALSE,High,Master Protein,Q6P4T2,U5 small nuclear ribonucleoprotein 200 kDa helicase [OS=Mus musculus],0,18.475,4,7,23,7,244.4,Snrnp200,,,,,,,,,,,,,,,,,,,,,,,mRNA Splicing - Major Pathway; mRNA Splicing - Minor Pathway
FALSE,High,Master Protein,Q5IRJ6,"Proton-coupled zinc antiporter SLC30A9, mitochondrial [OS=Mus musculus]",0,18.44,15,7,25,7,62.8,Slc30a9,0.001,0.001,,,6715679.5,5677782,5940801.5,5287948,9940868,14324647,9300514,7264169.5,,,,,,,,,,,
FALSE,High,Master Protein,Q9D855,Cytochrome b-c1 complex subunit 7 [OS=Mus musculus],0,18.412,35,5,56,5,13.5,Uqcrb,0.81,0.281,0.05638051,0.000501057,60915734.75,28488849.5,16802695.5,50924035.5,92290224.75,120081326,78702248.75,56250546.25,44369342,24753366.5,16153956,38422791.5,21388299.5,31301470,25911264.5,17075536.25,,,Respiratory electron transport; Complex III assembly
FALSE,High,Master Protein,P30115,Glutathione S-transferase A3 [OS=Mus musculus],0,18.378,20,4,19,1,25.3,Gsta3,1000,,,,,,,,,,,,2937841.5,2023160.25,,4483171,,,,,Acetyl [N-Term],Metapathway biotransformation; Oxidative stress and redox pathway,Heme degradation; Glutathione conjugation; Azathioprine ADME
FALSE,High,Master Protein,E9Q9K5,Triadin [OS=Mus musculus],0,18.3,4,3,30,3,77.8,Trdn,1000,1.304,,0.39360326,,2649635,,,13741853.63,11567013.5,11304103,10454865.75,7797134.25,7661484,8829515.375,6693528.5,9829435,14004603,19866061.5,14675804.75,,,Stimuli-sensing channels; Ion homeostasis
FALSE,High,Master Protein,P39061,Collagen alpha-1(XVIII) chain [OS=Mus musculus],0,18.296,4,6,21,6,182.1,Col18a1,,,,,,,,,,,,,,,,,,,,,,,Assembly of collagen fibrils and other multimeric structures; Integrin cell surface interactions; Collagen chain trimerization; Collagen degradation; Activation of Matrix Metalloproteinases
FALSE,High,Master Protein,Q9DBL1,"Short/branched chain specific acyl-CoA dehydrogenase, mitochondrial [OS=Mus musculus]",0,18.277,15,4,20,4,47.8,Acadsb,1000,1000,,,,,,,,,,,4486204.5,2782982,1433410.75,,,,5484368,3319334.75,,,Branched-chain amino acid catabolism; Mitochondrial protein degradation
FALSE,High,Master Protein,Q6P3A8,"2-oxoisovalerate dehydrogenase subunit beta, mitochondrial [OS=Mus musculus]",0,18.251,26,7,18,7,42.9,Bckdhb,4.066,0.243,0.00210057,0.049033804,6062924.875,1801038.875,2092227.125,2548186,12715560,20514944,17934328.5,19534940,24186750,9309889,8672451,6869441,1318884.25,2598954.5,8346768.75,11292760,,,"Branched-chain amino acid catabolism; BCKDH synthesizes BCAA-CoA from KIC, KMVA, KIV"
FALSE,High,Master Protein,Q9Z2Y8,Pyridoxal phosphate homeostasis protein [OS=Mus musculus],0,18.213,19,4,16,4,30,Plpbp,1.464,0.451,0.561817405,0.167434253,1794414.875,4319031.5,3502200.5,,6965590.125,5398377.5,9456794.5,4179002.125,4042369.5,4111570.5,3054585.75,3425952.5,3287145.25,,4073187.5,4036082.75,,,
FALSE,High,Master Protein,Q3TJD7,PDZ and LIM domain protein 7 [OS=Mus musculus],0,18.155,18,5,25,5,50.1,Pdlim7,0.001,0.001,,,1168320.75,6204327,2888692,2120572.5,1813416.75,,4048560.5,,,,,,,,,,,EBV LMP1 signaling,RET signaling
FALSE,High,Master Protein,O08583,THO complex subunit 4 [OS=Mus musculus],0,18.152,24,4,42,4,26.9,Alyref,2.201,2.985,0.006298411,0.001743323,3852844.75,3580638.75,2592962.75,5903598,2432592.25,2543837.25,3102594.25,3968545.5,8664488,7712287.5,7158841.5,9487712,7160666.5,10487816,9388606,9863019,,mRNA processing,mRNA Splicing - Major Pathway; Transport of the SLBP independent Mature mRNA; Transport of the SLBP Dependant Mature mRNA; Transport of Mature mRNA Derived from an Intronless Transcript; Transport of Mature mRNA derived from an Intron-Containing Transcript; mRNA 3'-end processing; RNA Polymerase II Transcription Termination
FALSE,High,Master Protein,Q8CJ53,Cdc42-interacting protein 4 [OS=Mus musculus],0,18.019,11,6,19,6,68.4,Trip10,1000,1000,,,,,,,,,,,7012255.625,6233348.75,9154515,6487980.75,977439.875,,3202099.5,752394.5625,,,RHOQ GTPase cycle; Clathrin-mediated endocytosis
FALSE,High,Master Protein,Q80XI3,Eukaryotic translation initiation factor 4 gamma 3 [OS=Mus musculus],0,18.019,4,6,40,1,174.8,Eif4g3,,,,,,,,,,,,,,,,,,,,,,Translation factors; mRNA processing,ISG15 antiviral mechanism
FALSE,High,Master Protein,B9EJ86,Oxysterol-binding protein-related protein 8 [OS=Mus musculus],0,17.985,7,5,13,5,101.2,Osbpl8,1000,,,,,,,,,,,,3842845.25,2336815.25,,2358188.25,,,,,,,Acyl chain remodelling of PS
FALSE,High,Master Protein,P56135,"ATP synthase F(0) complex subunit f, mitochondrial [OS=Mus musculus]",0,17.846,34,3,64,3,10.3,Atp5mf,0.888,0.332,0.159854974,0.00204553,5190947,5184702,3025593.25,3738507.5,10479382,14939866,11093439,7996749,5178307.5,3474667.75,2788463.25,3200723.25,2317015.25,4616581,4068405.25,2856755.5,Acetyl [N-Term],Oxidative phosphorylation; Electron transport chain,Formation of ATP by chemiosmotic coupling; Cristae formation
FALSE,High,Master Protein,Q99N93,Large ribosomal subunit protein uL16m [OS=Mus musculus],0,17.649,22,5,35,5,28.8,Mrpl16,0.789,0.523,0.080137504,0.007864379,10908082,3602007.5,6383727.125,4469305.625,17600204,21686044,22278002,12588774,5021115.5,2959831.75,4901159.5,3623692.25,8364720.5,8970829.25,14622453.5,7256100.75,,,Mitochondrial translation elongation; Mitochondrial translation termination; Mitochondrial ribosome-associated quality control
FALSE,High,Master Protein,Q8R1I1,Cytochrome b-c1 complex subunit 9 [OS=Mus musculus],0,17.644,38,2,45,2,7.4,Uqcr10,0.966,0.327,0.847467422,0.001380844,34943804,18112318,10913813,28014697.5,49034042,69827341.5,49726779,38138655.25,29999691,21275711.5,11447389,24908656,12686437.75,19902025,19013838.25,14310500.25,,Electron transport chain,Respiratory electron transport; Complex III assembly
FALSE,High,Master Protein,O70622,Reticulon-2 [OS=Mus musculus],0,17.599,12,3,12,3,51.3,Rtn2,0.001,0.647,,0.708780041,2699381,,,,10410719.25,9264534.5,13889995.25,1476551.625,,,,,3826235.5,6387036,8427226,4532244,,,
FALSE,High,Master Protein,P21956,Lactadherin [OS=Mus musculus],0,17.562,16,7,25,7,51.2,Mfge8,1000,1000,,,,,,,,,,,6578607.75,4792491.125,3232707.75,5662952.125,,,3338452,1087355.25,,,Regulation of Insulin-like Growth Factor (IGF) transport and uptake by Insulin-like Growth Factor Binding Proteins (IGFBPs); Post-translational protein phosphorylation
FALSE,High,Master Protein,P32020,Sterol carrier protein 2 [OS=Mus musculus],0,17.485,9,4,25,4,59.1,Scp2,0.306,0.204,0.24504389,0.002708254,51018278,43995197.75,43561576,5806707,65632112,67298173.25,53232386.13,52833064.13,16436500,8860126.25,12651188,13219990.5,9362955.5,12766938.25,17170931,11615340.25,,PPAR signaling pathway; Mitochondrial long chain fatty acid beta-oxidation,Peroxisomal protein import; Synthesis of bile acids and bile salts via 7alpha-hydroxycholesterol; Beta-oxidation of pristanoyl-CoA; alpha-linolenic acid (ALA) metabolism
FALSE,High,Master Protein,P30275,"Creatine kinase U-type, mitochondrial [OS=Mus musculus]",0,17.48,9,3,78,1,47,Ckmt1,,,,,,,,,,,,,,,,,,,,,,,Creatine metabolism
FALSE,High,Master Protein,P08121,Collagen alpha-1(III) chain [OS=Mus musculus],0,17.471,4,4,46,4,138.9,Col3a1,0.001,0.001,,,51531100,26416048,22302554,23872879.5,6141511.25,14791420.75,13812705.25,29837802.5,,,,,,,,,,Focal adhesion: PI3K-Akt-mTOR signaling pathway; Dysregulated miRNA targeting in insulin/PI3K-AKT signaling; Inflammatory response pathway; Focal adhesion,Immunoregulatory interactions between a Lymphoid and a non-Lymphoid cell; ECM proteoglycans; Signaling by PDGF; Assembly of collagen fibrils and other multimeric structures; Integrin cell surface interactions; NCAM1 interactions; Collagen chain trimerization; Collagen degradation; Fibronectin matrix formation; Non-integrin membrane-ECM interactions; MET activates PTK2 signaling
FALSE,High,Master Protein,P61514,Large ribosomal subunit protein eL43 [OS=Mus musculus],0,17.469,50,4,41,4,10.3,Rpl37a,0.964,1.389,0.483872277,0.485822912,45190253.5,27991677,30032588.25,36336017,9847408.813,22842817.75,11377215.13,11256607,49887691.25,24982306.31,31267528.88,26068192,12834084.94,13938004.94,20453884,16674343.75,,Cytoplasmic ribosomal proteins,L13a-mediated translational silencing of Ceruloplasmin expression; SRP-dependent cotranslational protein targeting to membrane; Major pathway of rRNA processing in the nucleolus and cytosol; Formation of a pool of free 40S subunits; GTP hydrolysis and joining of the 60S ribosomal subunit; Nonsense Mediated Decay (NMD) independent of the Exon Junction Complex (EJC); Nonsense Mediated Decay (NMD) enhanced by the Exon Junction Complex (EJC); Ribosome Quality Control (RQC) complex extracts and degrades nascent peptide; PELO:HBS1L and ABCE1 dissociate a ribosome on a non-stop mRNA; ZNF598 and the Ribosome-associated Quality Trigger (RQT) complex dissociate a ribosome stalled on a no-go mRNA
FALSE,High,Master Protein,Q8CCM6,Mitochondrial import inner membrane translocase subunit Tim21 [OS=Mus musculus],0,17.449,30,6,36,6,27.9,Timm21,1000,0.774,,0.8840581,,,,,5393878,4649431,6390095,5634934,4349679.5,,3104163.75,,,5434419.25,9139557,2884868,,,Complex IV assembly
FALSE,High,Master Protein,P63085,Mitogen-activated protein kinase 1 [OS=Mus musculus],0,17.435,26,8,17,7,41.2,Mapk1,1000,1000,,,,,,,,,,,4621360,7463084.75,5457925.5,3198569.25,1273155.5,1801237.125,2152495.5,1332959.375,Acetyl [N-Term],IL-9 signaling pathway; EBV LMP1 signaling; Estrogen signaling; EPO receptor signaling; ErbB signaling pathway; IL-5 signaling pathway; MicroRNAs in cardiomyocyte hypertrophy; Mechanisms associated with pluripotency; Hepatocyte growth factor receptor signaling; Heart development; Alzheimer's disease; Chemokine signaling pathway; Spinal cord injury; Mapk cascade; Androgen receptor signaling pathway; Delta-Notch signaling pathway; B cell receptor signaling pathway; Focal adhesion: PI3K-Akt-mTOR signaling pathway; IL-7 signaling pathway; ESC pluripotency pathways; Novel Jun-Dmp1 pathway; IL-1 signaling pathway; IL-3 signaling pathway; IL-6 signaling pathway; Kit receptor signaling pathway; IL-2 signaling pathway; T cell receptor signaling pathway; Mapk signaling pathway; Na/K-ATPase/Src signaling; Regulation of actin cytoskeleton; Wnt signaling pathway; IL19 signaling; Signal transduction of S1P receptor; EGFR1 signaling pathway; Integrin-mediated cell adhesion; Insulin signaling; Focal adhesion; IL-4 signaling pathway,"Neutrophil degranulation; Downregulation of SMAD2/3:SMAD4 transcriptional activity; Senescence-Associated Secretory Phenotype (SASP); Spry regulation of FGF signaling; Oxidative Stress Induced Senescence; SMAD2/SMAD3:SMAD4 heterotrimer regulates transcription; Oncogene Induced Senescence; PI5P, PP2A and IER3 Regulate PI3K/AKT Signaling; Signal transduction by L1; Regulation of actin dynamics for phagocytic cup formation; FCERI mediated MAPK activation; Regulation of HSF1-mediated heat shock response; NCAM signaling for neurite out-growth; MAP2K and MAPK activation; Recycling pathway of L1; Transcriptional and post-translational regulation of MITF-M expression and activity; Thrombin signalling through proteinase activated receptors (PARs); Interferon gamma signaling; RHO GTPases Activate NADPH Oxidases; Signaling by Activin; Regulation of the apoptosome activity; RHO GTPases Activate WASPs and WAVEs; Activation of the AP-1 family of transcription factors; Frs2-mediated activation; Signal attenuation; IFNG signaling activates MAPKs; Growth hormone receptor signaling; MAPK1 (ERK2) activation; Estrogen-stimulated signaling through PRKCZ; Gastrin-CREB signalling pathway via PKC and MAPK; Negative feedback regulation of MAPK pathway; Estrogen-dependent nuclear events downstream of ESR-membrane signaling; phospho-PLA2 pathway; Golgi Cisternae Pericentriolar Stack Reorganization; ERKs are inactivated; Signaling by NODAL"
FALSE,High,Master Protein,P28660,Nck-associated protein 1 [OS=Mus musculus],0,17.429,7,6,19,6,128.7,Nckap1,1000,1000,,,,,,,,,,,6413901.875,1994861.625,4096890.125,3132705.875,642379.9375,1128713.875,939836.625,1599714.5,,Regulation of actin cytoskeleton; Exercise-induced circadian regulation,VEGFA-VEGFR2 Pathway; Regulation of actin dynamics for phagocytic cup formation; RAC1 GTPase cycle; RAC2 GTPase cycle; RAC3 GTPase cycle; RHO GTPases Activate WASPs and WAVEs
FALSE,High,Master Protein,Q9D338,Large ribosomal subunit protein bL19m [OS=Mus musculus],0,17.412,28,6,25,6,33.6,Mrpl19,0.654,0.001,0.548206922,,,1166142.125,1513667.125,2526920.813,10320954.75,13107081.13,13992692.5,3982077.5,1704610.125,1250236.25,,1009249.063,,,6256486,,,,Mitochondrial translation termination; Mitochondrial translation elongation; Mitochondrial ribosome-associated quality control
FALSE,High,Master Protein,Q80VD1,Protein FAM98B [OS=Mus musculus],0,17.408,17,6,26,4,45.3,Fam98b,,,,,,,,,,,,,,,,,,,,,,,
FALSE,High,Master Protein,Q99KR7,"Peptidyl-prolyl cis-trans isomerase F, mitochondrial [OS=Mus musculus]",0,17.385,30,4,39,4,21.7,Ppif,2.111,0.899,0.141064096,0.652145894,27495971,19396283,19014990.5,5140490,14154613,25036526,16531827,30566738,53102410,44776620.5,18964031,47348077.5,16041982.5,17597659,65580941,21793571,,,
FALSE,High,Master Protein,Q9Z1Z2,Serine-threonine kinase receptor-associated protein [OS=Mus musculus],0,17.376,33,7,20,7,38.4,Strap,1000,1000,,,,,,,,,,,23239996.5,14554520.88,33409473.25,24410972.5,2788009.75,1307783.125,7797768,16860786.5,,TGF-beta receptor signaling pathway,Downregulation of TGF-beta receptor signaling
FALSE,High,Master Protein,P68181,cAMP-dependent protein kinase catalytic subunit beta [OS=Mus musculus],0,17.344,14,5,33,1,40.7,Prkacb,,,,,,,,,,,,,,,,,,,,,,Chemokine signaling pathway; G protein signaling pathways; Myometrial relaxation and contraction pathways; Comprehensive IL-17A signaling; Calcium regulation in cardiac cells,Factors involved in megakaryocyte development and platelet production; Rap1 signalling; RET signaling; MAPK6/MAPK4 signaling; DARPP-32 events; CD209 (DC-SIGN) signaling; Glucagon-like Peptide-1 (GLP1) regulates insulin secretion; Vasopressin regulates renal water homeostasis via Aquaporins; High laminar flow shear stress activates signaling by PIEZO1 and PECAM1:CDH5:KDR in endothelial cells; VEGFA-VEGFR2 Pathway; GLI3 is processed to GLI3R by the proteasome; PKA activation; PKA activation in glucagon signalling; CREB1 phosphorylation through the activation of Adenylate Cyclase; HDL assembly; GPER1 signaling
FALSE,High,Master Protein,Q9WTM5,RuvB-like 2 [OS=Mus musculus],0,17.325,16,6,28,6,51.1,Ruvbl2,1000,1000,,,,,,,,,,,5730021,4658321,4061876.625,6066216,811760.875,,1760516.125,3767118.125,,,
FALSE,High,Master Protein,Q9CQ06,Large ribosomal subunit protein uL24m [OS=Mus musculus],0,17.269,25,4,27,4,24.9,Mrpl24,,0.001,,,,,,,1692929.375,1573713.5,1811542.375,,,,,,,,,,,,Mitochondrial translation elongation; Mitochondrial translation termination; Mitochondrial ribosome-associated quality control
FALSE,High,Master Protein,Q9D8X2,Coiled-coil domain-containing protein 124 [OS=Mus musculus],0,17.258,30,5,49,5,25.3,Ccdc124,,,,,,,,,,,,,,,,,,,,,,,
FALSE,High,Master Protein,Q922R8,Protein disulfide-isomerase A6 [OS=Mus musculus],0,17.155,13,4,21,4,48.1,Pdia6,,,,,,,,,,,,,,,,,,,,,,,Regulation of Insulin-like Growth Factor (IGF) transport and uptake by Insulin-like Growth Factor Binding Proteins (IGFBPs); Post-translational protein phosphorylation
FALSE,High,Master Protein,Q3UMB9,WASH complex subunit 4 [OS=Mus musculus],0,17.142,8,7,15,7,136.3,Washc4,1000,,,,,,,,,,,,2008167.625,,5030116.75,,,,,,,,
FALSE,High,Master Protein,Q91VC3,Eukaryotic initiation factor 4A-III [OS=Mus musculus],0,17.118,20,8,35,7,46.8,Eif4a3,1000,1000,,,,,,,,,,,18011320,14645060.25,15567613.75,15811861,18854028,23415593.69,20197004.88,3221781.25,,TNF-alpha NF-kB signaling pathway; mRNA processing,Nonsense Mediated Decay (NMD) enhanced by the Exon Junction Complex (EJC); Transport of Mature mRNA derived from an Intron-Containing Transcript; mRNA Splicing - Major Pathway; mRNA 3'-end processing; RNA Polymerase II Transcription Termination; ISG15 antiviral mechanism; Deadenylation of mRNA
FALSE,High,Master Protein,Q8BL97,Serine/arginine-rich splicing factor 7 [OS=Mus musculus],0,17.069,20,5,41,4,30.8,Srsf7,1.771,1000,0.034475316,,6391445,4978017.5,4166641,5326382,,,,,9943427,,10112814,10733160,4236598.5,,6961518,5297704.5,,mRNA processing,mRNA Splicing - Major Pathway; Transport of Mature mRNA derived from an Intron-Containing Transcript; mRNA 3'-end processing; RNA Polymerase II Transcription Termination; mRNA Splicing - Minor Pathway
FALSE,High,Master Protein,Q9CQJ6,Density-regulated protein [OS=Mus musculus],0,17.029,10,2,17,2,22.2,Denr,1000,0.608,,0.15944069,,,,,1376973.5,1442387,,,,595270.0625,2667528.75,1861191.75,737024.25,995928.875,,,,,
FALSE,High,Master Protein,Q9JKP5,Muscleblind-like protein 1 [OS=Mus musculus],0,16.995,20,6,25,6,37,Mbnl1,5.489,0.054,0.000250541,,3921428.75,2433754.75,2047343.5,3823959.75,1765580.125,1662072,1841096.75,,21360155.75,12086617.5,15067734.5,21154235,,,5443206,6254587,Acetyl [N-Term],mRNA processing; Adipogenesis genes,
FALSE,High,Master Protein,B7ZMP1,Xaa-Pro aminopeptidase 3 [OS=Mus musculus],0,16.945,16,5,20,5,56.6,Xpnpep3,1000,0.618,,0.346274408,3434099.75,,,,,3760860.75,3141097.75,2325181.75,7296646.25,2973058,6043236.875,2531406.5,986332.75,1736816.125,,1922307,,,
FALSE,High,Master Protein,Q8C2E7,WASH complex subunit 5 [OS=Mus musculus],0,16.864,6,6,12,6,134,Washc5,,,,,,,,,,,,,,,,,,,,,,,
FALSE,High,Master Protein,Q60634,Flotillin-2 [OS=Mus musculus],0,16.863,18,6,21,6,47,Flot2,1000,,,,,,,,,,,,3817987.25,3176896.5,2495652.25,5297446.5,,,,,,Dysregulated miRNA targeting in insulin/PI3K-AKT signaling; Insulin signaling,RHOA GTPase cycle; RHOB GTPase cycle; Synaptic adhesion-like molecules; RHOC GTPase cycle; RND3 GTPase cycle; RND1 GTPase cycle; Regulation of necroptotic cell death
FALSE,High,Master Protein,Q8CHT0,"Delta-1-pyrroline-5-carboxylate dehydrogenase, mitochondrial [OS=Mus musculus]",0,16.775,13,6,15,6,61.8,Aldh4a1,,0.001,,,,,,,,6415396.5,3226567.25,6219000,,,,,,,,,,,Glyoxylate metabolism and glycine degradation; Proline catabolism
FALSE,High,Master Protein,Q8CGB6,Tensin-2 [OS=Mus musculus],0,16.749,4,4,17,2,151.9,Tns2,,,,,,,,,,,,,,,,,,,,,,,
FALSE,High,Master Protein,Q3UHX2,28 kDa heat- and acid-stable phosphoprotein [OS=Mus musculus],0,16.72,15,2,12,2,20.6,Pdap1,1000,1000,,,,,,,,,,,3090755.063,2132131.313,2395759.313,2807264.125,1089931.719,,836880.5625,,,,Neutrophil degranulation
FALSE,High,Master Protein,Q8BLF1,Neutral cholesterol ester hydrolase 1 [OS=Mus musculus],0,16.708,16,6,24,6,45.7,Nceh1,1.042,0.663,0.941185727,0.151880122,7107527.5,5344362.25,1995323.375,3766739.25,1783159.5,4662313.375,4148169.125,2376197.25,5997294.5,3446253.75,3031856.75,4850815.375,1530181.375,2531755,3354922.75,,,,LDL clearance
FALSE,High,Master Protein,Q05512,Serine/threonine-protein kinase MARK2 [OS=Mus musculus],0,16.523,10,5,18,5,86.3,Mark2,1000,1000,,,,,,,,,,,2197047.25,1797755.625,1873248.75,2451565.5,,1624643.375,2825054.5,,,TNF-alpha NF-kB signaling pathway; Wnt signaling pathway,
FALSE,High,Master Protein,P04104,"Keratin, type II cytoskeletal 1 [OS=Mus musculus]",0,16.474,6,6,25,4,65.6,Krt1,0.001,0.001,,,39080266,41324847,14522615,8008581.5,89698202.38,253682077.5,10777724,20541502,,,,,,,,,,,Neutrophil degranulation; Formation of the cornified envelope
FALSE,High,Master Protein,Q91WJ8,Far upstream element-binding protein 1 [OS=Mus musculus],0,16.474,13,7,8,7,68.5,Fubp1,,,,,,,,,,,,,,,,,,,,,,,
FALSE,High,Master Protein,P23198,Chromobox protein homolog 3 [OS=Mus musculus],0,16.432,29,4,17,4,20.8,Cbx3,1000,2.514,,0.13442155,,,,,2294416.75,5633711.5,3517481.25,,22967726.5,16857005,9332123.5,22181946.5,4463992.875,6943569.5,11426789.25,7717220.25,,,Transcriptional Regulation by E2F6
FALSE,High,Master Protein,P46471,26S proteasome regulatory subunit 7 [OS=Mus musculus],0,16.429,15,6,20,6,48.6,Psmc2,,,,,,,,,,,,,,,,,,,,,Met-loss [N-Term],TNF-alpha NF-kB signaling pathway; Proteasome degradation,Neutrophil degranulation; MAPK6/MAPK4 signaling; AUF1 (hnRNP D0) binds and destabilizes mRNA; Ribosome Quality Control (RQC) complex extracts and degrades nascent peptide; FCERI mediated NF-kB activation; Downstream TCR signaling; Activation of NF-kappaB in B cells; Neddylation; Asymmetric localization of PCP proteins; Degradation of AXIN; Hedgehog 'on' state; Ub-specific processing proteases; Regulation of RUNX3 expression and activity; Antigen processing: Ubiquitination & Proteasome degradation; Autodegradation of Cdh1 by Cdh1:APC/C; APC/C:Cdc20 mediated degradation of Securin; APC/C:Cdh1 mediated degradation of Cdc20 and other APC/C:Cdh1 targeted proteins in late mitosis/early G1; Cdc20:Phospho-APC/C mediated degradation of Cyclin A; Separation of Sister Chromatids; Assembly of the pre-replicative complex; CDK-mediated phosphorylation and removal of Cdc6; The role of GTSE1 in G2/M progression after G2 checkpoint; UCH proteinases; Regulation of PTEN stability and activity; ABC-family proteins mediated transport; Regulation of RAS by GAPs; FBXL7 down-regulates AURKA during mitotic entry and in early mitosis; Degradation of CDH1; Regulation of ornithine decarboxylase (ODC); Oxygen-dependent proline hydroxylation of Hypoxia-inducible Factor Alpha; Cross-presentation of soluble exogenous antigens (endosomes); SCF(Skp2)-mediated degradation of p27/p21; Degradation of beta-catenin by the destruction complex; Autodegradation of the E3 ubiquitin ligase COP1; Degradation of DVL; Hedgehog ligand biogenesis; Dectin-1 mediated noncanonical NF-kB signaling; Degradation of GLI1 by the proteasome; GLI3 is processed to GLI3R by the proteasome; NIK-->noncanonical NF-kB signaling; Orc1 removal from chromatin; G2/M Checkpoints; Ubiquitin-Mediated Degradation of Phosphorylated Cdc25A; Ubiquitin-dependent degradation of Cyclin D; RUNX1 regulates transcription of genes involved in differentiation of HSCs; Regulation of RUNX2 expression and activity; Interleukin-1 signaling; KEAP1-NFE2L2 pathway; GSK3B and BTRC:CUL1-mediated-degradation of NFE2L2; Proteasome assembly; GSK3B-mediated proteasomal degradation of PD-L1(CD274); SPOP-mediated proteasomal degradation of PD-L1(CD274); AMPK-induced ERAD and lysosome mediated degradation of PD-L1(CD274); Degradation of CRY and PER proteins
FALSE,High,Master Protein,P62835,Ras-related protein Rap-1A [OS=Mus musculus],0,16.428,33,5,26,5,21,Rap1a,2.823,2.058,0.013657078,0.029570854,7948460.75,4562212.5,2375753.25,7933981.5,3004982.375,4650509.5,5470971,5890361.375,22636476,12764391.5,14753342,17562865,7574354.5,,14241288.5,9900820.5,,Hepatocyte growth factor receptor signaling; Chemokine signaling pathway; IL-3 signaling pathway; T cell receptor signaling pathway; Mapk signaling pathway; Na/K-ATPase/Src signaling; Integrin-mediated cell adhesion; Focal adhesion,Neutrophil degranulation; MAP2K and MAPK activation; Rap1 signalling; GRB2:SOS provides linkage to MAPK signaling for Integrins ; p130Cas linkage to MAPK signaling for integrins; ARMS-mediated activation; Glucagon-like Peptide-1 (GLP1) regulates insulin secretion; Frs2-mediated activation; MET activates RAP1 and RAC1
FALSE,High,Master Protein,Q80ZK0,Small ribosomal subunit protein uS10m [OS=Mus musculus],0,16.415,38,4,13,4,18.7,Mrps10,0.001,0.001,,,2749821.5,1412276,1496778.375,2056894.75,4131084,,4007597.5,1691974.125,,,,,,,4696328.5,,,,Mitochondrial protein degradation; Mitochondrial translation elongation; Mitochondrial translation termination; Mitochondrial ribosome-associated quality control
FALSE,High,Master Protein,Q9QWV4,Myeloid leukemia factor 1 [OS=Mus musculus],0,16.383,25,4,19,4,30.4,Mlf1,,,,,,,,,,,,,,,,,,,,,,,
FALSE,High,Master Protein,P62196,26S proteasome regulatory subunit 8 [OS=Mus musculus],0,16.346,14,4,17,4,45.6,Psmc5,1000,,,,,,,,,,,,,,,1504690.125,,,,,,Proteasome degradation,Ribosome Quality Control (RQC) complex extracts and degrades nascent peptide; Degradation of CDH1; FCERI mediated NF-kB activation; Downstream TCR signaling; Antigen processing: Ubiquitination & Proteasome degradation; Interleukin-1 signaling; Activation of NF-kappaB in B cells; Neddylation; Asymmetric localization of PCP proteins; Degradation of AXIN; Hedgehog 'on' state; Ub-specific processing proteases; Regulation of RUNX3 expression and activity; Autodegradation of Cdh1 by Cdh1:APC/C; APC/C:Cdc20 mediated degradation of Securin; APC/C:Cdh1 mediated degradation of Cdc20 and other APC/C:Cdh1 targeted proteins in late mitosis/early G1; Cdc20:Phospho-APC/C mediated degradation of Cyclin A; Separation of Sister Chromatids; Assembly of the pre-replicative complex; CDK-mediated phosphorylation and removal of Cdc6; The role of GTSE1 in G2/M progression after G2 checkpoint; MAPK6/MAPK4 signaling; UCH proteinases; Regulation of PTEN stability and activity; ABC-family proteins mediated transport; Regulation of RAS by GAPs; FBXL7 down-regulates AURKA during mitotic entry and in early mitosis; Regulation of ornithine decarboxylase (ODC); Oxygen-dependent proline hydroxylation of Hypoxia-inducible Factor Alpha; Cross-presentation of soluble exogenous antigens (endosomes); SCF(Skp2)-mediated degradation of p27/p21; Degradation of beta-catenin by the destruction complex; Autodegradation of the E3 ubiquitin ligase COP1; AUF1 (hnRNP D0) binds and destabilizes mRNA; Degradation of DVL; Hedgehog ligand biogenesis; Dectin-1 mediated noncanonical NF-kB signaling; Degradation of GLI1 by the proteasome; GLI3 is processed to GLI3R by the proteasome; NIK-->noncanonical NF-kB signaling; Orc1 removal from chromatin; G2/M Checkpoints; Ubiquitin-Mediated Degradation of Phosphorylated Cdc25A; Ubiquitin-dependent degradation of Cyclin D; RUNX1 regulates transcription of genes involved in differentiation of HSCs; Regulation of RUNX2 expression and activity; KEAP1-NFE2L2 pathway; GSK3B and BTRC:CUL1-mediated-degradation of NFE2L2; Proteasome assembly; GSK3B-mediated proteasomal degradation of PD-L1(CD274); SPOP-mediated proteasomal degradation of PD-L1(CD274); AMPK-induced ERAD and lysosome mediated degradation of PD-L1(CD274); Degradation of CRY and PER proteins
FALSE,High,Master Protein,Q61510,E3 ubiquitin/ISG15 ligase TRIM25 [OS=Mus musculus],0,16.337,9,5,17,5,71.7,Trim25,2.783,1.435,0.008601011,0.361660454,3125001,1826310.125,1553154.5,1677895.625,1373771.125,,3150697.75,2593476,5468564.25,4684391.375,5759126.25,5065349.25,1655066.75,2030762.75,5385498.25,2376246.5,,,PKR-mediated signaling; Termination of translesion DNA synthesis; Modulation of host responses by IFN-stimulated genes; ISG15 antiviral mechanism
FALSE,High,Master Protein,Q60760,Growth factor receptor-bound protein 10 [OS=Mus musculus],0,16.264,10,6,18,6,70.5,Grb10,,,,,,,,,,,,,,,,,,,,,,Kit receptor signaling pathway; EGFR1 signaling pathway; Insulin signaling,RET signaling; Signaling by SCF-KIT; FLT3 Signaling; IRS activation; Signal attenuation
FALSE,High,Master Protein,Q3UX10,Tubulin alpha chain-like 3 [OS=Mus musculus],0,16.248,7,3,56,1,50,Tubal3,,,,,,,,,,,,,,,,,,,,,,,Recruitment of NuMA to mitotic centrosomes; PKR-mediated signaling; Resolution of Sister Chromatid Cohesion; The role of GTSE1 in G2/M progression after G2 checkpoint; COPI-dependent Golgi-to-ER retrograde traffic; MHC class II antigen presentation; COPI-mediated anterograde transport; Kinesins; Separation of Sister Chromatids; RHO GTPases Activate Formins; EML4 and NUDC in mitotic spindle formation; Carboxyterminal post-translational modifications of tubulin; Microtubule-dependent trafficking of connexons from Golgi to the plasma membrane; HSP90 chaperone cycle for steroid hormone receptors (SHR) in the presence of ligand; Recycling pathway of L1; Cargo trafficking to the periciliary membrane; RHO GTPases activate IQGAPs; COPI-independent Golgi-to-ER retrograde traffic; Aggrephagy; Sealing of the nuclear envelope (NE) by ESCRT-III
FALSE,High,Master Protein,Q5EBG6,Heat shock protein beta-6 [OS=Mus musculus],0,16.246,36,4,37,4,17.5,Hspb6,1.431,1.448,0.000816435,0.027006385,12461377,11739987,9250646,8694179,8501458,10010055,8889943,7092622.5,17883820,15588822,13889757,12405330,9777050.875,13411250.75,15181869.13,11104679.75,,,
FALSE,High,Master Protein,Q99MN1,Lysine--tRNA ligase [OS=Mus musculus],0,16.204,13,6,28,6,67.8,Kars1,1000,,,,,,,,,,,,1904828.5,,1560798.875,,,,,,,,Transcriptional and post-translational regulation of MITF-M expression and activity
FALSE,High,Master Protein,Q8R361,Rab11 family-interacting protein 5 [OS=Mus musculus],0,16.196,8,4,18,4,69.5,Rab11fip5,,,,,,,,,,,,,,,,,,,,,,,
FALSE,High,Master Protein,Q9DC77,Small muscular protein [OS=Mus musculus],0,16.196,39,2,13,2,9.2,Smpx,1000,1000,,,,,,,,,,,2365426,1856079.625,2357752.5,2202803.75,3251169.25,7948658.75,3258160,4081612.5,,Striated muscle contraction,
FALSE,High,Master Protein,Q9DBN5,"Lon protease homolog 2, peroxisomal [OS=Mus musculus]",0,16.157,9,6,11,6,94.5,Lonp2,1000,1000,,,,,,,,,,,7678572,,2367380,,,,,1175494.125,,,Peroxisomal protein import
FALSE,High,Master Protein,Q6PHN9,Ras-related protein Rab-35 [OS=Mus musculus],0,16.126,31,5,31,3,23,Rab35,1000,1000,,,,481883.9063,,,,,,,3492261.75,3739766.25,4581394,,3779158.75,,2007701.25,5345914.5,,,RAB geranylgeranylation; RAB GEFs exchange GTP for GDP on RABs; TBC/RABGAPs
FALSE,High,Master Protein,O35465,Peptidyl-prolyl cis-trans isomerase FKBP8 [OS=Mus musculus],0,16.09,12,3,14,3,43.5,Fkbp8,1000,,,,,,,,,,,,1559497.875,,,,,,,,,,Ub-specific processing proteases
FALSE,High,Master Protein,Q9ERG0,LIM domain and actin-binding protein 1 [OS=Mus musculus],0,16.073,11,6,12,6,84,Lima1,1000,1000,,,,,,,,,,,1633871.75,,1857281.5,3310383.125,,,740819.3125,1667733.625,,,
FALSE,High,Master Protein,Q99KF1,Transmembrane emp24 domain-containing protein 9 [OS=Mus musculus],0,16.042,16,3,10,3,27.1,Tmed9,1.408,,0.020110029,,2761389.25,1669546.375,1248560.5,1563681,,,,,3598590.75,,1920420.5,2378876.25,,,,,,,COPI-dependent Golgi-to-ER retrograde traffic; COPI-mediated anterograde transport
FALSE,High,Master Protein,P99028,"Cytochrome b-c1 complex subunit 6, mitochondrial [OS=Mus musculus]",0,16.012,64,5,22,5,10.4,Uqcrh,0.001,0.001,,,1902818.25,1105937,,,2631039.5,2889063,,,,,,,,,,,,Electron transport chain,Respiratory electron transport; Complex III assembly
FALSE,High,Master Protein,P60824,Cold-inducible RNA-binding protein [OS=Mus musculus],0,15.952,33,4,18,4,18.6,Cirbp,45.757,1.734,0.268229544,0.084882363,2037987.125,,2316990.75,,2607530.75,2367974.75,,1746793.125,2700775.5,2930392.875,4851159.875,5692911.625,4015700.125,2894929,4066117.75,3411250.75,,mRNA processing,
FALSE,High,Master Protein,Q6ZWV7,Large ribosomal subunit protein uL29 [OS=Mus musculus],0,15.919,15,2,53,2,14.5,Rpl35,2.115,1.35,0.000757402,0.051549975,106183914,78694605,74601503,103509762,75691683,73343290,80642196,79312692,233657316.5,160035817,188136259.5,204420513.8,81957344,94576210.5,139618420.5,112027362.8,,Cytoplasmic ribosomal proteins,Ribosome Quality Control (RQC) complex extracts and degrades nascent peptide; ZNF598 and the Ribosome-associated Quality Trigger (RQT) complex dissociate a ribosome stalled on a no-go mRNA; GTP hydrolysis and joining of the 60S ribosomal subunit; L13a-mediated translational silencing of Ceruloplasmin expression; SRP-dependent cotranslational protein targeting to membrane; Major pathway of rRNA processing in the nucleolus and cytosol; Formation of a pool of free 40S subunits; Nonsense Mediated Decay (NMD) independent of the Exon Junction Complex (EJC); Nonsense Mediated Decay (NMD) enhanced by the Exon Junction Complex (EJC); PELO:HBS1L and ABCE1 dissociate a ribosome on a non-stop mRNA
FALSE,High,Master Protein,P60670,Nuclear protein localization protein 4 homolog [OS=Mus musculus],0,15.906,10,4,14,4,68,Nploc4,1000,1000,,,,,,,,,,,8796938.25,9903966,17773872.5,14590555.25,4241063,5845511.5,,1481283,,,Neddylation; KEAP1-NFE2L2 pathway; Translesion Synthesis by POLH
FALSE,High,Master Protein,Q9CQX2,Cytochrome b5 type B [OS=Mus musculus],0,15.886,40,3,12,3,16.3,Cyb5b,,,,,,,,,,,,,,,,,,,,,,Oxidation by cytochrome P450,Phase I - Functionalization of compounds; Sphingolipid de novo biosynthesis; eNOS activation
FALSE,High,Master Protein,P70414,Sodium/calcium exchanger 1 [OS=Mus musculus],0,15.87,5,3,11,3,108,Slc8a1,1000,0.001,,,,,4262832.5,,,5068068.5,7638902,5038212,3532888.5,10874413.25,8388692,5258055,,,2292934,,,,Ion homeostasis; Reduction of cytosolic Ca++ levels; Sodium/Calcium exchangers
FALSE,High,Master Protein,Q9CQL4,Large ribosomal subunit protein bL20m [OS=Mus musculus],0,15.858,29,3,24,3,17.6,Mrpl20,3.293,1.17,0.073650549,0.969498872,2790664.25,1182688.125,2175889.5,1111432.75,11706772,13122551.25,15568661.88,6373285.5,11339390,8276797.75,2251864.75,2965892.375,3974671.875,13437268,20814326,12870653,,,Mitochondrial translation elongation; Mitochondrial translation termination; Mitochondrial ribosome-associated quality control
FALSE,High,Master Protein,Q9DAT5,Mitochondrial tRNA-specific 2-thiouridylase 1 [OS=Mus musculus],0,15.852,13,4,13,4,47.2,Trmu,,0.001,,,,,,,4305801.75,6765467.25,1920113.125,,,,,,,,,,,,
FALSE,High,Master Protein,Q08943,FACT complex subunit SSRP1 [OS=Mus musculus],0,15.839,10,6,19,6,80.8,Ssrp1,1000,1000,,,,,,,,,,,5527736.5,3403606.5,3291365.5,6035769,,2306112,3286437.25,3248155.75,,Mechanisms associated with pluripotency,Formation of RNA Pol II elongation complex ; RNA Polymerase II Pre-transcription Events; Regulation of TP53 Activity through Phosphorylation; TP53 Regulates Transcription of DNA Repair Genes
FALSE,High,Master Protein,P56392,"Cytochrome c oxidase subunit 7A1, mitochondrial [OS=Mus musculus]",0,15.835,29,2,32,2,9,Cox7a1,1.231,0.358,0.348298858,0.000808375,30080010,9882483,5024055,11826811,63732781,125131814,77942386,74818627,23412470,12710245,10160614,13926436,17183336,42836364.5,29355326,27998196,,Electron transport chain,TP53 Regulates Metabolic Genes; Respiratory electron transport; Cytoprotection by HMOX1; Complex IV assembly
FALSE,High,Master Protein,P02301,Histone H3.3C [OS=Mus musculus],0,15.822,40,4,79,1,15.3,H3-5,0.001,0.001,,,422095072,445741664,323016264,168061520,200467056,389066720,214553686,261833360,,,53066776,,,,35279424,,,,
FALSE,High,Master Protein,Q9CWU6,Ubiquinol-cytochrome c reductase complex assembly factor 1 [OS=Mus musculus],0,15.792,15,4,29,4,34.3,Uqcc1,1.744,1.356,0.014428904,0.0637178,3543791,2092594.375,1831446.625,1402115.75,2022205.375,3787716.75,2679472,2666141,4757485,3489581.5,4156849.5,2558037.75,2310575.25,4207609.5,4313206.5,4314356,,,
FALSE,High,Master Protein,O54962,Barrier-to-autointegration factor [OS=Mus musculus],0,15.781,48,3,24,3,10.1,Banf1,1.882,1000,0.072316573,,7649351,5589720.5,,4013324.25,2258452.75,,,,9572704,11237811.5,18682254,7073095.5,,2268757.25,4657452,,,,Nuclear Envelope Breakdown; Initiation of Nuclear Envelope (NE) Reformation
FALSE,High,Master Protein,Q9CZB0,"Succinate dehydrogenase cytochrome b560 subunit, mitochondrial [OS=Mus musculus]",0,15.761,38,4,37,4,18.4,Sdhc,1.044,0.313,0.405097384,0.002315815,24645546,10032891,9468186,7830517,32956396,58164558.13,53629655.5,31537026.5,22686889.25,14557655.38,9907472.25,8163648.5,7564739,16302770.75,21327937,11027056,,Electron transport chain; TCA cycle,Maturation of TCA enzymes and regulation of TCA cycle; Citric acid cycle (TCA cycle)
FALSE,High,Master Protein,Q9QYB5,Gamma-adducin [OS=Mus musculus],0,15.745,14,7,19,7,78.7,Add3,0.001,0.001,,,1741442.875,2337158,2658635.25,2037843.125,1934399.125,2680815,2052206.25,2369669.25,,,3347457.5,,,,,,,,RHOD GTPase cycle; RHOF GTPase cycle; Miscellaneous transport and binding events
FALSE,High,Master Protein,Q9JII6,Aldo-keto reductase family 1 member A1 [OS=Mus musculus],0,15.729,28,7,13,7,36.6,Akr1a1,4.175,1000,3.34085E-05,,4165462.875,4498790.75,2788121.125,2511181.813,,,,,16559423,19721960.25,10720371,11121332.75,6150378.5,7943189,10164116,6935502,Acetyl [N-Term],Metapathway biotransformation,Glutathione conjugation; Formation of xylulose-5-phosphate
FALSE,High,Master Protein,P14576,Signal recognition particle subunit SRP54 [OS=Mus musculus],0,15.72,13,5,14,5,55.7,Srp54,52.645,1000,0.27452605,,2511633,,,1679721.25,,,,,6960928.25,5409909.5,5063535.75,2448705,785822.1875,1286239,6935295.75,3857868.625,,mRNA processing,SRP-dependent cotranslational protein targeting to membrane
FALSE,High,Master Protein,Q99KP6,Pre-mRNA-processing factor 19 [OS=Mus musculus],0,15.715,21,5,14,5,55.2,Prpf19,1000,1000,,,,,,,,,,,2820085.5,2793650.5,2905533.25,3178764.5,,3353542.75,3711051.5,3519317.75,Met-loss+Acetyl [N-Term]; Acetyl [N-Term],,mRNA Splicing - Major Pathway; Formation of TC-NER Pre-Incision Complex; Dual incision in TC-NER; Gap-filling DNA repair synthesis and ligation in TC-NER
FALSE,High,Master Protein,P63082,V-type proton ATPase 16 kDa proteolipid subunit c [OS=Mus musculus],0,15.684,12,1,33,1,15.8,Atp6v0c,0.054,0.001,2.57632E-05,,108905346.5,81758265.5,74513574,99302293,16045275.5,7010231.875,8949655,16541744.5,5628438,5575959,4146822.75,5144950.5,,,,,,,Neutrophil degranulation; Insulin receptor recycling; Amino acids regulate mTORC1; ROS and RNS production in phagocytes; Transferrin endocytosis and recycling; Ion channel transport
FALSE,High,Master Protein,Q99PR8,Heat shock protein beta-2 [OS=Mus musculus],0,15.678,35,4,11,4,20.4,Hspb2,,,,,,,,,,,,,,,,,,,,,,Mapk signaling pathway,
FALSE,High,Master Protein,P50396,Rab GDP dissociation inhibitor alpha [OS=Mus musculus],0,15.64,12,4,21,1,50.5,Gdi1,,,,,,,,,,,,,,,,,,,,,,,RAB GEFs exchange GTP for GDP on RABs
FALSE,High,Master Protein,Q80YD1,"ATP-dependent RNA helicase SUPV3L1, mitochondrial [OS=Mus musculus]",0,15.599,10,5,17,5,87,Supv3l1,,,,,,,,,,,,,,,,,,,,,,,
FALSE,High,Master Protein,Q8CJG0,Protein argonaute-2 [OS=Mus musculus],0,15.594,9,6,20,6,97.2,Ago2,1.005,0.458,0.75266846,0.055893937,3055145.25,1455608.875,1955359.5,2042094.25,2186950,2980172,2074686.875,2896627.5,2808407,1599570.5,2299809.75,1480438.25,,1457613,1493119.125,1240221.375,,,Transcriptional regulation by small RNAs; MicroRNA (miRNA) biogenesis; Small interfering RNA (siRNA) biogenesis; Post-transcriptional silencing by small RNAs
FALSE,High,Master Protein,Q3TIV5,Zinc finger CCCH domain-containing protein 15 [OS=Mus musculus],0,15.582,12,4,21,4,48.3,Zc3h15,1000,,,,,,,,,,,,,,,6132446,,,,,,,Protein hydroxylation
FALSE,High,Master Protein,P62852,Small ribosomal subunit protein eS25 [OS=Mus musculus],0,15.57,28,4,65,4,13.7,Rps25,1.895,1.345,0.000652381,0.044428202,140583584,94685904,93209636,116741604,105483680,119292540,122510280,104696604,277553536,172193624,201934344,208641552,122906404,143459680,216752264,157441916,,Cytoplasmic ribosomal proteins,"SRP-dependent cotranslational protein targeting to membrane; L13a-mediated translational silencing of Ceruloplasmin expression; Major pathway of rRNA processing in the nucleolus and cytosol; Formation of a pool of free 40S subunits; GTP hydrolysis and joining of the 60S ribosomal subunit; Nonsense Mediated Decay (NMD) independent of the Exon Junction Complex (EJC); Nonsense Mediated Decay (NMD) enhanced by the Exon Junction Complex (EJC); PELO:HBS1L and ABCE1 dissociate a ribosome on a non-stop mRNA; ZNF598 and the Ribosome-associated Quality Trigger (RQT) complex dissociate a ribosome stalled on a no-go mRNA; Translation initiation complex formation; Formation of the ternary complex, and subsequently, the 43S complex; Ribosomal scanning and start codon recognition"
FALSE,High,Master Protein,Q8BIG7,Catechol O-methyltransferase domain-containing protein 1 [OS=Mus musculus],0,15.557,24,4,13,4,28.9,Comtd1,0.025,,,,5418589,,3930093.25,4315932.5,,,,,3484289.25,2525752,,,,,,,,,
FALSE,High,Master Protein,Q9JLR9,"HIG1 domain family member 1A, mitochondrial [OS=Mus musculus]",0,15.537,20,2,13,2,10.4,Higd1a,1000,1000,,,,,,,2735187.25,,,,5531642,2816796.75,,,,3593299,3345136,3737898.75,Acetyl [N-Term]; Met-loss+Acetyl [N-Term],,Complex IV assembly
FALSE,High,Master Protein,P98086,Complement C1q subcomponent subunit A [OS=Mus musculus],0,15.511,22,4,20,4,26,C1qa,1000,1000,,,,,,,,,,,14296207.5,2963523,3855646.5,6747859.5,,,1497748.125,,,"Oxidative damage response; Complement activation, classical pathway; Microglia pathogen phagocytosis pathway; Complement and coagulation cascades",Classical antibody-mediated complement activation; Regulation of Complement cascade
FALSE,High,Master Protein,Q9D8B3,Charged multivesicular body protein 4b [OS=Mus musculus],0,15.507,28,4,13,4,24.9,Chmp4b,1000,1000,,,,,,,,,,,8185113.5,3434066.75,5321084.25,2859292,1113665.5,1156191.375,957928.1875,756676.375,,,Macroautophagy; Sealing of the nuclear envelope (NE) by ESCRT-III; Pyroptosis; Endosomal Sorting Complex Required For Transport (ESCRT)
FALSE,High,Master Protein,P0DOV2,Interferon-activable protein 204 [OS=Mus musculus],0,15.481,12,5,7,4,69.4,Ifi204,1000,,,,,,,,,,,,2236270.75,1834644.375,1415462.5,,,,,,,,Neutrophil degranulation
FALSE,High,Master Protein,Q9Z1E4,"Glycogen [starch] synthase, muscle [OS=Mus musculus]",0,15.437,9,5,13,5,83.9,Gys1,1000,1.65,,0.13616201,4713724.813,,,,968186.5,2515449,2127341.5,1541534.375,2414022.25,1654477,3382591.625,,1328457,2358290,6585490.75,3059064.75,,Focal adhesion: PI3K-Akt-mTOR signaling pathway; Glycogen metabolism; Insulin signaling,Glycogen synthesis
FALSE,High,Master Protein,Q9CPP6,NADH dehydrogenase [ubiquinone] 1 alpha subcomplex subunit 5 [OS=Mus musculus],0,15.409,38,3,21,3,13.4,Ndufa5,34.121,0.421,,0.115206064,,3392486.75,,,4047691.75,,10477396.5,2548641.75,,3949790,,3912923,1995634,3220726.25,3763315.25,,,Oxidative phosphorylation; Electron transport chain,RHOG GTPase cycle; Complex I biogenesis
FALSE,High,Master Protein,O08715,"A-kinase anchor protein 1, mitochondrial [OS=Mus musculus]",0,15.403,9,5,22,5,92.1,Akap1,0.001,1000,,,20158336,,7702029.5,12372894,,,,,,,3678368,,,2043594.125,,,,G protein signaling pathways; mRNA processing,Factors involved in megakaryocyte development and platelet production
FALSE,High,Master Protein,Q8C0I1,"Alkyldihydroxyacetonephosphate synthase, peroxisomal [OS=Mus musculus]",0,15.4,12,5,8,5,71.6,Agps,1000,1000,,,,,,1377966.625,,,,,6399440.75,3149211.75,4586674,5248835.25,,,1265783.375,,,Triacylglyceride synthesis,Peroxisomal protein import; Plasmalogen biosynthesis
FALSE,High,Master Protein,E9Q236,ATP-binding cassette sub-family C member 4 [OS=Mus musculus],0,15.348,6,7,11,7,148.8,Abcc4,,,,,,,,,,,,,,,,,,,,,,Tyrobp causal network in microglia,Platelet degranulation ; ABC-family proteins mediated transport; Paracetamol ADME; Azathioprine ADME
FALSE,High,Master Protein,E9Q3L2,Phosphatidylinositol 4-kinase alpha [OS=Mus musculus],0,15.32,4,6,11,6,236.9,Pi4ka,,,,,,,,,,,,,,,,,,,,,,,Synthesis of PIPs at the ER membrane; Synthesis of PIPs at the Golgi membrane
FALSE,High,Master Protein,Q3V3R1,"Monofunctional C1-tetrahydrofolate synthase, mitochondrial [OS=Mus musculus]",0,15.32,8,5,9,5,105.7,Mthfd1l,,,,,,,,,,,,,,,,,,,,,,One-carbon metabolism,Metabolism of folate and pterines
FALSE,High,Master Protein,Q62188,Dihydropyrimidinase-related protein 3 [OS=Mus musculus],0,15.314,16,5,10,3,61.9,Dpysl3,,,,,,,,,,,,,,,,,,,,,,,CRMPs in Sema3A signaling
FALSE,High,Master Protein,Q3TTY5,"Keratin, type II cytoskeletal 2 epidermal [OS=Mus musculus]",0,15.253,10,7,23,5,70.9,Krt2,0.001,0.001,,,11443272,16750012.88,7838996,3178161.313,21658879.5,57730429,7016992.75,7813052,,,,,,,,,,,Formation of the cornified envelope
FALSE,High,Master Protein,P62320,Small nuclear ribonucleoprotein Sm D3 [OS=Mus musculus],0,15.192,32,3,30,3,13.9,Snrpd3,1.605,1.407,0.002684457,0.030142339,8278287.5,5823393,6314907,7114598,3483584.75,4116017.75,6779202.5,4795069.5,13415313,10696848,10032580,10156498,4047035.25,5320412,11765171,7342254.5,,mRNA processing,snRNP Assembly; mRNA Splicing - Major Pathway; RNA Polymerase II Transcription Termination; mRNA Splicing - Minor Pathway; SLBP independent Processing of Histone Pre-mRNAs; SLBP Dependent Processing of Replication-Dependent Histone Pre-mRNAs
FALSE,High,Master Protein,Q38HM4,E3 ubiquitin-protein ligase TRIM63 [OS=Mus musculus],0,15.174,13,3,16,2,39.5,Trim63,1000,1000,,,,,,,,,,,3734601.75,3235011.5,6239788,6276796,2000221.625,3113237.25,3455647,4069498,,,Antigen processing: Ubiquitination & Proteasome degradation
FALSE,High,Master Protein,Q8R035,Large ribosomal subunit protein mL62 [OS=Mus musculus],0,15.104,18,3,22,3,23.5,Mrpl58,,0.001,,,,,,,802401.0625,1007839.813,1001868.688,529370.625,,,,,,,,,,,Mitochondrial translation elongation; Mitochondrial translation termination; Mitochondrial ribosome-associated quality control
FALSE,High,Master Protein,Q68FL6,"Methionine--tRNA ligase, cytoplasmic [OS=Mus musculus]",0,15.093,8,6,14,6,101.4,Mars1,1000,1000,,,,,,,,,,,4341359.5,2738509,3346263.5,1920700.25,,1257647.75,1949129.875,,,,Transcriptional and post-translational regulation of MITF-M expression and activity
FALSE,High,Master Protein,P11031,Activated RNA polymerase II transcriptional coactivator p15 [OS=Mus musculus],0,15.09,37,4,20,4,14.4,Sub1,70.571,1000,0.131765979,,,,2959222.25,5814132,,,,,12577516,15185571.5,14737736,16585589.25,,,12369047,22972498.5,,,
FALSE,High,Master Protein,P35922,Fragile X messenger ribonucleoprotein 1 [OS=Mus musculus],0,15.072,9,4,20,2,68.9,Fmr1,,,,,,,,,,,,,,,,,,,,,,,
FALSE,High,Master Protein,Q9Z1G4,V-type proton ATPase 116 kDa subunit a 1 [OS=Mus musculus],0,15.023,8,5,12,5,96.4,Atp6v0a1,,,,,,,,,,,,,,,,,,,,,,,Neutrophil degranulation; Insulin receptor recycling; ROS and RNS production in phagocytes; Transferrin endocytosis and recycling; Ion channel transport
FALSE,High,Master Protein,P54116,Stomatin [OS=Mus musculus],0,15,19,4,29,4,31.4,Stom,,,,,,,,,,,,,,,,,,,,,,,Neutrophil degranulation; RHOA GTPase cycle; RHOB GTPase cycle; RHOQ GTPase cycle; Stimuli-sensing channels; RHOC GTPase cycle; RHOH GTPase cycle
FALSE,High,Master Protein,Q8K1N1,Calcium-independent phospholipase A2-gamma [OS=Mus musculus],0,14.987,7,4,12,4,87.3,Pnpla8,61.238,1000,0.087735478,,1659493.375,1427986.625,,,,1348487,,,6223264.125,3880870.875,3995427.875,2229122.5,1022545.688,1289769.5,1337725.125,,,Eicosanoid synthesis,Acyl chain remodelling of PC; Acyl chain remodelling of PE
FALSE,High,Master Protein,Q9QZZ6,Dermatopontin [OS=Mus musculus],0,14.957,28,5,27,5,24,Dpt,0.001,0.001,,,14225801,6924127.5,7696356.5,14764304,4463348.5,6382454,4880913.5,8426977,,,,,,,,,,,
FALSE,High,Master Protein,Q8BW75,Amine oxidase [flavin-containing] B [OS=Mus musculus],0,14.949,12,5,19,4,58.5,Maob,,,,,,,,,,,,,,,,,,,,,,Tryptophan metabolism,Biogenic amines are oxidatively deaminated to aldehydes by MAOA and MAOB
FALSE,High,Master Protein,Q3TDQ1,Dolichyl-diphosphooligosaccharide--protein glycosyltransferase subunit STT3B [OS=Mus musculus],0,14.946,7,5,22,5,93.2,Stt3b,1000,1000,,,,,,,,,,,1084123.5,839256.0625,,,,,237668.2031,327013.8438,,,PD-L1(CD274) glycosylation and translocation to plasma membrane
FALSE,High,Master Protein,Q8C5Q4,G-rich sequence factor 1 [OS=Mus musculus],0,14.938,11,4,24,4,53,Grsf1,1000,1000,,,,,,,,,,,3786563,,2404628.75,,2459858,3285591.25,3711555.25,2000378.125,,Mechanisms associated with pluripotency; mRNA processing,
FALSE,High,Master Protein,P60766,Cell division control protein 42 homolog [OS=Mus musculus],0,14.91,25,4,20,4,21.2,Cdc42,1000,1000,,,,1038682.625,,,,,,,14620544.75,11588196.75,10614528.25,11367298.75,2548588.75,7060434.375,8107679.75,6281638.313,,Oxidative damage response; BDNF pathway; Chemokine signaling pathway; G13 signaling pathway; p38 Mapk signaling pathway; IL-3 signaling pathway; T cell receptor signaling pathway; Mapk signaling pathway; Regulation of actin cytoskeleton; Comprehensive IL-17A signaling; EGFR1 signaling pathway; Integrin-mediated cell adhesion; Focal adhesion,MAPK6/MAPK4 signaling; RAC1 GTPase cycle; RHOG GTPase cycle; RAC2 GTPase cycle; RAC3 GTPase cycle; Regulation of actin dynamics for phagocytic cup formation; CDC42 GTPase cycle; RHOQ GTPase cycle; Factors involved in megakaryocyte development and platelet production; RHO GTPases Activate Formins; EGFR downregulation; RHO GTPases activate IQGAPs; EPHB-mediated forward signaling; RHOU GTPase cycle; GPVI-mediated activation cascade; RHOV GTPase cycle; RHO GTPases activate PAKs; VEGFA-VEGFR2 Pathway; Myogenesis; RHO GTPases activate KTN1; CD28 dependent Vav1 pathway; G beta:gamma signalling through CDC42; RHO GTPases Activate WASPs and WAVEs; DCC mediated attractive signaling
FALSE,High,Master Protein,Q9CZ30,Obg-like ATPase 1 [OS=Mus musculus],0,14.894,15,5,28,5,44.7,Ola1,42.925,0.428,0.074515746,0.043686656,2132672,,1751021.5,,5977572.75,9763254,7852269,6501121.75,3455299.5,6183161,3226291.75,2323842,2235951.25,3628578.5,7063690.5,3186281.75,,,Platelet degranulation
FALSE,High,Master Protein,O35381,Acidic leucine-rich nuclear phosphoprotein 32 family member A [OS=Mus musculus],0,14.874,19,4,18,3,28.5,Anp32a,1.453,1000,0.1028802,,,4067382.5,5966151.5,4251304,7272761,,,,4800004,5276254.5,6837823,6915045.5,2194523,2720022.5,5946020.5,3509355.75,,,HuR (ELAVL1) binds and stabilizes mRNA
FALSE,High,Master Protein,Q8CBE3,WD repeat-containing protein 37 [OS=Mus musculus],0,14.865,11,5,16,5,55,Wdr37,,,,,,,,,,,,,,,,,,,,,,,
FALSE,High,Master Protein,Q99N95,Large ribosomal subunit protein uL3m [OS=Mus musculus],0,14.846,20,5,13,5,39.1,Mrpl3,1000,1.802,,0.24563052,,,,,2603031.5,3821435,2964521.25,,3643852,1731909,2784775.25,1641708.125,3415120.75,4060810.75,7333558,3203758.25,,,Mitochondrial translation elongation; Mitochondrial translation termination; Mitochondrial ribosome-associated quality control
FALSE,High,Master Protein,P61222,ATP-binding cassette sub-family E member 1 [OS=Mus musculus],0,14.843,11,5,14,5,67.3,Abce1,1000,1000,,,,,,,,,,,2051508.875,,2109349.25,,,,2370963.25,757941.5625,,,PELO:HBS1L and ABCE1 dissociate a ribosome on a non-stop mRNA; Interferon alpha/beta signaling; OAS antiviral response
FALSE,High,Master Protein,Q6DVA0,LEM domain-containing protein 2 [OS=Mus musculus],0,14.841,13,5,25,5,57.5,Lemd2,1000,1000,,,,,,,,,,,2393742.5,,,3594340.25,,2900420.25,,,Acetyl [N-Term],,
FALSE,High,Master Protein,Q9Z1D1,Eukaryotic translation initiation factor 3 subunit G [OS=Mus musculus],0,14.814,19,5,24,5,35.6,Eif3g,1000,1000,,,,,,,,,,,20073272,7671485,22066645,12639296.13,4432787.25,8015783.438,9568241.5,8091915.625,,Translation factors; mRNA processing,"L13a-mediated translational silencing of Ceruloplasmin expression; Formation of a pool of free 40S subunits; GTP hydrolysis and joining of the 60S ribosomal subunit; Translation initiation complex formation; Formation of the ternary complex, and subsequently, the 43S complex; Ribosomal scanning and start codon recognition"
FALSE,High,Master Protein,Q9WTX5,S-phase kinase-associated protein 1 [OS=Mus musculus],0,14.721,33,4,8,4,18.7,Skp1,,,,,,,,,,,,,,,,,,,,,,TNF-alpha NF-kB signaling pathway; TGF-beta receptor signaling pathway; Delta-Notch signaling pathway; Wnt signaling pathway,Regulation of PLK1 Activity at G2/M Transition; Neddylation; FCERI mediated NF-kB activation; Downstream TCR signaling; Activation of NF-kappaB in B cells; Antigen processing: Ubiquitination & Proteasome degradation; Iron uptake and transport; FBXL7 down-regulates AURKA during mitotic entry and in early mitosis; SCF(Skp2)-mediated degradation of p27/p21; Degradation of beta-catenin by the destruction complex; Dectin-1 mediated noncanonical NF-kB signaling; Degradation of GLI1 by the proteasome; GLI3 is processed to GLI3R by the proteasome; NIK-->noncanonical NF-kB signaling; Orc1 removal from chromatin; Ubiquitin-Mediated Degradation of Phosphorylated Cdc25A; Regulation of RUNX2 expression and activity; GSK3B and BTRC:CUL1-mediated-degradation of NFE2L2; GSK3B-mediated proteasomal degradation of PD-L1(CD274); Cyclin D associated events in G1; MAP3K8 (TPL2)-dependent MAPK1/3 activation; Prolactin receptor signaling; SCF-beta-TrCP mediated degradation of Emi1; Regulation of BACH1 activity
FALSE,High,Master Protein,Q9CQ40,Large ribosomal subunit protein mL49 [OS=Mus musculus],0,14.677,16,2,18,2,19.1,Mrpl49,0.001,0.644,,0.020224017,1861681.125,,1353080.25,1680266.625,5596312,4999246,5898993,3195449.25,,,,1881315.5,2872744,2855930,4615578.5,2319953,,,Mitochondrial translation termination; Mitochondrial translation elongation; Mitochondrial ribosome-associated quality control
FALSE,High,Master Protein,Q9R233,Tapasin [OS=Mus musculus],0,14.667,14,4,14,4,49.7,Tapbp,,,,,,,,,,,,,,,,,,,,,,VEGFA-VEGFR2 signaling,"ER-Phagosome pathway; Antigen Presentation: Folding, assembly and peptide loading of class I MHC"
FALSE,High,Master Protein,Q9DBG7,Signal recognition particle receptor subunit alpha [OS=Mus musculus],0,14.609,11,6,10,6,69.6,Srpra,1000,1000,,,,,,,,,,,3405720,1290926.625,,5381019,,,2018196.375,1870060,,,
FALSE,High,Master Protein,Q8C1Q6,Ubiquinol-cytochrome c reductase complex assembly factor 5 [OS=Mus musculus],0,14.592,29,3,24,3,9.7,Uqcc5,1000,1000,,,,,,,,,,,4214399.5,2362664.688,2456386.75,2703497.5,3212003.625,3427635.375,4894616.125,3560192.75,,,
FALSE,High,Master Protein,Q99KC8,von Willebrand factor A domain-containing protein 5A [OS=Mus musculus],0,14.579,6,4,14,4,87.1,Vwa5a,1000,1000,,,,,,,,,,,5729256.75,5002840.5,1902309.75,2209206.75,,,,1498581.75,,,
FALSE,High,Master Protein,Q60749,"KH domain-containing, RNA-binding, signal transduction-associated protein 1 [OS=Mus musculus]",0,14.56,8,2,19,2,48.3,Khdrbs1,52.212,0.937,0.150425631,0.612455967,,2911987.25,,8526461,4928818.5,4985848.5,8550589,6983233.5,22995420,7938446.5,16793257,15749667.5,,7676175.5,8544323,6140842.5,,T cell receptor signaling pathway,PTK6 Regulates Proteins Involved in RNA Processing
FALSE,High,Master Protein,Q9CY16,Small ribosomal subunit protein bS1m [OS=Mus musculus],0,14.538,27,4,24,4,20.5,Mrps28,1.338,1.374,0.258983023,0.22837499,1683605.375,903414.75,2631362.25,2894260,2497939.5,3772838.5,5015035.5,2920483,4780543.5,1693482.75,2511961,2630591.625,3424001.625,3053262,8662826,4021900.375,,mRNA processing,Mitochondrial translation termination; Mitochondrial translation elongation; Mitochondrial ribosome-associated quality control
FALSE,High,Master Protein,Q9ET80,Junctophilin-1 [OS=Mus musculus],0,14.493,3,2,24,1,71.9,Jph1,,,,,,,,,,,,,,,,,,,,,,,
FALSE,High,Master Protein,P61027,Ras-related protein Rab-10 [OS=Mus musculus],0,14.427,23,4,41,2,22.5,Rab10,,,,,,,,,,,,,,,,,,,,,,Focal adhesion: PI3K-Akt-mTOR signaling pathway; Comprehensive IL-17A signaling,Neutrophil degranulation; RAB GEFs exchange GTP for GDP on RABs; RAB geranylgeranylation
FALSE,High,Master Protein,Q9JLC8,Sacsin [OS=Mus musculus],0,14.279,1,4,15,4,520.4,Sacs,1000,1000,,,,,,,,,,,5372741.5,2194411.75,3633462,2286187.75,2465356.875,,1199189.75,4022974.25,,,
FALSE,High,Master Protein,Q3V132,ADP/ATP translocase 4 [OS=Mus musculus],0,14.261,12,4,91,1,35.2,Slc25a31,,,,,,,,,,,,,,,,,,,,,,,
FALSE,High,Master Protein,O54879,High mobility group protein B3 [OS=Mus musculus],0,14.244,20,3,17,3,23,Hmgb3,72.056,1.521,0.144765971,0.019068199,,,3307480.25,6322821.5,13312611.5,10573488,19728266,15071023,8735763.75,12553884.75,17172866,17676904.5,15966265.5,19527323.5,29809701,23074139,,,
FALSE,High,Master Protein,Q7TQG1,Pleckstrin homology domain-containing family A member 6 [OS=Mus musculus],0,14.224,7,6,16,6,131.3,Plekha6,,,,,,,,,,,,,,,,,,,,,,,Synthesis of PIPs at the plasma membrane
FALSE,High,Master Protein,P63168,"Dynein light chain 1, cytoplasmic [OS=Mus musculus]",0,14.161,37,2,27,1,10.4,Dynll1,,,,,,,,,,,,,,,,,,,,,,,MHC class II antigen presentation; Aggrephagy; Separation of Sister Chromatids; Neutrophil degranulation; COPI-mediated anterograde transport; Anchoring of the basal body to the plasma membrane; Amplification  of signal from unattached  kinetochores via a MAD2  inhibitory signal; Resolution of Sister Chromatid Cohesion; Regulation of PLK1 Activity at G2/M Transition; Loss of Nlp from mitotic centrosomes; Recruitment of mitotic centrosome proteins and complexes; Recruitment of NuMA to mitotic centrosomes; RHO GTPases Activate Formins; AURKA Activation by TPX2; EML4 and NUDC in mitotic spindle formation; Macroautophagy; Intraflagellar transport; HSP90 chaperone cycle for steroid hormone receptors (SHR) in the presence of ligand; COPI-independent Golgi-to-ER retrograde traffic; Activation of BIM and translocation to mitochondria
FALSE,High,Master Protein,Q01815,Voltage-dependent L-type calcium channel subunit alpha-1C [OS=Mus musculus],0,14.115,3,4,16,4,240,Cacna1c,,,,,,,,,,,,,,,,,,,,,,Alzheimer's disease; Calcium regulation in cardiac cells,Regulation of insulin secretion; Phase 0 - rapid depolarisation; Phase 2 - plateau phase
FALSE,High,Master Protein,P54823,Probable ATP-dependent RNA helicase DDX6 [OS=Mus musculus],0,14.114,15,5,13,5,54.2,Ddx6,1000,1000,,,,,,,,,,,3403816.25,,2479984.25,1944022.125,,2106477.25,1004236.125,,,mRNA processing,mRNA decay by 5' to 3' exoribonuclease
FALSE,High,Master Protein,P56501,Putative mitochondrial transporter UCP3 [OS=Mus musculus],0,14.058,13,3,24,3,33.9,Ucp3,,,,,,,,,,,,,,,,,,,,,,Electron transport chain; Exercise-induced circadian regulation,The fatty acid cycling model
FALSE,High,Master Protein,Q9JLV6,Bifunctional polynucleotide phosphatase/kinase [OS=Mus musculus],0,14.055,11,4,9,4,57.2,Pnkp,1000,1000,,,,,,,,,,,2765565.25,1738652.5,2698752.5,1887560.125,,,1838363,,,,APEX1-Independent Resolution of AP Sites via the Single Nucleotide Replacement Pathway
FALSE,High,Master Protein,Q3U7R1,Extended synaptotagmin-1 [OS=Mus musculus],0,14.018,6,4,9,4,121.5,Esyt1,,,,,,,,,,,,,,,,,,,,,,,RAC1 GTPase cycle; RHOG GTPase cycle; RAC2 GTPase cycle; RAC3 GTPase cycle; RHOF GTPase cycle; RHOD GTPase cycle; Glycosphingolipid transport
FALSE,High,Master Protein,Q9CZS1,"Aldehyde dehydrogenase X, mitochondrial [OS=Mus musculus]",0,14.017,10,3,8,3,57.5,Aldh1b1,0.316,,,,6329316.75,,,,,,,,2001383,,,,,,,,,,Mitochondrial protein degradation; Ethanol oxidation
FALSE,High,Master Protein,P52479,Ubiquitin carboxyl-terminal hydrolase 10 [OS=Mus musculus],0,13.993,8,4,19,4,87,Usp10,1000,1000,,,,,,,,,,,10342862.5,6516364,5643276,7611635.5,1286173.75,3464534.75,4344453.75,4658081.25,,,Ub-specific processing proteases; Termination of translesion DNA synthesis
FALSE,High,Master Protein,Q80X50,Ubiquitin-associated protein 2-like [OS=Mus musculus],0,13.976,4,3,22,3,116.7,Ubap2l,1000,1000,,,,,,,,,,,8488936,6590454.375,1110345.375,9099178.25,4363284.75,3530318.25,1138278.5,1584211.25,,,
FALSE,High,Master Protein,P70248,Unconventional myosin-If [OS=Mus musculus],0,13.969,5,4,10,3,125.9,Myo1f,,,,,,,,,,,,,,,,,,,,,,,
FALSE,High,Master Protein,P19973,Lymphocyte-specific protein 1 [OS=Mus musculus],0,13.966,15,4,17,4,36.7,Lsp1,1000,0.001,,,,19517284,,,,,6763621.5,,4511269,4864543.5,4499050.5,4565342,,,,,,,
FALSE,High,Master Protein,Q9Z130,Heterogeneous nuclear ribonucleoprotein D-like [OS=Mus musculus],0,13.95,10,3,46,1,33.5,Hnrnpdl,0.906,0.541,0.384297685,0.020443937,4357229.5,4967748,4318440.5,,,5833789,6863526,4819147.5,5257963,2929260.25,2938658.5,3772086,1657341.875,2651422.25,3236852.5,2985974.5,,,
FALSE,High,Master Protein,Q6WVG3,BTB/POZ domain-containing protein KCTD12 [OS=Mus musculus],0,13.92,16,4,19,3,35.9,Kctd12,,,,,,,,,,,,,,,,,,,,,,,
FALSE,High,Master Protein,P01027,Complement C3 [OS=Mus musculus],0,13.92,4,4,6,4,186.4,C3,29.916,0.001,,,3330380.25,,,,3894746,2438298.25,,2070790.875,2980513.75,,,1920119.75,,,,2012112.875,,"Complement activation, classical pathway; Tyrobp causal network in microglia; Complement and coagulation cascades; Comprehensive IL-17A signaling",Immunoregulatory interactions between a Lymphoid and a non-Lymphoid cell; Regulation of Complement cascade; Neutrophil degranulation; Regulation of Insulin-like Growth Factor (IGF) transport and uptake by Insulin-like Growth Factor Binding Proteins (IGFBPs); Post-translational protein phosphorylation; G alpha (i) signalling events; Peptide ligand-binding receptors; Alternative complement activation; Activation of C3 and C5
FALSE,High,Master Protein,P59325,Eukaryotic translation initiation factor 5 [OS=Mus musculus],0,13.886,10,5,20,5,48.9,Eif5,94.482,,0.019814559,,,1683068.25,,2162082.75,,,,,23961703.63,15024520.72,14954025,16910610.31,,,,,,Translation factors,GTP hydrolysis and joining of the 60S ribosomal subunit; Ribosomal scanning and start codon recognition
FALSE,High,Master Protein,Q8BH04,"Phosphoenolpyruvate carboxykinase [GTP], mitochondrial [OS=Mus musculus]",0,13.878,10,5,11,5,70.5,Pck2,,,,,,,,,,,,,,,,,,,,,,PPAR signaling pathway; Adipogenesis genes,Gluconeogenesis
FALSE,High,Master Protein,Q66GT5,Phosphatidylglycerophosphatase and protein-tyrosine phosphatase 1 [OS=Mus musculus],0,13.877,22,3,22,3,21.9,Ptpmt1,1.312,0.526,0.130461069,0.001591362,4751493,2914527.75,2115783.25,2630256,5966571,6405944.5,6732624.5,4719096,4813176,3673347,4618197,3594705.75,3103188.75,4155603.25,3574712.5,2454501,,,
FALSE,High,Master Protein,Q8BGC4,Prostaglandin reductase-3 [OS=Mus musculus],0,13.851,16,5,25,5,40.5,Ptgr3,0.001,0.001,,,5124273,4898993,2918099.25,,,,3356465.5,1935459.875,,,,,,,,,,,
FALSE,High,Master Protein,Q60864,Stress-induced-phosphoprotein 1 [OS=Mus musculus],0,13.845,9,5,17,5,62.5,Stip1,1000,1000,,,,,,,,,,,6953136,6902762.75,6566526.25,5532542,2122529.75,1776509.5,3126324,2224598.25,,,HSP90 chaperone cycle for steroid hormone receptors (SHR) in the presence of ligand; RND1 GTPase cycle
FALSE,High,Master Protein,Q9CYR0,"Single-stranded DNA-binding protein, mitochondrial [OS=Mus musculus]",0,13.782,21,3,18,3,17.3,Ssbp1,0.001,0.001,,,,1490917.75,,,4505463,3782587.5,,2944422.5,,,,,,,,,,,Mitochondrial protein degradation; Strand-asynchronous mitochondrial DNA replication
FALSE,High,Master Protein,O35286,ATP-dependent RNA helicase DHX15 [OS=Mus musculus],0,13.779,7,6,24,6,90.9,Dhx15,7.497,1000,0.000850745,,2436443.75,1174353.375,1622339.25,1509828.375,,,2204923.75,,10978938,9921250.375,12470369,11040968.75,2067110.125,5070507.5,8458426.5,7212727.25,,mRNA processing,mRNA Splicing - Major Pathway
FALSE,High,Master Protein,Q9CS72,Filamin-A-interacting protein 1 [OS=Mus musculus],0,13.778,6,6,15,6,137.8,Filip1,1000,1000,,,,,,,,,,,5584614.375,3104278.438,4078460.625,2298366.25,1786174,,3872283.5,,,,RHOD GTPase cycle
FALSE,High,Master Protein,Q3TXS7,26S proteasome non-ATPase regulatory subunit 1 [OS=Mus musculus],0,13.768,8,5,11,5,105.7,Psmd1,1000,,,,,,,,,,,,2729924.75,2890115,3618812,2284282,,,,,,TNF-alpha NF-kB signaling pathway,Antigen processing: Ubiquitination & Proteasome degradation; Neutrophil degranulation; MAPK6/MAPK4 signaling; Separation of Sister Chromatids; FCERI mediated NF-kB activation; Downstream TCR signaling; Ribosome Quality Control (RQC) complex extracts and degrades nascent peptide; Activation of NF-kappaB in B cells; Neddylation; Asymmetric localization of PCP proteins; Degradation of AXIN; Hedgehog 'on' state; Ub-specific processing proteases; Regulation of RUNX3 expression and activity; Autodegradation of Cdh1 by Cdh1:APC/C; APC/C:Cdc20 mediated degradation of Securin; APC/C:Cdh1 mediated degradation of Cdc20 and other APC/C:Cdh1 targeted proteins in late mitosis/early G1; Cdc20:Phospho-APC/C mediated degradation of Cyclin A; Assembly of the pre-replicative complex; CDK-mediated phosphorylation and removal of Cdc6; The role of GTSE1 in G2/M progression after G2 checkpoint; UCH proteinases; Regulation of PTEN stability and activity; ABC-family proteins mediated transport; Regulation of RAS by GAPs; FBXL7 down-regulates AURKA during mitotic entry and in early mitosis; Degradation of CDH1; Regulation of ornithine decarboxylase (ODC); Oxygen-dependent proline hydroxylation of Hypoxia-inducible Factor Alpha; Cross-presentation of soluble exogenous antigens (endosomes); SCF(Skp2)-mediated degradation of p27/p21; Degradation of beta-catenin by the destruction complex; Autodegradation of the E3 ubiquitin ligase COP1; AUF1 (hnRNP D0) binds and destabilizes mRNA; Degradation of DVL; Hedgehog ligand biogenesis; Dectin-1 mediated noncanonical NF-kB signaling; Degradation of GLI1 by the proteasome; GLI3 is processed to GLI3R by the proteasome; NIK-->noncanonical NF-kB signaling; Orc1 removal from chromatin; G2/M Checkpoints; Ubiquitin-Mediated Degradation of Phosphorylated Cdc25A; Ubiquitin-dependent degradation of Cyclin D; RUNX1 regulates transcription of genes involved in differentiation of HSCs; Regulation of RUNX2 expression and activity; Interleukin-1 signaling; KEAP1-NFE2L2 pathway; GSK3B and BTRC:CUL1-mediated-degradation of NFE2L2; Proteasome assembly; GSK3B-mediated proteasomal degradation of PD-L1(CD274); SPOP-mediated proteasomal degradation of PD-L1(CD274); AMPK-induced ERAD and lysosome mediated degradation of PD-L1(CD274); Degradation of CRY and PER proteins
FALSE,High,Master Protein,Q8K0L0,Ankyrin repeat and SOCS box protein 2 [OS=Mus musculus],0,13.749,12,6,24,6,70.2,Asb2,,,,,,,,,,,,,,,,,,,,,,,
FALSE,High,Master Protein,Q9DCH4,Eukaryotic translation initiation factor 3 subunit F [OS=Mus musculus],0,13.733,17,5,12,5,38,Eif3f,1000,,,,,,,,,,,,7478873,,,,,,,,,Translation factors,"L13a-mediated translational silencing of Ceruloplasmin expression; Formation of a pool of free 40S subunits; GTP hydrolysis and joining of the 60S ribosomal subunit; Translation initiation complex formation; Ribosomal scanning and start codon recognition; Formation of the ternary complex, and subsequently, the 43S complex"
FALSE,High,Master Protein,Q9Z1R2,Large proline-rich protein BAG6 [OS=Mus musculus],0,13.73,6,4,13,4,121,Bag6,,,,,,,,,,,,,,,,,,,,,,,
FALSE,High,Master Protein,Q9QUI0,Transforming protein RhoA [OS=Mus musculus],0,13.723,22,4,32,4,21.8,Rhoa,5.689,1000,0.000471315,,3465600.5,3345698.75,3451176.75,3177302.75,,,,,22017066.63,20825266.06,14177521.25,16520874.25,6090515.219,9262318.375,11114533.78,6928666.5,,MicroRNAs in cardiomyocyte hypertrophy; Chemokine signaling pathway; G protein signaling pathways; Spinal cord injury; B cell receptor signaling pathway; G13 signaling pathway; Wnt signaling in kidney disease; Wnt signaling; Alpha 6 beta 4 integrin signaling pathway; Fibrin complement receptor 3 signaling pathway; Regulation of actin cytoskeleton; Comprehensive IL-17A signaling; Wnt signaling pathway; Wnt signaling pathway and pluripotency; Focal adhesion,"Neutrophil degranulation; RHOA GTPase cycle; RHOC GTPase cycle; VEGFA-VEGFR2 Pathway; ERBB2 Regulates Cell Motility; Ovarian tumor domain proteases; G alpha (12/13) signalling events; RHO GTPases Activate Formins; EPHB-mediated forward signaling; GPVI-mediated activation cascade; PTK6 Regulates RHO GTPases, RAS GTPase and MAP kinases; RHO GTPases activate CIT; EPHA-mediated growth cone collapse; PI3K/AKT activation; Sema4D mediated inhibition of cell attachment and migration; Sema4D induced cell migration and growth-cone collapse; PCP/CE pathway; RHO GTPases activate PKNs; RHO GTPases activate KTN1; TGF-beta receptor signaling in EMT (epithelial to mesenchymal transition); RHO GTPases Activate Rhotekin and Rhophilins; SLIT2:ROBO1 increases RHOA activity; Axonal growth stimulation; Axonal growth inhibition (RHOA activation); G beta:gamma signalling through PI3Kgamma; RHO GTPases Activate ROCKs"
FALSE,High,Master Protein,P62743,AP-2 complex subunit sigma [OS=Mus musculus],0,13.711,31,4,17,4,17,Ap2s1,,,,,,,,,,,,,,,,,,,,,,,"MHC class II antigen presentation; Recycling pathway of L1; Cargo recognition for clathrin-mediated endocytosis; LDL clearance; Trafficking of GluR2-containing AMPA receptors; Retrograde neurotrophin signalling; WNT5A-dependent internalization of FZD4; WNT5A-dependent internalization of FZD2, FZD5 and ROR2; VLDLR internalisation and degradation"
FALSE,High,Master Protein,Q99P88,Nuclear pore complex protein Nup155 [OS=Mus musculus],0,13.695,4,4,13,4,155,Nup155,,,,,,,,,,,,,,,,,,,,,,,Transport of the SLBP independent Mature mRNA; Transport of the SLBP Dependant Mature mRNA; Transport of Mature mRNA Derived from an Intronless Transcript; Transport of Mature mRNA derived from an Intron-Containing Transcript; Regulation of Glucokinase by Glucokinase Regulatory Protein; IPs transport between nucleus and cytosol; IP3 and IP4 transport between cytosol and nucleus; IP6 and IP7 transport between cytosol and nucleus; snRNP Assembly; SUMOylation of DNA damage response and repair proteins; SUMOylation of ubiquitinylation proteins; Nuclear Pore Complex (NPC) Disassembly; Regulation of HSF1-mediated heat shock response; SUMOylation of SUMOylation proteins; SUMOylation of chromatin organization proteins; SUMOylation of RNA binding proteins; SUMOylation of DNA replication proteins; Transcriptional regulation by small RNAs; Postmitotic nuclear pore complex (NPC) reformation
FALSE,High,Master Protein,Q9CRD0,OCIA domain-containing protein 1 [OS=Mus musculus],0,13.63,16,2,6,2,27.6,Ociad1,1000,1000,,,,,,,,,,,4324332.375,,,2868479.375,,,1507405.375,,,,
FALSE,High,Master Protein,Q91XD2,LIM and senescent cell antigen-like-containing domain protein 2 [OS=Mus musculus],0,13.629,16,5,47,1,39,Lims2,,,,,,,,,,,,,,,,,,,,,,,Cell-extracellular matrix interactions
FALSE,High,Master Protein,Q02105,Complement C1q subcomponent subunit C [OS=Mus musculus],0,13.622,17,3,15,3,26,C1qc,1000,1000,,,,,,,,,,,7893983.5,4867163.5,,3879005.25,,,,1849568.625,,"Oxidative damage response; Complement activation, classical pathway; Tyrobp causal network in microglia; Microglia pathogen phagocytosis pathway; Complement and coagulation cascades",Classical antibody-mediated complement activation; Regulation of Complement cascade
FALSE,High,Master Protein,Q99PU8,ATP-dependent RNA helicase DHX30 [OS=Mus musculus],0,13.616,6,7,22,7,136.6,Dhx30,1000,1000,,,,,,,,,,,2727635.75,1670687,3344276.25,1530859.875,891357.125,1177710.875,2522400.75,1251264.25,,,
FALSE,High,Master Protein,Q9D1H9,Microfibril-associated glycoprotein 4 [OS=Mus musculus],0,13.6,9,2,22,2,28.9,Mfap4,0.431,0.001,0.023828136,,48079650.5,24132423.5,18393061,37814915.5,10733098.25,4112454.5,10633572,32208826,16427793,12993936,13224878.25,13054801,,,,,,,Molecules associated with elastic fibres
FALSE,High,Master Protein,Q9D1P0,Large ribosomal subunit protein uL13m [OS=Mus musculus],0,13.594,36,6,24,6,20.7,Mrpl13,1.169,0.484,0.003480793,0.0121013,4898323.5,2635036.625,3654283.625,2970021.375,16855338.5,16581806.5,22466767,10646402.5,5829558,3023714.25,4356503.625,3289651.875,5845626,6705600,13737383,6159696.5,,,Mitochondrial translation elongation; Mitochondrial translation termination; Mitochondrial ribosome-associated quality control
FALSE,High,Master Protein,P97467,Peptidyl-glycine alpha-amidating monooxygenase [OS=Mus musculus],0,13.589,6,3,4,3,108.9,Pam,1000,1000,,,,,,,,,,,,,1327639.125,1636798.5,,,,7366648,,,
FALSE,High,Master Protein,B1AR13,"CDGSH iron-sulfur domain-containing protein 3, mitochondrial [OS=Mus musculus]",0,13.588,32,4,31,4,15.7,Cisd3,1.698,0.167,0.471541402,0.002169337,2801793,2464837.5,1758352.875,11466722.88,28321232.75,25940847.63,30476999.88,21985851.63,5269769.75,3779671,5044036.5,5137888.625,2905683.875,4062765.25,7549105.5,3925524.375,,,
FALSE,High,Master Protein,Q9WV32,Actin-related protein 2/3 complex subunit 1B [OS=Mus musculus],0,13.579,12,3,11,3,41,Arpc1b,1000,1000,,,,,,,,,,,7036246,7444565.875,3652314,6997789,972940.5625,1095851.75,1717357.125,3632368.25,Acetyl [N-Term],B cell receptor signaling pathway; Microglia pathogen phagocytosis pathway,Regulation of actin dynamics for phagocytic cup formation; RHO GTPases Activate WASPs and WAVEs; EPHB-mediated forward signaling
FALSE,High,Master Protein,O89017,Legumain [OS=Mus musculus],0,13.574,10,3,15,3,49.3,Lgmn,,,,,,,,,,,,,,,,,,,,,,,MHC class II antigen presentation; Trafficking and processing of endosomal TLR
FALSE,High,Master Protein,G3X8Y1,Tripartite motif-containing 55 [OS=Mus musculus],0,13.552,7,4,12,2,60.1,Trim55,,,,,,,,,,,,,,,,,,,,,,,
FALSE,High,Master Protein,O35387,HCLS1-associated protein X-1 [OS=Mus musculus],0,13.527,25,4,10,4,31.6,Hax1,1000,1000,,,,,,,,,,,2404600,1122896.125,1108473.75,1333621.5,,,457170.7813,,,,
FALSE,High,Master Protein,Q920A7,Mitochondrial inner membrane m-AAA protease component AFG3L1 [OS=Mus musculus],0,13.494,9,6,22,3,87,Afg3l1,1000,,,,,,,,,,,,1640396.25,,1269202.25,,,,,,,mRNA processing,
FALSE,High,Master Protein,Q02357,Ankyrin-1 [OS=Mus musculus],0,13.493,3,4,26,3,204.1,Ank1,,,,,,,,,,,,,,,,,,,,,,,COPI-mediated anterograde transport; Interaction between L1 and Ankyrins; Neurofascin interactions
FALSE,High,Master Protein,Q9ESZ8,General transcription factor II-I [OS=Mus musculus],0,13.487,7,4,17,4,112.2,Gtf2i,1000,1000,,,,,,,,,,,2957915.75,2357565,2426572.75,2283964.5,1700730.625,9618939,4040222.75,9143968.5,,TNF-alpha NF-kB signaling pathway; B cell receptor signaling pathway,
FALSE,High,Master Protein,P62996,Transformer-2 protein homolog beta [OS=Mus musculus],0,13.481,13,3,14,3,33.6,Tra2b,45.525,1000,0.134095422,,5345139,4983475.5,,,2591623.75,,,,11077729,7989622,7377701.5,18757558.5,4257853.5,4790141,6592071,5008635,,mRNA processing,RHOBTB1 GTPase cycle; mRNA Splicing - Major Pathway; Processing of Capped Intron-Containing Pre-mRNA; RHOBTB2 GTPase cycle
FALSE,High,Master Protein,P10833,Ras-related protein R-Ras [OS=Mus musculus],0,13.468,16,3,14,2,23.7,Rras,,,,,,,,,,,,,,,,,,,,,,Mechanisms associated with pluripotency; G protein signaling pathways; Mapk cascade; Novel Jun-Dmp1 pathway; Regulation of actin cytoskeleton,Sema4D mediated inhibition of cell attachment and migration
FALSE,High,Master Protein,Q9JL35,High mobility group nucleosome-binding domain-containing protein 5 [OS=Mus musculus],0,13.437,6,2,11,2,45.3,Hmgn5,1000,1000,,,,,,,,,,,1414722.25,,4521682.5,8026444.25,3348322.25,4410901,5955848.625,6140536.25,,,
FALSE,High,Master Protein,Q99P87,Resistin [OS=Mus musculus],0,13.418,49,4,20,4,12.5,Retn,0.001,0.001,,,22380106,16236371,29732860,27616762,5475387,,10580956,18783024,,,,,,,,,,Adipogenesis genes,Neutrophil degranulation
FALSE,High,Master Protein,Q9D0T1,NHP2-like protein 1 [OS=Mus musculus],0,13.409,27,3,17,3,14.2,Snu13,2.006,1000,0.031690027,,6187636.5,3374604.25,3325849.75,6255659.5,2361607,,,,12456661.5,,10626463,12499528,,2102526.25,,5910125,,mRNA processing,Major pathway of rRNA processing in the nucleolus and cytosol; mRNA Splicing - Major Pathway
FALSE,High,Master Protein,P56695,Wolframin [OS=Mus musculus],0,13.408,8,5,7,5,100.5,Wfs1,0.063,0.101,0.0002395,0.012616746,187090304,130704080,137693200,216889184,54994356,52548564,78528376,96276064,8317719.5,7579968.5,9400367,18098258,3874746.75,,11785938,13846228,,,Regulation of Insulin-like Growth Factor (IGF) transport and uptake by Insulin-like Growth Factor Binding Proteins (IGFBPs); Post-translational protein phosphorylation
FALSE,High,Master Protein,Q9DCT5,Stromal cell-derived factor 2 [OS=Mus musculus],0,13.338,29,3,5,3,23.1,Sdf2,1000,,,,,,,,,,,,1982657.5,,,6834982,,,,,,,
FALSE,High,Master Protein,Q3UZ39,Leucine-rich repeat flightless-interacting protein 1 [OS=Mus musculus],0,13.333,4,2,18,1,79.2,Lrrfip1,,,,,,,,,,,,,,,,,,,,,,,
FALSE,High,Master Protein,Q8BMJ3,"Eukaryotic translation initiation factor 1A, X-chromosomal [OS=Mus musculus]",0,13.324,29,4,17,1,16.5,Eif1ax,,,,,,,,,,,,,,,,,,,,,,,"L13a-mediated translational silencing of Ceruloplasmin expression; Formation of a pool of free 40S subunits; GTP hydrolysis and joining of the 60S ribosomal subunit; Translation initiation complex formation; Formation of the ternary complex, and subsequently, the 43S complex; Ribosomal scanning and start codon recognition"
FALSE,High,Master Protein,Q8BFP9,"[Pyruvate dehydrogenase (acetyl-transferring)] kinase isozyme 1, mitochondrial [OS=Mus musculus]",0,13.323,15,5,22,4,49,Pdk1,,,,,,,,,,,,,,,,,,,,,,EPO receptor signaling; Factors and pathways affecting insulin-like growth factor (IGF1)-Akt signaling; TCA cycle,Mitochondrial protein degradation; Regulation of pyruvate dehydrogenase (PDH) complex; Signaling by Retinoic Acid
FALSE,High,Master Protein,Q9R0X4,"Acyl-coenzyme A thioesterase 9, mitochondrial [OS=Mus musculus]",0,13.305,10,4,12,4,50.5,Acot9,0.905,0.001,0.933890493,,1671687,2440316,1385728.875,1073996.75,,873596.0625,,,2126473.5,1885149.25,1469133.875,,,,,,,,Mitochondrial Fatty Acid Beta-Oxidation
FALSE,High,Master Protein,P61255,Large ribosomal subunit protein uL24 [OS=Mus musculus],0,13.293,30,5,45,5,17.2,Rpl26,1.75,1.309,0.004885538,0.080502983,56337301,43835480.5,42441234.5,53284927.5,36348134.5,32432203.5,47997341,40936419.5,107970314,70021104,90925940,82395415,35588356.5,41753522.5,70429976,54480182.5,,Cytoplasmic ribosomal proteins; mRNA processing,L13a-mediated translational silencing of Ceruloplasmin expression; SRP-dependent cotranslational protein targeting to membrane; Major pathway of rRNA processing in the nucleolus and cytosol; Formation of a pool of free 40S subunits; GTP hydrolysis and joining of the 60S ribosomal subunit; Nonsense Mediated Decay (NMD) independent of the Exon Junction Complex (EJC); Nonsense Mediated Decay (NMD) enhanced by the Exon Junction Complex (EJC); Ribosome Quality Control (RQC) complex extracts and degrades nascent peptide; PELO:HBS1L and ABCE1 dissociate a ribosome on a non-stop mRNA; ZNF598 and the Ribosome-associated Quality Trigger (RQT) complex dissociate a ribosome stalled on a no-go mRNA
FALSE,High,Master Protein,P97449,Aminopeptidase N [OS=Mus musculus],0,13.266,5,4,8,4,109.6,Anpep,,,,,,,,,,,,,,,,,,,,,,Glutathione metabolism; Oxidative stress and redox pathway; Glutathione and one-carbon metabolism,Neutrophil degranulation
FALSE,High,Master Protein,Q9CXT8,Mitochondrial-processing peptidase subunit beta [OS=Mus musculus],0,13.259,10,3,14,3,54.6,Pmpcb,1000,1000,,,,,,,,,,,6116427.25,5697764,3138843.25,2189734.25,,1974451,2080917.875,956139.6875,,,Processing of SMDT1
FALSE,High,Master Protein,Q9CQ75,NADH dehydrogenase [ubiquinone] 1 alpha subcomplex subunit 2 [OS=Mus musculus],0,13.245,49,5,30,5,10.9,Ndufa2,6.166,2.511,0.001715313,0.005368255,5480108.5,3202618.75,1829755.25,3562245,7753504,11372260,9737199,6140433,23801335.5,19059990.25,18314387,22757245,19621917.5,20538644.25,24267207.5,20433170,,Oxidative phosphorylation; Electron transport chain,Complex I biogenesis; Mitochondrial protein degradation
FALSE,High,Master Protein,P62858,Small ribosomal subunit protein eS28 [OS=Mus musculus],0,13.201,46,3,35,3,7.8,Rps28,,,,,,,,,,,,,,,,,,,,,,Cytoplasmic ribosomal proteins; mRNA processing,"ZNF598 and the Ribosome-associated Quality Trigger (RQT) complex dissociate a ribosome stalled on a no-go mRNA; GTP hydrolysis and joining of the 60S ribosomal subunit; Ribosomal scanning and start codon recognition; L13a-mediated translational silencing of Ceruloplasmin expression; SRP-dependent cotranslational protein targeting to membrane; Major pathway of rRNA processing in the nucleolus and cytosol; Formation of a pool of free 40S subunits; Nonsense Mediated Decay (NMD) independent of the Exon Junction Complex (EJC); Nonsense Mediated Decay (NMD) enhanced by the Exon Junction Complex (EJC); PELO:HBS1L and ABCE1 dissociate a ribosome on a non-stop mRNA; Translation initiation complex formation; Formation of the ternary complex, and subsequently, the 43S complex"
FALSE,High,Master Protein,Q91VM9,"Inorganic pyrophosphatase 2, mitochondrial [OS=Mus musculus]",0,13.116,17,4,15,4,38.1,Ppa2,,0.001,,,,,,,2068989.75,2193705.5,3373101.75,,,,,,,,,,,,Mitochondrial tRNA aminoacylation; Pyrophosphate hydrolysis
FALSE,High,Master Protein,Q60870,Receptor expression-enhancing protein 5 [OS=Mus musculus],0,13.111,15,3,25,3,21,Reep5,0.944,0.371,0.546461741,0.012558639,16032866.5,15302199.25,10270964.5,11099991.25,11024168.5,6201529.5,16846367,11672316.75,13424277,17485365.5,10937232.25,8328973.75,3332926.625,1655515.75,7678178.25,6733546.125,,,
FALSE,High,Master Protein,P10639,Thioredoxin [OS=Mus musculus],0,13.104,21,2,16,2,11.7,Txn,0.538,0.149,0.008792835,0.075811739,42961292.75,36014383.5,30764946.25,45302134,18699501.5,14140397,19483932,25662639.25,19777521.5,22627973.5,20501381.5,20849715,,1399496.75,9043221.75,5719305.5,,Oxidative stress and redox pathway,TP53 Regulates Metabolic Genes; Interconversion of nucleotide di- and triphosphates; Detoxification of Reactive Oxygen Species; Oxidative Stress Induced Senescence; Protein repair; The NLRP3 inflammasome
FALSE,High,Master Protein,Q8R4N0,"Citramalyl-CoA lyase, mitochondrial [OS=Mus musculus]",0,13.081,22,6,17,6,37.5,Clybl,0.421,0.001,0.001570496,,11092630,12278540.25,5151578.375,5473451.625,4317155.125,6998521.875,4425975.5,5701697.25,4544664,3944647.25,2416917.75,2371409.25,,,1700219.875,,,,
FALSE,High,Master Protein,P28659,CUGBP Elav-like family member 1 [OS=Mus musculus],0,13.068,12,5,17,5,52.1,Celf1,1.506,,0.388106124,,1393401.375,1458503.75,,1932073.25,,,,,2792684,,2922175,2185987.25,,,,,,mRNA processing; Adipogenesis genes,
FALSE,High,Master Protein,Q80UM3,"N-alpha-acetyltransferase 15, NatA auxiliary subunit [OS=Mus musculus]",0,13.066,6,5,16,5,100.9,Naa15,1000,1000,,,,,,,,,,,8773465.25,4771571,6372197.75,4725787.25,,1071592.375,,1624722,,,
FALSE,High,Master Protein,Q9ERP3,Tripartite motif-containing protein 54 [OS=Mus musculus],0,13.052,8,3,13,1,41.1,Trim54,,,,,,,,,,,,,,,,,,,,,,,
FALSE,High,Master Protein,P16254,Signal recognition particle 14 kDa protein [OS=Mus musculus],0,13.041,14,2,9,2,12.5,Srp14,,,,,,,,,,,,,,,,,,,,,Met-loss [N-Term],mRNA processing,SRP-dependent cotranslational protein targeting to membrane; Neutrophil degranulation
FALSE,High,Master Protein,P01867,Immunoglobulin heavy constant gamma 2B [OS=Mus musculus],0,13.039,9,3,29,3,44.2,Ighg2b,1000,1000,,,,,,5000046.5,,,,,16738780.5,20322853,11288578.5,15251184,1543221.375,,2666794,15779354.5,,,Regulation of actin dynamics for phagocytic cup formation; Classical antibody-mediated complement activation; FCGR activation; Role of phospholipids in phagocytosis; Regulation of Complement cascade
FALSE,High,Master Protein,Q01405,Protein transport protein Sec23A [OS=Mus musculus],0,13,10,6,12,6,86.1,Sec23a,1000,1000,,,,,,,,,,,5453391.5,3216692.25,3541659.75,,,,3724002.25,,Met-loss+Acetyl [N-Term],,"MHC class II antigen presentation; Antigen Presentation: Folding, assembly and peptide loading of class I MHC; COPII-mediated vesicle transport; Cargo concentration in the ER"
FALSE,High,Master Protein,Q99L43,Phosphatidate cytidylyltransferase 2 [OS=Mus musculus],0,12.992,7,2,12,2,51.3,Cds2,,,,,,,,,,,,,,,,,,,,,,,Synthesis of PG
FALSE,High,Master Protein,Q9JHS4,"ATP-dependent clpX-like chaperone, mitochondrial [OS=Mus musculus]",0,12.956,13,7,21,7,69.2,Clpx,1000,1000,,,,,,,,,,,30159926.5,8290779.75,13621483.5,6165879,4056742.75,6014254.75,8804977.625,5860653.625,,,Mitochondrial protein degradation
FALSE,High,Master Protein,P13707,"Glycerol-3-phosphate dehydrogenase [NAD(+)], cytoplasmic [OS=Mus musculus]",0,12.93,17,4,8,3,37.5,Gpd1,0.854,,0.248913385,,,3514709.5,3041944.5,3290163.5,,,,,2663734.25,2738214.5,2849362.25,1353625.125,,,,,,Triacylglyceride synthesis,Synthesis of PA
FALSE,High,Master Protein,Q9EP69,Phosphatidylinositol-3-phosphatase SAC1 [OS=Mus musculus],0,12.827,8,4,16,4,66.9,Sacm1l,1000,1000,,,4251810,,,,,,,,3542068.25,1174110.625,2323802.75,,1113828.875,,987224.75,,Acetyl [N-Term],,Synthesis of PIPs at the ER membrane; Synthesis of PIPs at the Golgi membrane
FALSE,High,Master Protein,Q60872,Eukaryotic translation initiation factor 1A [OS=Mus musculus],0,12.825,29,4,17,1,16.5,Eif1a,,,,,,,,,,,,,,,,,,,,,,Translation factors,
FALSE,High,Master Protein,Q9JIF7,Coatomer subunit beta [OS=Mus musculus],0,12.817,5,4,16,4,107,Copb1,1000,1000,,,,,,,,,,,2692645.75,,,,,,1345488.75,,,,Neutrophil degranulation; COPI-dependent Golgi-to-ER retrograde traffic; COPI-mediated anterograde transport
FALSE,High,Master Protein,P06801,NADP-dependent malic enzyme [OS=Mus musculus],0,12.816,10,5,12,5,63.9,Me1,1000,1000,,,,,,,,,,,6452534,8723156.25,9479074.75,,1951265.125,1698898.5,1868677.625,2980715.75,,PPAR signaling pathway,Regulation of pyruvate metabolism; Pyruvate metabolism
FALSE,High,Master Protein,Q9JLB0,Protein PALS2 [OS=Mus musculus],0,12.76,12,6,11,6,62.6,Pals2,0.263,0.001,0.016513199,,4923145.5,6587144.5,8427240,7356483.5,2651801.75,7158338.5,4767010.5,6444934,3078972,1857174.875,1807835.625,1806293.25,,,1280428.5,,,,
FALSE,High,Master Protein,Q8CG19,Latent-transforming growth factor beta-binding protein 1 [OS=Mus musculus],0,12.703,3,4,16,4,186.6,Ltbp1,0.001,0.001,,,10069640,5506608.5,6599538.875,3706308,,,,4589334.5,,,,,,,,,,TGF-beta signaling pathway,Regulation of Insulin-like Growth Factor (IGF) transport and uptake by Insulin-like Growth Factor Binding Proteins (IGFBPs); Post-translational protein phosphorylation; TGF-beta receptor signaling activates SMADs; Molecules associated with elastic fibres
FALSE,High,Master Protein,Q9CRB8,Mitochondrial fission process protein 1 [OS=Mus musculus],0,12.694,25,3,14,3,18.3,Mtfp1,0.001,0.343,,0.01692538,2645894.25,,3022950,2347493.25,6373601.5,9117432,9631271,5388243.5,,,983916.9375,,1265679.25,3114964.25,5670857.5,1856281.75,,,
FALSE,High,Master Protein,Q9JIK9,Small ribosomal subunit protein mS34 [OS=Mus musculus],0,12.687,24,5,30,5,25.8,Mrps34,,0.001,,,,,,,1883042,2713503.5,3063764.25,,,,,,,,,,,,Mitochondrial translation elongation; Mitochondrial translation termination; Mitochondrial ribosome-associated quality control
FALSE,High,Master Protein,A2AQ25,Sickle tail protein [OS=Mus musculus],0,12.686,4,6,15,6,212.9,Skt,1000,1000,,,,,,,,,,,2013757.375,,,736114.4375,1196920.375,1273653.875,1432442,1245950.25,,,
FALSE,High,Master Protein,Q9DCI9,Large ribosomal subunit protein bL32m [OS=Mus musculus],0,12.665,21,3,12,3,21.7,Mrpl32,,0.033,,,,,,,1307245.375,,2006047.5,,,,,,,,2162870.5,,,,Mitochondrial protein degradation; Mitochondrial translation termination; Mitochondrial translation elongation; Mitochondrial ribosome-associated quality control
FALSE,High,Master Protein,Q9CY27,Very-long-chain enoyl-CoA reductase [OS=Mus musculus],0,12.618,15,5,36,5,36.1,Tecr,1000,1000,,,,,,,,,,,6549125.5,3298988,5088740,4210587.5,2532408.75,3006216.25,6217418.5,3309990.5,,,Synthesis of very long-chain fatty acyl-CoAs
FALSE,High,Master Protein,Q69Z99,Zinc finger protein 512 [OS=Mus musculus],0,12.559,12,5,17,5,63.9,Znf512,1000,1000,,,,,,,,,,,302382981.4,356719840,336725258.4,330646097.6,307261635.2,261247999.3,358518432,308666775.6,,,
FALSE,High,Master Protein,O35887,Calumenin [OS=Mus musculus],0,12.533,19,5,15,5,37,Calu,1000,1000,,,,,,,,,,,1945498.875,3654026,3109608.375,1399897,,891547.125,,,,,Regulation of Insulin-like Growth Factor (IGF) transport and uptake by Insulin-like Growth Factor Binding Proteins (IGFBPs); Post-translational protein phosphorylation
FALSE,High,Master Protein,Q9CXJ4,Mitochondrial potassium channel ATP-binding subunit [OS=Mus musculus],0,12.523,5,3,10,3,78,Abcb8,,,,,,,,,,,,,,,,,,,,,,,Mitochondrial ABC transporters
FALSE,High,Master Protein,P46638,Ras-related protein Rab-11B [OS=Mus musculus],0,12.51,22,4,19,4,24.5,Rab11b,3.496,1.435,0.049999079,0.702425266,4134487.25,2857294.75,2645237.75,4536242,1531795.75,1450788.375,2009887.125,,17481255.5,11198856.5,8247598,4903092.625,1101414.375,2883147,2083970.375,1146139.75,,Focal adhesion: PI3K-Akt-mTOR signaling pathway,RAB geranylgeranylation; TBC/RABGAPs
FALSE,High,Master Protein,Q91W50,Cold shock domain-containing protein E1 [OS=Mus musculus],0,12.508,9,6,10,6,88.7,Csde1,1000,1000,,,,,,,,,,,11645108.75,4661910.25,5423044.25,5153647.5,,,1339540.5,2738119.5,,mRNA processing,
FALSE,High,Master Protein,O35344,Importin subunit alpha-4 [OS=Mus musculus],0,12.48,9,5,13,4,57.7,Kpna3,1000,1000,,,,,,,,,,,9063877,3639152.75,7676138.75,3787139.5,,,,2224781,Acetyl [N-Term]; Met-loss+Acetyl [N-Term],TNF-alpha NF-kB signaling pathway,
FALSE,High,Master Protein,A2A8U2,Transmembrane protein 201 [OS=Mus musculus],0,12.412,11,6,22,6,72.5,Tmem201,1000,1000,,,,,,,,,,,1883853.375,559488.9375,,,733126.75,2030585.875,1839953.375,961257,,,
FALSE,High,Master Protein,Q9CWE0,Mitochondrial fission regulator 1-like [OS=Mus musculus],0,12.4,16,3,13,3,31.7,Mtfr1l,1000,,,,,,,,,,,,3542254.5,1647426.375,,2754152.875,,,,,,,
FALSE,High,Master Protein,P12367,cAMP-dependent protein kinase type II-alpha regulatory subunit [OS=Mus musculus],0,12.383,12,3,5,3,45.4,Prkar2a,0.001,0.001,,,,,,908531.375,2280031.75,1116082.375,1460300.625,1409725.5,,,,,,,,,,,Factors involved in megakaryocyte development and platelet production; Hedgehog 'off' state; DARPP-32 events; Vasopressin regulates renal water homeostasis via Aquaporins; High laminar flow shear stress activates signaling by PIEZO1 and PECAM1:CDH5:KDR in endothelial cells; PKA activation; PKA activation in glucagon signalling; CREB1 phosphorylation through the activation of Adenylate Cyclase; GPER1 signaling
FALSE,High,Master Protein,Q9CRB2,H/ACA ribonucleoprotein complex subunit 2 [OS=Mus musculus],0,12.359,22,2,14,2,17.2,Nhp2,,,,,,,,,,,,,,,,,,,,,,,Telomere Extension By Telomerase
FALSE,High,Master Protein,P97333,Neuropilin-1 [OS=Mus musculus],0,12.352,7,4,8,4,102.9,Nrp1,,,,,,,,,,,,,,,,,,,,,,,Signal transduction by L1; CRMPs in Sema3A signaling; Sema3A PAK dependent Axon repulsion; SEMA3A-Plexin repulsion signaling by inhibiting Integrin adhesion; Neurophilin interactions with VEGF and VEGFR
FALSE,High,Master Protein,Q5M8N4,Epimerase family protein SDR39U1 [OS=Mus musculus],0,12.336,15,3,13,3,31.4,Sdr39u1,,,,,,,,,,,,,,,,,,,,,,,
FALSE,High,Master Protein,Q9CQ21,Malignant T-cell-amplified sequence 2 [OS=Mus musculus],0,12.252,27,3,15,3,20.4,Mcts2,1.888,1.288,0.087454293,0.005907904,4052631.5,,5051406.25,3800531.813,3118957.75,3658847.25,3987046,5841167.5,9764572,7048414.75,7134461.5,5624803.5,3925312.375,4825390.625,5385973.125,6765098,,mRNA processing,
FALSE,High,Master Protein,O35382,Exocyst complex component 4 [OS=Mus musculus],0,12.217,7,5,12,5,110.5,Exoc4,,,,,,,,,,,,,,,,,,,,,,,VxPx cargo-targeting to cilium; Insulin processing
FALSE,High,Master Protein,Q8R001,Microtubule-associated protein RP/EB family member 2 [OS=Mus musculus],0,12.172,12,3,16,3,36.9,Mapre2,1000,1000,,,,,,,,,,,3536565.75,,4016098,,,3175096.25,,1634401.125,,,
FALSE,High,Master Protein,P09242,"Alkaline phosphatase, tissue-nonspecific isozyme [OS=Mus musculus]",0,12.168,7,3,18,3,57.5,Alpl,48.666,116.996,0.173442467,0.000139889,,2817316.25,,3669203.5,1783004.75,1412132,,,6892116.5,6672364,6146774.5,5963149,24377686,19329230,21141220,14097246,,Endochondral ossification; TNF-alpha NF-kB signaling pathway,Post-translational modification: synthesis of GPI-anchored proteins
FALSE,High,Master Protein,O88668,Protein CREG1 [OS=Mus musculus],0,12.149,13,2,8,2,24.4,Creg1,1000,,,,,,,,,,,,11256041,7798964.25,2525906.75,1995520.5,,,,,,,Neutrophil degranulation
FALSE,High,Master Protein,Q61555,Fibrillin-2 [OS=Mus musculus],0,12.107,1,3,27,1,313.6,Fbn2,,,,,,,,,,,,,,,,,,,,,,,Degradation of the extracellular matrix; Molecules associated with elastic fibres
FALSE,High,Master Protein,Q8CEE7,Retinol dehydrogenase 13 [OS=Mus musculus],0,12.09,15,5,24,5,36.4,Rdh13,1.149,0.455,0.197786401,0.011217349,10289198.75,5870826.25,6886700.75,4534500.5,5883473,9006090.75,7957283.5,6732047.125,9649838.625,6801257.5,7852224.25,6543865.25,2726608.875,2353358,4275399,3012606.25,,,RA biosynthesis pathway
FALSE,High,Master Protein,Q8VE38,Oxidoreductase NAD-binding domain-containing protein 1 [OS=Mus musculus],0,12.089,15,5,14,5,34.7,Oxnad1,0.001,0.001,,,3641756.75,,,1390577.5,6335570.375,7003683.25,6208490,5815509.625,,,,,,,,,,,
FALSE,High,Master Protein,P47802,Metaxin-1 [OS=Mus musculus],0,12.051,17,4,21,4,35.6,Mtx1,0.025,0.001,,,2263502.5,,1084731,1877687.875,1357303.25,1796704.875,1897657.5,,,1192424.75,,1150622.875,,,,,,,RAC2 GTPase cycle
FALSE,High,Master Protein,P03921,NADH-ubiquinone oxidoreductase chain 5 [OS=Mus musculus],0,12.015,4,2,20,2,68.4,Mtnd5,0.966,0.254,0.661828987,0.003288442,16068236.25,8023694.5,2921132.5,9009806.375,14682231.75,25167441.5,21284461,14035810.75,13571265.5,7202302,3038796,10078387.5,3168173.75,6147968.5,9067112.25,3698692.25,,Oxidative phosphorylation; Electron transport chain,Complex I biogenesis; Mitochondrial translation termination
FALSE,High,Master Protein,Q3UPL0,Protein transport protein Sec31A [OS=Mus musculus],0,12.006,5,5,15,5,133.5,Sec31a,1000,1000,,,,,,,,,,,,533027.375,706348.25,,,,380115.875,,,,"MHC class II antigen presentation; Antigen Presentation: Folding, assembly and peptide loading of class I MHC; COPII-mediated vesicle transport"
FALSE,High,Master Protein,Q8BG32,26S proteasome non-ATPase regulatory subunit 11 [OS=Mus musculus],0,11.99,12,4,12,4,47.4,Psmd11,0.127,0.06,0.000382637,0.003936043,38668568,27031756,23306160,30269948,24176728,25510284,25984820,32967452,4972475.75,4099810.5,2924126.5,2620033.5,1209106.375,1849798.5,2311952.75,,,Proteasome degradation,Separation of Sister Chromatids; The role of GTSE1 in G2/M progression after G2 checkpoint; Neutrophil degranulation; Degradation of CDH1; AUF1 (hnRNP D0) binds and destabilizes mRNA; Ub-specific processing proteases; FCERI mediated NF-kB activation; Downstream TCR signaling; Ribosome Quality Control (RQC) complex extracts and degrades nascent peptide; Activation of NF-kappaB in B cells; Neddylation; Asymmetric localization of PCP proteins; Degradation of AXIN; Hedgehog 'on' state; Regulation of RUNX3 expression and activity; Antigen processing: Ubiquitination & Proteasome degradation; Autodegradation of Cdh1 by Cdh1:APC/C; APC/C:Cdc20 mediated degradation of Securin; APC/C:Cdh1 mediated degradation of Cdc20 and other APC/C:Cdh1 targeted proteins in late mitosis/early G1; Cdc20:Phospho-APC/C mediated degradation of Cyclin A; Assembly of the pre-replicative complex; CDK-mediated phosphorylation and removal of Cdc6; MAPK6/MAPK4 signaling; UCH proteinases; Regulation of PTEN stability and activity; ABC-family proteins mediated transport; Regulation of RAS by GAPs; FBXL7 down-regulates AURKA during mitotic entry and in early mitosis; Regulation of ornithine decarboxylase (ODC); Oxygen-dependent proline hydroxylation of Hypoxia-inducible Factor Alpha; Cross-presentation of soluble exogenous antigens (endosomes); SCF(Skp2)-mediated degradation of p27/p21; Degradation of beta-catenin by the destruction complex; Autodegradation of the E3 ubiquitin ligase COP1; Degradation of DVL; Hedgehog ligand biogenesis; Dectin-1 mediated noncanonical NF-kB signaling; Degradation of GLI1 by the proteasome; GLI3 is processed to GLI3R by the proteasome; NIK-->noncanonical NF-kB signaling; Orc1 removal from chromatin; G2/M Checkpoints; Ubiquitin-Mediated Degradation of Phosphorylated Cdc25A; Ubiquitin-dependent degradation of Cyclin D; RUNX1 regulates transcription of genes involved in differentiation of HSCs; Regulation of RUNX2 expression and activity; Interleukin-1 signaling; KEAP1-NFE2L2 pathway; GSK3B and BTRC:CUL1-mediated-degradation of NFE2L2; Proteasome assembly; GSK3B-mediated proteasomal degradation of PD-L1(CD274); SPOP-mediated proteasomal degradation of PD-L1(CD274); AMPK-induced ERAD and lysosome mediated degradation of PD-L1(CD274); Degradation of CRY and PER proteins
FALSE,High,Master Protein,Q9QUM9,Proteasome subunit alpha type-6 [OS=Mus musculus],0,11.951,14,3,15,3,27.4,Psma6,2.466,32.278,0.002763017,,2695177.5,3039414,2021039.375,,,2136971,,,6247242.375,7974693.25,4569534.25,7652713.25,,2226487.75,2871181.75,,,Proteasome degradation,"ER-Phagosome pathway; Ribosome Quality Control (RQC) complex extracts and degrades nascent peptide; FCERI mediated NF-kB activation; Downstream TCR signaling; Activation of NF-kappaB in B cells; Neddylation; Asymmetric localization of PCP proteins; Degradation of AXIN; Hedgehog 'on' state; Ub-specific processing proteases; Regulation of RUNX3 expression and activity; Antigen processing: Ubiquitination & Proteasome degradation; Autodegradation of Cdh1 by Cdh1:APC/C; APC/C:Cdc20 mediated degradation of Securin; APC/C:Cdh1 mediated degradation of Cdc20 and other APC/C:Cdh1 targeted proteins in late mitosis/early G1; Cdc20:Phospho-APC/C mediated degradation of Cyclin A; Separation of Sister Chromatids; Assembly of the pre-replicative complex; CDK-mediated phosphorylation and removal of Cdc6; The role of GTSE1 in G2/M progression after G2 checkpoint; MAPK6/MAPK4 signaling; UCH proteinases; Regulation of PTEN stability and activity; ABC-family proteins mediated transport; Regulation of RAS by GAPs; FBXL7 down-regulates AURKA during mitotic entry and in early mitosis; Degradation of CDH1; Regulation of ornithine decarboxylase (ODC); Oxygen-dependent proline hydroxylation of Hypoxia-inducible Factor Alpha; Cross-presentation of soluble exogenous antigens (endosomes); SCF(Skp2)-mediated degradation of p27/p21; Degradation of beta-catenin by the destruction complex; Autodegradation of the E3 ubiquitin ligase COP1; AUF1 (hnRNP D0) binds and destabilizes mRNA; Degradation of DVL; Hedgehog ligand biogenesis; Dectin-1 mediated noncanonical NF-kB signaling; Degradation of GLI1 by the proteasome; GLI3 is processed to GLI3R by the proteasome; NIK-->noncanonical NF-kB signaling; Orc1 removal from chromatin; G2/M Checkpoints; Ubiquitin-Mediated Degradation of Phosphorylated Cdc25A; Ubiquitin-dependent degradation of Cyclin D; RUNX1 regulates transcription of genes involved in differentiation of HSCs; Regulation of RUNX2 expression and activity; Interleukin-1 signaling; KEAP1-NFE2L2 pathway; GSK3B and BTRC:CUL1-mediated-degradation of NFE2L2; Proteasome assembly; Antigen processing: Ub, ATP-independent proteasomal degradation; GSK3B-mediated proteasomal degradation of PD-L1(CD274); SPOP-mediated proteasomal degradation of PD-L1(CD274); AMPK-induced ERAD and lysosome mediated degradation of PD-L1(CD274); Degradation of CRY and PER proteins"
FALSE,High,Master Protein,Q91V12,Cytosolic acyl coenzyme A thioester hydrolase [OS=Mus musculus],0,11.944,9,3,9,3,42.5,Acot7,,,,,,,,,,,,,,,,,,,,,,,Mitochondrial Fatty Acid Beta-Oxidation
FALSE,High,Master Protein,P51637,Caveolin-3 [OS=Mus musculus],0,11.921,20,4,22,3,17.3,Cav3,0.001,0.001,,,9821708,6089225,5023735.5,10159580,13169932.88,17026180.47,12097542,10169924,,,,,,,,,Acetyl [N-Term]; Met-loss+Acetyl [N-Term],SIDS susceptibility pathways; Na/K-ATPase/Src signaling; Integrin-mediated cell adhesion; Focal adhesion,
FALSE,High,Master Protein,Q9CQL5,Large ribosomal subunit protein uL18m [OS=Mus musculus],0,11.897,29,5,22,5,20.7,Mrpl18,,,,,,,,,,,,,,,,,,,,,,,Mitochondrial translation elongation; Mitochondrial translation termination; Mitochondrial ribosome-associated quality control
FALSE,High,Master Protein,Q9R0L6,Pericentriolar material 1 protein [OS=Mus musculus],0,11.892,3,6,14,6,228.7,Pcm1,1000,1000,,,,,,,,,,,2566863,1026654.813,4514209,,,,1867637,,,,Anchoring of the basal body to the plasma membrane; Regulation of PLK1 Activity at G2/M Transition; Loss of Nlp from mitotic centrosomes; Recruitment of mitotic centrosome proteins and complexes; Recruitment of NuMA to mitotic centrosomes; AURKA Activation by TPX2
FALSE,High,Master Protein,Q6ZQ38,Cullin-associated NEDD8-dissociated protein 1 [OS=Mus musculus],0,11.877,4,4,12,4,136.2,Cand1,1000,,,,,,,,,,,,,2958886.5,,,,,,,,,Neutrophil degranulation; Neddylation; Iron uptake and transport
FALSE,High,Master Protein,Q9D8P4,Large ribosomal subunit protein bL17m [OS=Mus musculus],0,11.875,24,5,24,5,20.2,Mrpl17,1.622,0.276,0.026564752,0.003323144,1630642,589546.25,1040818.75,,7547725,8140386,12306884,5109001.75,2385909,840819.1875,1871270.25,774001.25,1534748.875,2705599,4701110.5,1171360,,,Mitochondrial translation elongation; Mitochondrial translation termination; Mitochondrial ribosome-associated quality control
FALSE,High,Master Protein,Q91WC0,Actin-histidine N-methyltransferase [OS=Mus musculus],0,11.862,8,4,16,4,67.1,Setd3,1000,,,,,,,876376.1875,,,,,,2669926.5,3176164,2511416,,,,,,,PKMTs methylate histone lysines
FALSE,High,Master Protein,Q9DBS1,Transmembrane protein 43 [OS=Mus musculus],0,11.848,22,6,14,6,44.8,Tmem43,,,,,,,,,,,,,,,,,,,,,,,
FALSE,High,Master Protein,Q9JLT4,"Thioredoxin reductase 2, mitochondrial [OS=Mus musculus]",0,11.789,7,3,10,2,56.6,Txnrd2,,0.001,,,,,,,1046259.125,,,,,,,,,,,,,Selenium metabolism / selenoproteins; Folic acid network; Oxidative stress response,Detoxification of Reactive Oxygen Species
FALSE,High,Master Protein,P48758,Carbonyl reductase [NADPH] 1 [OS=Mus musculus],0,11.696,25,5,8,5,30.6,Cbr1,0.001,0.001,,,,3838326.25,4433516.5,,7151815.5,,8694822,8034521,,,,,,,,,,,Synthesis of Prostaglandins (PG) and Thromboxanes (TX)
FALSE,High,Master Protein,O08579,Emerin [OS=Mus musculus],0,11.681,19,4,8,4,29.4,Emd,1000,,,,,,,,,,,,3483155,,2373930.75,,,,,,,,RAC1 GTPase cycle; RHOG GTPase cycle; RAC2 GTPase cycle; RAC3 GTPase cycle; Insertion of tail-anchored proteins into the endoplasmic reticulum membrane; Initiation of Nuclear Envelope (NE) Reformation; Depolymerization of the Nuclear Lamina; RHOD GTPase cycle
FALSE,High,Master Protein,P63001,Ras-related C3 botulinum toxin substrate 1 [OS=Mus musculus],0,11.677,21,4,37,4,21.4,Rac1,1.82,1.654,0.000815344,0.004360921,22303123,17234025.5,14213017,16459150,5561855.25,7788330.5,7531250,8162722,39013650,31124596,30495413,30201635,8901285.5,13051741.5,16397210,13320208.5,,IL-5 signaling pathway; MicroRNAs in cardiomyocyte hypertrophy; BDNF pathway; Chemokine signaling pathway; G13 signaling pathway; p38 Mapk signaling pathway; Microglia pathogen phagocytosis pathway; IL-3 signaling pathway; Robo4 and VEGF signaling pathways crosstalk; IL-6 signaling pathway; Wnt signaling; Oxidative stress and redox pathway; Alpha 6 beta 4 integrin signaling pathway; Mapk signaling pathway; Na/K-ATPase/Src signaling; Regulation of actin cytoskeleton; Comprehensive IL-17A signaling; Wnt signaling pathway; EGFR1 signaling pathway; Integrin-mediated cell adhesion; Insulin signaling; Focal adhesion,"RHO GTPases Activate Formins; Neutrophil degranulation; Ephrin signaling; MAPK6/MAPK4 signaling; Azathioprine ADME; Factors involved in megakaryocyte development and platelet production; Regulation of actin dynamics for phagocytic cup formation; FCERI mediated MAPK activation; PIP3 activates AKT signaling; PI5P, PP2A and IER3 Regulate PI3K/AKT Signaling; RAC1 GTPase cycle; NRAGE signals death through JNK; RHO GTPases activate IQGAPs; EPHB-mediated forward signaling; Signaling by SCF-KIT; Signal transduction by L1; GPVI-mediated activation cascade; PTK6 Regulates RHO GTPases, RAS GTPase and MAP kinases; RHO GTPases activate CIT; EPH-ephrin mediated repulsion of cells; RHO GTPases activate PAKs; Sema3A PAK dependent Axon repulsion; DAP12 signaling; Sema4D mediated inhibition of cell attachment and migration; RHO GTPases Activate NADPH Oxidases; PCP/CE pathway; RHO GTPases activate PKNs; RHO GTPases activate KTN1; CD28 dependent Vav1 pathway; VEGFR2 mediated vascular permeability; RHO GTPases Activate WASPs and WAVEs; DCC mediated attractive signaling; NTRK2 activates RAC1; MET activates RAP1 and RAC1"
FALSE,High,Master Protein,Q9WVC3,Caveolin-2 [OS=Mus musculus],0,11.667,19,2,11,2,18.2,Cav2,,0.001,,,,,,,,2348513.5,,2927926,,,,,,,,,,Splicing factor NOVA regulated synaptic proteins; Na/K-ATPase/Src signaling; EGFR1 signaling pathway; Integrin-mediated cell adhesion; Focal adhesion,Extra-nuclear estrogen signaling
FALSE,High,Master Protein,Q64105,Sepiapterin reductase [OS=Mus musculus],0,11.657,26,5,10,5,27.9,Spr,1000,,,,,,,,,,,,,958067.8125,,,,,,,,,"Tetrahydrobiopterin (BH4) synthesis, recycling, salvage and regulation; eNOS activation"
FALSE,High,Master Protein,Q9DBM2,Peroxisomal bifunctional enzyme [OS=Mus musculus],0,11.654,8,4,13,4,78.3,Ehhadh,26.397,52.181,,,3166150.5,,1618819.25,,1208912.375,1125519.875,,,2206173.25,1512833.125,,1669809.375,,3064625.5,3643095.75,2118317,,PPAR signaling pathway; Mitochondrial long chain fatty acid beta-oxidation; Eicosanoid metabolism via cyclooxygenases (COX),Peroxisomal protein import; Beta-oxidation of very long chain fatty acids
FALSE,High,Master Protein,Q3UV17,"Keratin, type II cytoskeletal 2 oral [OS=Mus musculus]",0,11.648,6,4,23,1,62.8,Krt76,0.001,0.001,,,6703390,15179466,5516172,,16515365,55189080,,5814906.5,,,,,,,,,,,Formation of the cornified envelope
FALSE,High,Master Protein,Q8VED5,"Keratin, type II cytoskeletal 79 [OS=Mus musculus]",0,11.644,6,4,24,1,57.5,Krt79,0.001,0.001,,,7867678,19149934,5536573.5,4756204,12837448,21293398,3918228.75,7446683.5,,,,,,,,,,,Formation of the cornified envelope
FALSE,High,Master Protein,Q8K3W2,Leucine-rich repeat-containing protein 10 [OS=Mus musculus],0,11.624,16,4,14,4,31.2,Lrrc10,1000,1000,,,,,,,,,,,3125536.75,2112859,3038900,,2674280.75,,3972989.5,1731357.125,,,
FALSE,High,Master Protein,Q8VCH8,UBX domain-containing protein 4 [OS=Mus musculus],0,11.601,9,3,13,3,56.4,Ubxn4,1000,1000,,,,,,,,,,,6071718,1619754.625,3376637,,,,818326.25,709344.0625,,,
FALSE,High,Master Protein,Q9CVB6,Actin-related protein 2/3 complex subunit 2 [OS=Mus musculus],0,11.596,17,5,22,5,34.3,Arpc2,1.099,0.911,0.223870277,0.577042047,11062098.38,9236006.875,6527655.875,8464354.25,3119166.75,5308188.875,3118952.5,3510577.75,11102055.5,8993992,7852367.5,10470013.5,671675.0625,3447730.375,5482371.875,4484146,,B cell receptor signaling pathway; Comprehensive IL-17A signaling,Regulation of actin dynamics for phagocytic cup formation; Clathrin-mediated endocytosis; EPHB-mediated forward signaling; RHO GTPases Activate WASPs and WAVEs
FALSE,High,Master Protein,Q3UIU2,NADH dehydrogenase [ubiquinone] 1 beta subcomplex subunit 6 [OS=Mus musculus],0,11.581,27,4,37,4,15.5,Ndufb6,0.001,0.001,,,3441564,,,,4014593.5,,4003382,,,,,,,,,,Acetyl [N-Term]; Met-loss+Acetyl [N-Term],Oxidative phosphorylation; Electron transport chain,Complex I biogenesis
FALSE,High,Master Protein,Q9D0L4,AarF domain-containing protein kinase 1 [OS=Mus musculus],0,11.524,9,3,13,3,59.7,Adck1,,,,,,,,,,,,,,,,,,,,,,,
FALSE,High,Master Protein,Q9QXD1,Peroxisomal acyl-coenzyme A oxidase 2 [OS=Mus musculus],0,11.515,6,3,8,3,76.8,Acox2,1000,,,,,,,,,,,,2085713.375,,,,,,,,,PPAR signaling pathway; Eicosanoid metabolism via cyclooxygenases (COX),Peroxisomal protein import; Synthesis of bile acids and bile salts via 7alpha-hydroxycholesterol; Beta-oxidation of pristanoyl-CoA
FALSE,High,Master Protein,P51150,Ras-related protein Rab-7a [OS=Mus musculus],0,11.507,19,3,9,3,23.5,Rab7a,1000,,,,,,,,,,,,2362735.5,,,,,,,,,,Neutrophil degranulation; TBC/RABGAPs; RAB geranylgeranylation; RHOQ GTPase cycle; RAB GEFs exchange GTP for GDP on RABs; MHC class II antigen presentation; RAC1 GTPase cycle; RHOG GTPase cycle; RHOH GTPase cycle; RAC2 GTPase cycle; RAC3 GTPase cycle; RHOF GTPase cycle; RHOD GTPase cycle
FALSE,High,Master Protein,Q6ZQ58,La-related protein 1 [OS=Mus musculus],0,11.505,4,3,10,3,121.1,Larp1,1000,,,,,,,,,,,,1071378,,,847036.6875,,,,,,,
FALSE,High,Master Protein,P49962,Signal recognition particle 9 kDa protein [OS=Mus musculus],0,11.504,27,3,12,3,10.2,Srp9,,,,,,,,,,,,,,,,,,,,,Met-loss [N-Term],mRNA processing,SRP-dependent cotranslational protein targeting to membrane
FALSE,High,Master Protein,Q9DBC7,cAMP-dependent protein kinase type I-alpha regulatory subunit [OS=Mus musculus],0,11.479,14,4,8,4,43.2,Prkar1a,,,,,,,,,,,,,,,,,,,,,Acetyl [N-Term],G protein signaling pathways; Myometrial relaxation and contraction pathways; Calcium regulation in cardiac cells; EGFR1 signaling pathway,Factors involved in megakaryocyte development and platelet production; Hedgehog 'off' state; DARPP-32 events; Vasopressin regulates renal water homeostasis via Aquaporins; High laminar flow shear stress activates signaling by PIEZO1 and PECAM1:CDH5:KDR in endothelial cells; PKA activation; PKA activation in glucagon signalling; CREB1 phosphorylation through the activation of Adenylate Cyclase; GPER1 signaling
FALSE,High,Master Protein,Q9D1R9,Large ribosomal subunit protein eL34 [OS=Mus musculus],0,11.472,30,4,33,4,13.3,Rpl34,2.044,2.502,0.003747693,0.002596179,29716012,23689236,20930548,26394396,10876172,16442705,14304396,13803988,66999522,43894839,56415720,48288143,25684455.5,31670116,43426601,36589921,,Cytoplasmic ribosomal proteins,L13a-mediated translational silencing of Ceruloplasmin expression; SRP-dependent cotranslational protein targeting to membrane; Major pathway of rRNA processing in the nucleolus and cytosol; Formation of a pool of free 40S subunits; GTP hydrolysis and joining of the 60S ribosomal subunit; Nonsense Mediated Decay (NMD) independent of the Exon Junction Complex (EJC); Nonsense Mediated Decay (NMD) enhanced by the Exon Junction Complex (EJC); Ribosome Quality Control (RQC) complex extracts and degrades nascent peptide; PELO:HBS1L and ABCE1 dissociate a ribosome on a non-stop mRNA; ZNF598 and the Ribosome-associated Quality Trigger (RQT) complex dissociate a ribosome stalled on a no-go mRNA
FALSE,High,Master Protein,Q8CGF7,Transcription elongation regulator 1 [OS=Mus musculus],0,11.465,5,5,13,5,123.7,Tcerg1,,,,,,,,,,,,,,,,,,,,,,,mRNA Splicing - Major Pathway
FALSE,High,Master Protein,P56565,Protein S100-A1 [OS=Mus musculus],0,11.455,16,1,22,1,10.5,S100a1,0.554,23.428,0.894490954,0.23147274,8724645,7952061.25,1745171.25,,8616877.5,3862738.5,,,4836884.5,,3989666,,2263336.25,2120114.25,2836885.25,1389756.5,,,Regulation of TLR by endogenous ligand
FALSE,High,Master Protein,Q61781,"Keratin, type I cytoskeletal 14 [OS=Mus musculus]",0,11.42,8,4,13,1,52.8,Krt14,0.001,0.001,,,3723986.5,2751021.25,2183976,3706852.25,2492868.75,6076992.5,,,,,,,,,,,,,Formation of the cornified envelope; Type I hemidesmosome assembly
FALSE,High,Master Protein,Q8BRK8,5'-AMP-activated protein kinase catalytic subunit alpha-2 [OS=Mus musculus],0,11.361,8,3,11,3,62,Prkaa2,,,,,,,,,,,,,,,,,,,,,,Focal adhesion: PI3K-Akt-mTOR signaling pathway; Insulin signaling,Carnitine shuttle; Regulation of TP53 Activity through Phosphorylation; AMPK-induced ERAD and lysosome mediated degradation of PD-L1(CD274); Macroautophagy; TP53 Regulates Metabolic Genes; Nuclear events mediated by NFE2L2; Energy dependent regulation of mTOR by LKB1-AMPK; AMPK inhibits chREBP transcriptional activation activity
FALSE,High,Master Protein,Q99KI3,ER membrane protein complex subunit 3 [OS=Mus musculus],0,11.348,27,5,7,5,30,Emc3,1000,1000,,,,,,,,,,,7055388.5,4225670.5,4001752.25,4698004.25,,,1374765.125,,,,RHOA GTPase cycle
FALSE,High,Master Protein,Q9CZ83,Large ribosomal subunit protein mL55 [OS=Mus musculus],0,11.32,31,3,14,3,15.1,Mrpl55,1.997,1.116,0.023776627,0.575859746,1643394.125,1357414.25,1692642.75,1903132.375,7120895,6734894.5,9442457,5249743.5,4248319,2309327.5,3969022.5,2515325.25,5566798,7063595.5,13166058,6237506,,,Mitochondrial translation elongation; Mitochondrial translation termination; Mitochondrial ribosome-associated quality control
FALSE,High,Master Protein,P49586,Choline-phosphate cytidylyltransferase A [OS=Mus musculus],0,11.295,14,3,6,3,41.6,Pcyt1a,,,,,,,,,,,,,,,,,,,,,,Acetylcholine synthesis; One-carbon metabolism and related pathways; Kennedy pathway; Glycerolipids and glycerophospholipids,Synthesis of PC
FALSE,High,Master Protein,O70571,"[Pyruvate dehydrogenase (acetyl-transferring)] kinase isozyme 4, mitochondrial [OS=Mus musculus]",0,11.275,13,4,13,4,46.6,Pdk4,,,,,,,,,,,,,,,,,,,,,,TCA cycle,Regulation of pyruvate dehydrogenase (PDH) complex; Signaling by Retinoic Acid
FALSE,High,Master Protein,P61014,Phospholamban [OS=Mus musculus],0,11.262,23,2,61,2,6.1,Pln,,,,,,,,,,,,,,,,,,,,,,Calcium regulation in cardiac cells,Ion homeostasis; Ion transport by P-type ATPases
FALSE,High,Master Protein,P70122,Ribosome maturation protein SBDS [OS=Mus musculus],0,11.232,22,5,14,5,28.8,Sbds,4.239,1000,0.049076577,,5474681.5,2035254.25,,2811655.875,,,,,14945880,13393427.75,8055338.125,7513088.25,,,,1693347.25,,,
FALSE,High,Master Protein,Q8BX80,Cytosolic endo-beta-N-acetylglucosaminidase [OS=Mus musculus],0,11.159,8,4,8,4,82.9,Engase,,,,,,,,,,,,,,,,,,,,,,,N-glycan trimming in the ER and Calnexin/Calreticulin cycle
FALSE,High,Master Protein,Q66JS6,Eukaryotic translation initiation factor 3 subunit J-B [OS=Mus musculus],0,11.136,15,3,15,3,29.5,Eif3j2,66.537,58.073,0.152263627,0.184099716,4976204.5,,,2727587,,1690979.125,2116781.25,,12293983.5,10770853,11603323.75,12075540.5,4160210.75,3265643.25,7138795,6553328.5,,,"L13a-mediated translational silencing of Ceruloplasmin expression; Formation of a pool of free 40S subunits; GTP hydrolysis and joining of the 60S ribosomal subunit; Translation initiation complex formation; Formation of the ternary complex, and subsequently, the 43S complex; Ribosomal scanning and start codon recognition"
FALSE,High,Master Protein,P42227,Signal transducer and activator of transcription 3 [OS=Mus musculus],0,11.109,9,4,8,4,88,Stat3,1000,,,,,,,,,,,,1611630.75,,1938515,,,,,,,IL-9 signaling pathway; TGF-beta signaling pathway; EPO receptor signaling; Dopaminergic neurogenesis; IL-5 signaling pathway; MicroRNAs in cardiomyocyte hypertrophy; Mechanisms associated with pluripotency; Hepatocyte growth factor receptor signaling; Serotonin receptor 2 and STAT3 signaling; Chemokine signaling pathway; Androgen receptor signaling pathway; Delta-Notch signaling pathway; B cell receptor signaling pathway; IL-7 signaling pathway; ESC pluripotency pathways; IL-3 signaling pathway; IL-6 signaling pathway; Kit receptor signaling pathway; Adipogenesis genes; IL-2 signaling pathway; Macrophage-stimulating protein (MSP) signaling; IL19 signaling; EGFR1 signaling pathway; Leptin-insulin signaling overlap,PKR-mediated signaling; Signaling by SCF-KIT; STAT3 nuclear events downstream of ALK signaling; Downstream signal transduction; Interleukin-20 family signaling; Signaling by ALK; Interleukin-7 signaling; Interleukin-4 and Interleukin-13 signaling; Interleukin-35 Signalling; Interleukin-27 signaling; Interleukin-6 signaling; PTK6 Activates STAT3; Interleukin-23 signaling; Interleukin-9 signaling; MET activates STAT3; Interleukin-15 signaling; Interleukin-10 signaling; Interleukin-21 signaling; Interleukin-37 signaling
FALSE,High,Master Protein,Q9D1H6,NADH dehydrogenase [ubiquinone] 1 alpha subcomplex assembly factor 4 [OS=Mus musculus],0,11.103,13,2,15,2,20.1,Ndufaf4,6.771,4.012,0.000314836,0.00126979,2812146.75,,2313386,2637813.75,7317449.5,6839650,9612344,6316823,18694163.75,17222472.25,14246494.75,18194521,24441602,26773581,39535309,37381101.75,,,Complex I biogenesis
FALSE,High,Master Protein,P31230,Aminoacyl tRNA synthase complex-interacting multifunctional protein 1 [OS=Mus musculus],0,11.062,21,4,9,4,34,Aimp1,1000,1000,,,,,,,,,,,12881027.5,5232369.5,8466468,7121879,,,3723980.75,,,mRNA processing,Transcriptional and post-translational regulation of MITF-M expression and activity
FALSE,High,Master Protein,Q8BJ71,Nuclear pore complex protein Nup93 [OS=Mus musculus],0,11.003,6,4,11,4,93.2,Nup93,,,,,,,,,,,,,,,,,,,,,,,Regulation of HSF1-mediated heat shock response; Transport of the SLBP independent Mature mRNA; Transport of the SLBP Dependant Mature mRNA; Transport of Mature mRNA Derived from an Intronless Transcript; Transport of Mature mRNA derived from an Intron-Containing Transcript; Regulation of Glucokinase by Glucokinase Regulatory Protein; IPs transport between nucleus and cytosol; IP3 and IP4 transport between cytosol and nucleus; IP6 and IP7 transport between cytosol and nucleus; snRNP Assembly; SUMOylation of DNA damage response and repair proteins; SUMOylation of ubiquitinylation proteins; Nuclear Pore Complex (NPC) Disassembly; SUMOylation of SUMOylation proteins; SUMOylation of chromatin organization proteins; SUMOylation of RNA binding proteins; SUMOylation of DNA replication proteins; Transcriptional regulation by small RNAs; Postmitotic nuclear pore complex (NPC) reformation
FALSE,High,Master Protein,Q04447,Creatine kinase B-type [OS=Mus musculus],0,10.996,18,5,13,4,42.7,Ckb,0.001,0.001,,,11867499,,,9167111,,7848846,,15353174,,,,,,,,,,,RND3 GTPase cycle; Creatine metabolism
FALSE,High,Master Protein,P83940,Elongin-C [OS=Mus musculus],0,10.992,29,2,13,2,12.5,Eloc,1000,1000,,,,,,,,,,,8189922,5327725.5,5573190,4730104.5,1989454.625,3476199.25,6269948,4758132,,,Ribosome Quality Control (RQC) complex extracts and degrades nascent peptide; Antigen processing: Ubiquitination & Proteasome degradation; Neddylation; Formation of RNA Pol II elongation complex ; RNA Polymerase II Pre-transcription Events; TP53 Regulates Transcription of DNA Repair Genes; Oxygen-dependent proline hydroxylation of Hypoxia-inducible Factor Alpha; Inactivation of CSF3 (G-CSF) signaling
FALSE,High,Master Protein,Q9DCL9,Bifunctional phosphoribosylaminoimidazole carboxylase/phosphoribosylaminoimidazole succinocarboxamide synthetase [OS=Mus musculus],0,10.986,12,4,9,4,47,Paics,0.304,0.001,0.00611189,,12723116,10334465,9525907,11686996,4859853,5223495,8174750,5992209.5,3554202.75,3468001,3158151.75,1724341,,,2694291,,,Purine metabolism,Purine ribonucleoside monophosphate biosynthesis
FALSE,High,Master Protein,Q8CFI5,"Probable proline--tRNA ligase, mitochondrial [OS=Mus musculus]",0,10.97,10,4,10,4,53.5,Pars2,,,,,,,,,,,,,,,,,,,,,,,
FALSE,High,Master Protein,Q91WP6,Serine protease inhibitor A3N [OS=Mus musculus],0,10.958,10,3,8,2,46.7,Serpina3n,1000,,,,,,,,,,,,10310178,7230036,6362936,7809518.625,,,,,,,
FALSE,High,Master Protein,Q91X72,Hemopexin [OS=Mus musculus],0,10.936,11,5,11,5,51.3,Hpx,1000,1000,,,,,,,,,,,3662951.75,5072352.5,2447374.25,3757578,,1715308,2191891.25,3039563.25,,,Scavenging of heme from plasma
FALSE,High,Master Protein,Q8BRT1,CLIP-associating protein 2 [OS=Mus musculus],0,10.929,5,5,11,1,140.7,Clasp2,,,,,,,,,,,,,,,,,,,,,,,Separation of Sister Chromatids; Amplification  of signal from unattached  kinetochores via a MAD2  inhibitory signal; Resolution of Sister Chromatid Cohesion; RHO GTPases Activate Formins; EML4 and NUDC in mitotic spindle formation
FALSE,High,Master Protein,Q3UNZ8,Quinone oxidoreductase-like protein 2 [OS=Mus musculus],0,10.901,15,3,7,3,37.8,Cryzl2,,,,,,,,,,,,,,,,,,,,,,,
FALSE,High,Master Protein,Q8BFW7,Lipoma-preferred partner homolog [OS=Mus musculus],0,10.878,8,3,8,3,65.8,Lpp,1000,,,,,,,,,,,,2286311.5,,,,,,,,,,
FALSE,High,Master Protein,Q9JIX8,Apoptotic chromatin condensation inducer in the nucleus [OS=Mus musculus],0,10.829,3,4,17,4,150.6,Acin1,1000,1000,,,,,,,,,,,2393362.75,1580024.25,1697319,2827409.25,602855.5,887859.0625,1090228.5,1501880.5,,mRNA processing,mRNA Splicing - Major Pathway; Apoptotic cleavage of cellular proteins
FALSE,High,Master Protein,P01029,Complement C4-B [OS=Mus musculus],0,10.819,4,4,9,4,192.8,C4b,1000,,,,,,,,,,,,2205347.25,,,,,,,,,"SIDS susceptibility pathways; Oxidative damage response; Complement activation, classical pathway; Complement and coagulation cascades",Regulation of Complement cascade; Regulation of Insulin-like Growth Factor (IGF) transport and uptake by Insulin-like Growth Factor Binding Proteins (IGFBPs); Post-translational protein phosphorylation; Activation of C3 and C5; Initial triggering of complement
FALSE,High,Master Protein,P01872,Immunoglobulin heavy constant mu [OS=Mus musculus],0,10.789,11,3,7,3,49.9,Ighm,1000,1000,,,,,,,,,,5569970,9946903,3411683.75,7585436.5,4527632,2060096.375,3529331.25,10983346,11068979,,,Cell surface interactions at the vascular wall; CD22 mediated BCR regulation; Antigen activates B Cell Receptor (BCR) leading to generation of second messengers
FALSE,High,Master Protein,Q8CBY8,Dynactin subunit 4 [OS=Mus musculus],0,10.78,15,4,9,4,53,Dctn4,,,,,,,,,,,,,,,,,,,,,,,MHC class II antigen presentation; COPI-mediated anterograde transport; HSP90 chaperone cycle for steroid hormone receptors (SHR) in the presence of ligand; COPI-independent Golgi-to-ER retrograde traffic
FALSE,High,Master Protein,O88844,Isocitrate dehydrogenase [NADP] cytoplasmic [OS=Mus musculus],0,10.77,10,3,23,2,46.6,Idh1,,,,,,,,,,,,,,,,,,,,,,Glutathione metabolism; Oxidative stress and redox pathway; Glutathione and one-carbon metabolism,Peroxisomal protein import; Neutrophil degranulation; NADPH regeneration
FALSE,High,Master Protein,Q8CAK1,"Iron-sulfur cluster assembly factor IBA57, mitochondrial [OS=Mus musculus]",0,10.761,17,4,12,4,38.4,Iba57,,,,,,,,,,,,,,,,,,,,,,,
FALSE,High,Master Protein,P35283,Ras-related protein Rab-12 [OS=Mus musculus],0,10.752,15,3,21,2,27.3,Rab12,1000,1000,,,,,,,,,,,3419358.5,,3238891.5,,3341665,4380833.5,4888443,3062078.75,,,RAB GEFs exchange GTP for GDP on RABs; RAB geranylgeranylation
FALSE,High,Master Protein,Q99KX1,Myeloid leukemia factor 2 [OS=Mus musculus],0,10.728,16,3,18,3,28,Mlf2,,,,,,,,,,,,,,,,,,,,,,,
FALSE,High,Master Protein,Q64444,Carbonic anhydrase 4 [OS=Mus musculus],0,10.724,11,3,14,3,34.3,Ca4,0.852,0.574,0.868548828,0.009657497,3107657.5,3135907,1300832.25,3768457.25,9043726.25,5834563.75,7094119.75,10019293,2890043.5,2367203.5,2093092.25,2940724.75,4409080,4000387.25,4740882.5,4941639.5,,,Erythrocytes take up carbon dioxide and release oxygen; Erythrocytes take up oxygen and release carbon dioxide; Reversible hydration of carbon dioxide
FALSE,High,Master Protein,Q921F4,Heterogeneous nuclear ribonucleoprotein L-like [OS=Mus musculus],0,10.709,12,4,14,4,64.1,Hnrnpll,,,,,,,,,,,,,,,,,,,,,,mRNA processing,
FALSE,High,Master Protein,P29268,CCN family member 2 [OS=Mus musculus],0,10.692,15,5,10,5,37.8,Ccn2,,,,,,,,,,,,,,,,,,,,,,Lung fibrosis; Comprehensive IL-17A signaling,
FALSE,High,Master Protein,Q9D6J5,"NADH dehydrogenase [ubiquinone] 1 beta subcomplex subunit 8, mitochondrial [OS=Mus musculus]",0,10.689,25,3,11,3,21.9,Ndufb8,,,,,,,,,,,,,,,,,,,,,,Oxidative phosphorylation,Mitochondrial protein import; Complex I biogenesis
FALSE,High,Master Protein,Q9D773,Large ribosomal subunit protein uL2m [OS=Mus musculus],0,10.541,20,4,12,4,33.3,Mrpl2,,,,,,,,,,,,,,,,,,,,,,,Mitochondrial translation elongation; Mitochondrial translation termination; Mitochondrial ribosome-associated quality control
FALSE,High,Master Protein,Q3TVI8,Pre-B-cell leukemia transcription factor-interacting protein 1 [OS=Mus musculus],0,10.487,7,4,10,4,81.1,Pbxip1,1000,1000,,,,,,,,,,,4675503.75,974635.3125,1627381.875,,932071.6875,,1672778.875,,,,
FALSE,High,Master Protein,Q9D8Y0,EF-hand domain-containing protein D2 [OS=Mus musculus],0,10.476,23,5,15,5,26.8,Efhd2,1000,,,,,,,,,,,,,3188826.5,3309176.75,3509442.25,,,,,,,RHOD GTPase cycle
FALSE,High,Master Protein,P62317,Small nuclear ribonucleoprotein Sm D2 [OS=Mus musculus],0,10.472,41,4,19,4,13.5,Snrpd2,1000,1000,,,,,,,,,,,6807765.5,5410359.25,4806099,1438135.625,3049304.625,1355242.375,5330962.5,2608976.5,,mRNA processing; EGFR1 signaling pathway,snRNP Assembly; mRNA Splicing - Major Pathway; mRNA Splicing - Minor Pathway
FALSE,High,Master Protein,Q9JM76,Actin-related protein 2/3 complex subunit 3 [OS=Mus musculus],0,10.454,25,4,17,4,20.5,Arpc3,1000,1000,,,,,,,,,,,6710951.375,5307346.75,5984541.25,4185418,,,2636440.5,4199605.125,,B cell receptor signaling pathway; Comprehensive IL-17A signaling,Clathrin-mediated endocytosis; Regulation of actin dynamics for phagocytic cup formation; EPHB-mediated forward signaling; RHO GTPases Activate WASPs and WAVEs
FALSE,High,Master Protein,Q9CPY7,Cytosol aminopeptidase [OS=Mus musculus],0,10.453,8,4,15,4,56.1,Lap3,,,,,,,,,,,,,,,,,,,,,,Oxidative stress and redox pathway,
FALSE,High,Master Protein,Q8BRF7,Sec1 family domain-containing protein 1 [OS=Mus musculus],0,10.38,8,3,6,3,72.3,Scfd1,1000,1000,,,,,,,,,,,10885694.75,7381997,5166973.5,2758746.5,5073149.5,,9540295,4953185,,,RHOA GTPase cycle; COPII-mediated vesicle transport
FALSE,High,Master Protein,G5E870,E3 ubiquitin-protein ligase TRIP12 [OS=Mus musculus],0,10.331,2,3,9,3,224,Trip12,,,,,,,,,,,,,,,,,,,,,,,Antigen processing: Ubiquitination & Proteasome degradation
FALSE,High,Master Protein,Q9Z1P7,KN motif and ankyrin repeat domain-containing protein 3 [OS=Mus musculus],0,10.32,6,4,19,4,84.1,Kank3,1000,1000,,,,,,,,,,,4598658.625,,,2423869,1463129.875,1616681.5,4106088.5,5963998.5,,,
FALSE,High,Master Protein,Q9D517,1-acyl-sn-glycerol-3-phosphate acyltransferase gamma [OS=Mus musculus],0,10.313,11,3,9,3,43.3,Agpat3,54.107,1000,0.203038662,,2323293.75,1154367.625,,,,,,,3990274.5,3379481.375,4156335.625,2523794.375,,995771.0625,,,,Triacylglyceride synthesis,COPI-independent Golgi-to-ER retrograde traffic; Synthesis of PA
FALSE,High,Master Protein,O88587,Catechol O-methyltransferase [OS=Mus musculus],0,10.296,12,2,7,2,29.5,Comt,1000,,,,,,,,,,,,4865008.5,3516434.75,2275259.5,2324508,,,,,,Methylation; Metapathway biotransformation; Estrogen metabolism; Biogenic amine synthesis,Enzymatic degradation of dopamine by COMT; Methylation; Enzymatic degradation of Dopamine by monoamine oxidase
FALSE,High,Master Protein,O88967,ATP-dependent zinc metalloprotease YME1L1 [OS=Mus musculus],0,10.277,6,3,9,3,80,Yme1l1,1000,1000,,,,,,,,,,,2024682.875,,1537107.75,1706407,,,1598243.375,,,,Processing of SMDT1; Cellular response to mitochondrial stress
FALSE,High,Master Protein,Q9CR21,"Acyl carrier protein, mitochondrial [OS=Mus musculus]",0,10.276,9,1,17,1,17.4,Ndufab1,1.009,0.345,0.761466184,0.046905733,11315877,6672740.5,4408584,5047584,7032293,7692356.5,12053569,8452123,11075319,7232205.5,4582511,4768058,,1998651.875,6169089.5,3861889,,Electron transport chain,Complex I biogenesis; Mitochondrial ribosome-associated quality control; Mitochondrial Fatty Acid Beta-Oxidation; Protein lipoylation
FALSE,High,Master Protein,P97863,Nuclear factor 1 B-type [OS=Mus musculus],0,10.273,8,4,21,3,63.5,Nfib,1000,1000,,,,,,,,,,,,,3491040.5,2554842,,,2226038.5,4318805,,,
FALSE,High,Master Protein,Q9CWW6,Peptidyl-prolyl cis-trans isomerase NIMA-interacting 4 [OS=Mus musculus],0,10.246,18,2,11,2,13.8,Pin4,1000,1000,,,,,,,,,,,7017704,3335521.25,4499260,2823851.25,1226915.375,2513595,3070529,2912021.5,,,
FALSE,High,Master Protein,Q3TUH1,"Phosphatidate cytidylyltransferase, mitochondrial [OS=Mus musculus]",0,10.235,10,3,8,3,37.8,Tamm41,,,,,,,,,,,,,,,,,,,,,Met-loss+Acetyl [N-Term]; Acetyl [N-Term],,
FALSE,High,Master Protein,Q6PGC1,ATP-dependent RNA helicase DHX29 [OS=Mus musculus],0,10.217,3,4,11,4,153.9,Dhx29,1000,1000,,,,,,,,,,,,4048650.313,3327363.75,1892979.75,,1285967,,,,,
FALSE,High,Master Protein,Q9D1H8,Large ribosomal subunit protein mL53 [OS=Mus musculus],0,10.209,41,3,8,3,12.7,Mrpl53,,,,,,,,,,,,,,,,,,,,,,,Mitochondrial translation elongation; Mitochondrial translation termination; Mitochondrial ribosome-associated quality control
FALSE,High,Master Protein,Q9R0Q6,Actin-related protein 2/3 complex subunit 1A [OS=Mus musculus],0,10.193,8,3,8,3,41.6,Arpc1a,1000,1000,,,,,,,,,,,2489862.25,1733090,,1216231.75,,,,1424825,Acetyl [N-Term]; Met-loss+Acetyl [N-Term],,Regulation of actin dynamics for phagocytic cup formation; Clathrin-mediated endocytosis; EPHB-mediated forward signaling; RHO GTPases Activate WASPs and WAVEs
FALSE,High,Master Protein,P62821,Ras-related protein Rab-1A [OS=Mus musculus],0,10.19,19,3,23,1,22.7,Rab1a,,,,,,,,,,,,,,,,,,,,,,,RAB GEFs exchange GTP for GDP on RABs; COPII-mediated vesicle transport; COPI-dependent Golgi-to-ER retrograde traffic; COPI-mediated anterograde transport; RAB geranylgeranylation; Golgi Cisternae Pericentriolar Stack Reorganization
FALSE,High,Master Protein,Q9DC28,Casein kinase I isoform delta [OS=Mus musculus],0,10.175,12,4,20,4,47.3,Csnk1d,1000,1000,,,,,,,,,,,4998966,3053084,4378832,3183393.5,1626616,2072094,2834641.75,3016221.5,,Wnt signaling pathway,Recruitment of NuMA to mitotic centrosomes; Anchoring of the basal body to the plasma membrane; Regulation of PLK1 Activity at G2/M Transition; Loss of Nlp from mitotic centrosomes; Recruitment of mitotic centrosome proteins and complexes; AURKA Activation by TPX2; COPII-mediated vesicle transport; Major pathway of rRNA processing in the nucleolus and cytosol
FALSE,High,Master Protein,Q8VE95,UPF0598 protein C8orf82 homolog [OS=Mus musculus],0,10.174,14,2,10,2,24.3,,,,,,,,,,,,,,,,,,,,,,,,
FALSE,High,Master Protein,Q9QWR8,Alpha-N-acetylgalactosaminidase [OS=Mus musculus],0,10.163,10,4,18,4,47.2,Naga,0.001,,,,3445391.25,2451810.75,2531967.75,2776614.25,,,,,,,,,,,,,,,
FALSE,High,Master Protein,P84104,Serine/arginine-rich splicing factor 3 [OS=Mus musculus],0,10.141,13,2,25,1,19.3,Srsf3,1.713,1.659,0.006454686,0.059971927,3403064.5,3415668.75,3602179,4528553.5,2569481.5,2024945.5,2628317.5,2412654.5,5898544,4628973,6980059,7667711,2811316.75,2760548.25,5406344,4868625.5,,mRNA processing,Transport of Mature mRNA derived from an Intron-Containing Transcript; mRNA Splicing - Major Pathway; mRNA 3'-end processing; RNA Polymerase II Transcription Termination
FALSE,High,Master Protein,Q9D6Y7,Mitochondrial peptide methionine sulfoxide reductase [OS=Mus musculus],0,10.098,22,4,7,4,26,Msra,,,,,,,,,,,,,,,,,,,,,,,Protein repair
FALSE,High,Master Protein,O70551,SRSF protein kinase 1 [OS=Mus musculus],0,10.067,7,4,8,2,73,Srpk1,,,,,,,,,,,,,,,,,,,,,,mRNA processing,
FALSE,High,Master Protein,O70305,Ataxin-2 [OS=Mus musculus],0,10.057,3,2,13,2,136.4,Atxn2,,,,,,,,,,,,,,,,,,,,,,,
FALSE,High,Master Protein,Q9EQU5,Protein SET [OS=Mus musculus],0,10.043,13,3,10,3,33.4,Set,1000,1000,,,,,,,,,,,5764226.125,3956706.875,4327961.5,4847204.375,,2074261.125,3436001.25,,,,Condensation of Prophase Chromosomes; HuR (ELAVL1) binds and stabilizes mRNA
FALSE,High,Master Protein,P26883,Peptidyl-prolyl cis-trans isomerase FKBP1A [OS=Mus musculus],0,10.039,25,2,14,2,11.9,Fkbp1a,,,,,,,,,,,,,,,,,,,,,,TGF-beta signaling pathway; Spinal cord injury; TGF-beta receptor signaling pathway; Calcium regulation in cardiac cells,TGF-beta receptor signaling activates SMADs; mTORC1-mediated signalling; Calcineurin activates NFAT
FALSE,High,Master Protein,Q61738,Integrin alpha-7 [OS=Mus musculus],0,9.994,3,3,7,3,129.2,Itga7,,,,,,,,,,,,,,,,,,,,,,,ECM proteoglycans; Laminin interactions
FALSE,High,Master Protein,P07759,Serine protease inhibitor A3K [OS=Mus musculus],0,9.954,14,4,9,3,46.9,Serpina3k,1000,1000,,,,,,,,,,,6258606.25,11076785.25,,,1141507.75,2470839.5,,,,,
FALSE,High,Master Protein,Q9CQF3,Cleavage and polyadenylation specificity factor subunit 5 [OS=Mus musculus],0,9.952,19,3,10,3,26.2,Nudt21,1000,1000,,,,,,1738176.75,,,,,5215427,4112259,4354141,3900002.5,,,2179589,,,mRNA processing,RNA Polymerase II Transcription Termination; mRNA 3'-end processing; Processing of Intronless Pre-mRNAs
FALSE,High,Master Protein,D3YYU8,Obscurin-like protein 1 [OS=Mus musculus],0,9.937,3,5,8,5,197.8,Obsl1,,,,,,,,,,,,,,,,,,,,,,,
FALSE,High,Master Protein,Q9CYN2,Signal peptidase complex subunit 2 [OS=Mus musculus],0,9.935,13,2,9,2,25,Spcs2,,,,,,,,,,,,,,,,,,,,,,,"Regulation of CDH1 posttranslational processing and trafficking to plasma membrane; Synthesis, secretion, and deacylation of Ghrelin"
FALSE,High,Master Protein,Q505D7,Optic atrophy 3 protein homolog [OS=Mus musculus],0,9.873,16,4,20,4,20.1,Opa3,,,,,,,,,,,,,,,,,,,,,Met-loss [N-Term],,
FALSE,High,Master Protein,Q80WG5,Volume-regulated anion channel subunit LRRC8A [OS=Mus musculus],0,9.859,5,4,6,3,94.1,Lrrc8a,1000,1000,,,,,,,,,,,,,2337780.75,,,1726694.875,,,,,Miscellaneous transport and binding events
FALSE,High,Master Protein,Q9JKL4,NADH dehydrogenase [ubiquinone] 1 alpha subcomplex assembly factor 3 [OS=Mus musculus],0,9.803,22,3,15,3,20.7,Ndufaf3,,,,,,,,,,,,,,,,,,,,,,,Complex I biogenesis
FALSE,High,Master Protein,Q64012,RNA-binding protein Raly [OS=Mus musculus],0,9.8,14,3,15,3,33.2,Raly,1000,1000,,,,,,,,,,,5210675.5,4272773,3524998.5,5814721.5,2050110.875,,3658716.25,3212239.75,,mRNA processing,
FALSE,High,Master Protein,P29758,"Ornithine aminotransferase, mitochondrial [OS=Mus musculus]",0,9.788,11,4,13,4,48.3,Oat,1000,,,,,,,,,,,,,3293400.75,,2807663.75,,,,,,,Glutamate and glutamine metabolism
FALSE,High,Master Protein,P29391,Ferritin light chain 1 [OS=Mus musculus],0,9.775,25,3,11,3,20.8,Ftl1,,,,,,,,,,,,,,,,,,,,,,,
FALSE,High,Master Protein,Q8BYB9,Protein O-glucosyltransferase 1 [OS=Mus musculus],0,9.725,4,1,6,1,46.4,Poglut1,1000,,,,,,,,,,,,3055627.75,,1484276.5,,,,,,,,
FALSE,High,Master Protein,Q68FH0,Plakophilin-4 [OS=Mus musculus],0,9.723,5,5,10,5,131.5,Pkp4,,,,,,,,,,,,,,,,,,,,,,,Formation of the cornified envelope; RND2 GTPase cycle; RND3 GTPase cycle; RND1 GTPase cycle
FALSE,High,Master Protein,P56379,"ATP synthase F(0) complex subunit j, mitochondrial [OS=Mus musculus]",0,9.721,14,1,36,1,6.7,Atp5mj,0.096,0.044,0.000207425,1.37393E-05,194580720,120053223,153770269,155684378,400086992,410764352,491339152,349851164,17996184,9206449,15455004,19908564,14776400,18512000,21411040,16987966,,,Formation of ATP by chemiosmotic coupling; Cristae formation
FALSE,High,Master Protein,P19536,"Cytochrome c oxidase subunit 5B, mitochondrial [OS=Mus musculus]",0,9.72,24,3,21,3,13.8,Cox5b,0.67,0.156,0.048844326,0.001178216,50024102,11770352.5,7149148.875,26296562.13,47855825.5,92432500.75,70293654,37166106.5,23422796,9672825,5694675,14821789,6025389.5,10096173,14179757,7210407.5,,,Cytoprotection by HMOX1; TP53 Regulates Metabolic Genes; Respiratory electron transport; Complex IV assembly; Mitochondrial protein degradation
FALSE,High,Master Protein,Q7TNC4,Putative RNA-binding protein Luc7-like 2 [OS=Mus musculus],0,9.639,8,2,12,2,46.6,Luc7l2,1000,1000,,,,,,,,,,,,,2510136.25,,,,1306750.5,,,,
FALSE,High,Master Protein,O55128,Histone deacetylase complex subunit SAP18 [OS=Mus musculus],0,9.624,25,4,19,4,17.6,Sap18,1000,1000,,,,,,,,,,,7010078.5,4609808.5,6427090,7074778,3004790.75,2458743.5,4127081.25,3857372.75,,Hedgehog signaling pathway,mRNA Splicing - Major Pathway; HDACs deacetylate histones
FALSE,High,Master Protein,Q921H9,Cytochrome c oxidase assembly factor 7 [OS=Mus musculus],0,9.616,16,2,14,2,25.6,Coa7,0.837,0.521,0.050452206,0.018901059,4023481.5,2503995.75,3780583.5,3084483.25,5769344,5500849.5,5819589.5,4843502,3328510.5,2120515,2321773,2627785.5,2450036.5,2767562.5,4565346,2617252.5,,,
FALSE,High,Master Protein,P50516,V-type proton ATPase catalytic subunit A [OS=Mus musculus],0,9.614,7,3,4,3,68.3,Atp6v1a,1000,,,,,,,,,,,,851863.375,481286.5625,702873.9375,669049.875,,,,,,,Insulin receptor recycling; Amino acids regulate mTORC1; ROS and RNS production in phagocytes; Transferrin endocytosis and recycling; Ion channel transport
FALSE,High,Master Protein,P08551,Neurofilament light polypeptide [OS=Mus musculus],0,9.611,3,2,37,1,61.5,Nefl,,,,,,,,,,,,,,,,,,,,,,,"RAF/MAP kinase cascade; Unblocking of NMDA receptors, glutamate binding and activation"
FALSE,High,Master Protein,Q9QZ88,Vacuolar protein sorting-associated protein 29 [OS=Mus musculus],0,9.605,25,3,7,3,20.5,Vps29,,,,,,,,,,,,,,,,,,,,,,,WNT ligand biogenesis and trafficking
FALSE,High,Master Protein,P26516,26S proteasome non-ATPase regulatory subunit 7 [OS=Mus musculus],0,9.601,12,3,9,3,36.5,Psmd7,,,,,,,,,,,,,,,,,,,,,,TNF-alpha NF-kB signaling pathway; Proteasome degradation,Separation of Sister Chromatids; The role of GTSE1 in G2/M progression after G2 checkpoint; FCERI mediated NF-kB activation; Downstream TCR signaling; Ribosome Quality Control (RQC) complex extracts and degrades nascent peptide; Neutrophil degranulation; Activation of NF-kappaB in B cells; Neddylation; Asymmetric localization of PCP proteins; Degradation of AXIN; Hedgehog 'on' state; Ub-specific processing proteases; Regulation of RUNX3 expression and activity; Antigen processing: Ubiquitination & Proteasome degradation; Autodegradation of Cdh1 by Cdh1:APC/C; APC/C:Cdc20 mediated degradation of Securin; APC/C:Cdh1 mediated degradation of Cdc20 and other APC/C:Cdh1 targeted proteins in late mitosis/early G1; Cdc20:Phospho-APC/C mediated degradation of Cyclin A; Assembly of the pre-replicative complex; CDK-mediated phosphorylation and removal of Cdc6; MAPK6/MAPK4 signaling; UCH proteinases; Regulation of PTEN stability and activity; ABC-family proteins mediated transport; Regulation of RAS by GAPs; FBXL7 down-regulates AURKA during mitotic entry and in early mitosis; Degradation of CDH1; Regulation of ornithine decarboxylase (ODC); Oxygen-dependent proline hydroxylation of Hypoxia-inducible Factor Alpha; Cross-presentation of soluble exogenous antigens (endosomes); SCF(Skp2)-mediated degradation of p27/p21; Degradation of beta-catenin by the destruction complex; Autodegradation of the E3 ubiquitin ligase COP1; AUF1 (hnRNP D0) binds and destabilizes mRNA; Degradation of DVL; Hedgehog ligand biogenesis; Dectin-1 mediated noncanonical NF-kB signaling; Degradation of GLI1 by the proteasome; GLI3 is processed to GLI3R by the proteasome; NIK-->noncanonical NF-kB signaling; Orc1 removal from chromatin; G2/M Checkpoints; Ubiquitin-Mediated Degradation of Phosphorylated Cdc25A; Ubiquitin-dependent degradation of Cyclin D; RUNX1 regulates transcription of genes involved in differentiation of HSCs; Regulation of RUNX2 expression and activity; Interleukin-1 signaling; KEAP1-NFE2L2 pathway; GSK3B and BTRC:CUL1-mediated-degradation of NFE2L2; Proteasome assembly; GSK3B-mediated proteasomal degradation of PD-L1(CD274); SPOP-mediated proteasomal degradation of PD-L1(CD274); AMPK-induced ERAD and lysosome mediated degradation of PD-L1(CD274); Degradation of CRY and PER proteins
FALSE,High,Master Protein,P00848,ATP synthase F(0) complex subunit a [OS=Mus musculus],0,9.57,20,2,16,2,25.1,Mtatp6,,0.001,,,,,,,1672731.25,2208179.25,2947316.75,1248605,,,,,,,,,,Oxidative phosphorylation; Electron transport chain,Mitochondrial protein degradation; Mitochondrial translation termination; Formation of ATP by chemiosmotic coupling; Cristae formation
FALSE,High,Master Protein,Q9R0Q7,Prostaglandin E synthase 3 [OS=Mus musculus],0,9.545,26,3,11,3,18.7,Ptges3,1000,1000,,,,,,,,,,,3977952,,,6932359.75,1826145.25,,,,,,Estrogen-dependent gene expression; HSP90 chaperone cycle for steroid hormone receptors (SHR) in the presence of ligand; Attenuation phase; Aryl hydrocarbon receptor signalling; Synthesis of Prostaglandins (PG) and Thromboxanes (TX); HSF1 activation
FALSE,High,Master Protein,Q9D7H3,RNA 3'-terminal phosphate cyclase [OS=Mus musculus],0,9.529,11,3,18,3,39.2,RtcA,2.3,30.607,0.007769506,,1786669.5,1264594.25,1369396.625,1446316.375,1330129.5,1312319.375,,,4230239.5,2824428.75,3459420.5,2169894.25,,1229373.25,1792082.375,1591536.625,,,
FALSE,High,Master Protein,Q9D0S9,Adenosine 5'-monophosphoramidase HINT2 [OS=Mus musculus],0,9.502,21,2,9,2,17.3,Hint2,,0.001,,,,,,,,,4390122,,,,,,,,,,,,RHOD GTPase cycle
FALSE,High,Master Protein,Q9R099,Transducin beta-like protein 2 [OS=Mus musculus],0,9.499,5,2,11,2,49.6,Tbl2,0.291,0.186,0.007067089,0.000311648,17832038.38,18132902,14498326,20601198,11045240,11482529.88,12493642,11619893,5962308.25,,5047411.75,5230124.625,,2063053.875,2473817.75,2248077,,,
FALSE,High,Master Protein,Q8VDM4,26S proteasome non-ATPase regulatory subunit 2 [OS=Mus musculus],0,9.485,5,4,16,4,100.1,Psmd2,78.254,2.92,0.023852927,0.09765944,,1574271.625,,1213218.625,2643057.25,3173111,3435773.5,,11735772,8457136.875,7894029.5,7429411.75,3516653.125,8091182.5,11489531.25,6428145,,Proteasome degradation,Antigen processing: Ubiquitination & Proteasome degradation; Neutrophil degranulation; MAPK6/MAPK4 signaling; Separation of Sister Chromatids; FCERI mediated NF-kB activation; Downstream TCR signaling; Ribosome Quality Control (RQC) complex extracts and degrades nascent peptide; Activation of NF-kappaB in B cells; Neddylation; Asymmetric localization of PCP proteins; Degradation of AXIN; Hedgehog 'on' state; Ub-specific processing proteases; Regulation of RUNX3 expression and activity; Autodegradation of Cdh1 by Cdh1:APC/C; APC/C:Cdc20 mediated degradation of Securin; APC/C:Cdh1 mediated degradation of Cdc20 and other APC/C:Cdh1 targeted proteins in late mitosis/early G1; Cdc20:Phospho-APC/C mediated degradation of Cyclin A; Assembly of the pre-replicative complex; CDK-mediated phosphorylation and removal of Cdc6; The role of GTSE1 in G2/M progression after G2 checkpoint; UCH proteinases; Regulation of PTEN stability and activity; ABC-family proteins mediated transport; Regulation of RAS by GAPs; FBXL7 down-regulates AURKA during mitotic entry and in early mitosis; Degradation of CDH1; Regulation of ornithine decarboxylase (ODC); Oxygen-dependent proline hydroxylation of Hypoxia-inducible Factor Alpha; Cross-presentation of soluble exogenous antigens (endosomes); SCF(Skp2)-mediated degradation of p27/p21; Degradation of beta-catenin by the destruction complex; Autodegradation of the E3 ubiquitin ligase COP1; AUF1 (hnRNP D0) binds and destabilizes mRNA; Degradation of DVL; Hedgehog ligand biogenesis; Dectin-1 mediated noncanonical NF-kB signaling; Degradation of GLI1 by the proteasome; GLI3 is processed to GLI3R by the proteasome; NIK-->noncanonical NF-kB signaling; Orc1 removal from chromatin; G2/M Checkpoints; Ubiquitin-Mediated Degradation of Phosphorylated Cdc25A; Ubiquitin-dependent degradation of Cyclin D; RUNX1 regulates transcription of genes involved in differentiation of HSCs; Regulation of RUNX2 expression and activity; Interleukin-1 signaling; KEAP1-NFE2L2 pathway; GSK3B and BTRC:CUL1-mediated-degradation of NFE2L2; Proteasome assembly; GSK3B-mediated proteasomal degradation of PD-L1(CD274); SPOP-mediated proteasomal degradation of PD-L1(CD274); AMPK-induced ERAD and lysosome mediated degradation of PD-L1(CD274); Degradation of CRY and PER proteins
FALSE,High,Master Protein,Q9R0U0,Serine/arginine-rich splicing factor 10 [OS=Mus musculus],0,9.481,15,3,11,3,31.3,Srsf10,,,,,,,,,,,,,,,,,,,,,,mRNA processing,mRNA Splicing - Major Pathway; Processing of Capped Intron-Containing Pre-mRNA
FALSE,High,Master Protein,Q8R326,Paraspeckle component 1 [OS=Mus musculus],0,9.417,11,4,9,4,58.7,Pspc1,,,,,,,,,,,,,,,,,,,,,,mRNA processing,
FALSE,High,Master Protein,O54988,STE20-like serine/threonine-protein kinase [OS=Mus musculus],0,9.402,3,3,10,3,141.4,Slk,1000,,,,,,,,,,,,1474787.75,,1347050.875,,,,,,,,RHOA GTPase cycle; RHOB GTPase cycle; RHOC GTPase cycle
FALSE,High,Master Protein,Q80UU9,Membrane-associated progesterone receptor component 2 [OS=Mus musculus],0,9.354,12,1,6,1,23.3,Pgrmc2,,,,,,,,,,,,,,,,,,,,,,,RHOA GTPase cycle; RHOG GTPase cycle; Heme signaling; RAC2 GTPase cycle; RAC3 GTPase cycle; RHOD GTPase cycle
FALSE,High,Master Protein,O35682,Myeloid-associated differentiation marker [OS=Mus musculus],0,9.339,8,2,14,2,35.3,Myadm,,,,,,,,,,,,,,,,,,,,,,,
FALSE,High,Master Protein,Q9CQU3,Protein RER1 [OS=Mus musculus],0,9.334,19,2,6,2,23,Rer1,1000,1000,,,,,,,,,,,10005574,4161807,4840293,3756744,,,,1300370.25,Acetyl [N-Term],,
FALSE,High,Master Protein,O08529,Calpain-2 catalytic subunit [OS=Mus musculus],0,9.324,8,5,8,5,79.8,Capn2,,,,,,,,,,,,,,,,,,,,,,Alzheimer's disease; Integrin-mediated cell adhesion,"Degradation of the extracellular matrix; High laminar flow shear stress activates signaling by PIEZO1 and PECAM1:CDH5:KDR in endothelial cells; Turbulent (oscillatory, disturbed) flow shear stress activates signaling by PIEZO1 and integrins in endothelial cells"
FALSE,High,Master Protein,Q4KML4,Costars family protein ABRACL [OS=Mus musculus],0,9.323,31,2,6,2,9,Abracl,,,,,,,,,,,,,,,,,,,,,Acetyl [N-Term],,
FALSE,High,Master Protein,Q9Z2U1,Proteasome subunit alpha type-5 [OS=Mus musculus],0,9.297,23,4,9,4,26.4,Psma5,5.171,1000,0.000558659,,1159181.875,1705041.875,,1519664.75,,,,1228761.75,6183031.5,7971877.75,6885470.375,7616691,1084727.25,1475423.375,1759221.75,1663593.75,,Proteasome degradation,"Neddylation; Antigen processing: Ubiquitination & Proteasome degradation; MAPK6/MAPK4 signaling; Separation of Sister Chromatids; Neutrophil degranulation; Ribosome Quality Control (RQC) complex extracts and degrades nascent peptide; FCERI mediated NF-kB activation; Downstream TCR signaling; Activation of NF-kappaB in B cells; Asymmetric localization of PCP proteins; Degradation of AXIN; Hedgehog 'on' state; Ub-specific processing proteases; Regulation of RUNX3 expression and activity; Autodegradation of Cdh1 by Cdh1:APC/C; APC/C:Cdc20 mediated degradation of Securin; APC/C:Cdh1 mediated degradation of Cdc20 and other APC/C:Cdh1 targeted proteins in late mitosis/early G1; Cdc20:Phospho-APC/C mediated degradation of Cyclin A; Assembly of the pre-replicative complex; CDK-mediated phosphorylation and removal of Cdc6; The role of GTSE1 in G2/M progression after G2 checkpoint; ER-Phagosome pathway; UCH proteinases; Regulation of PTEN stability and activity; ABC-family proteins mediated transport; Regulation of RAS by GAPs; FBXL7 down-regulates AURKA during mitotic entry and in early mitosis; Degradation of CDH1; Regulation of ornithine decarboxylase (ODC); Oxygen-dependent proline hydroxylation of Hypoxia-inducible Factor Alpha; Cross-presentation of soluble exogenous antigens (endosomes); SCF(Skp2)-mediated degradation of p27/p21; Degradation of beta-catenin by the destruction complex; Autodegradation of the E3 ubiquitin ligase COP1; AUF1 (hnRNP D0) binds and destabilizes mRNA; Degradation of DVL; Hedgehog ligand biogenesis; Dectin-1 mediated noncanonical NF-kB signaling; Degradation of GLI1 by the proteasome; GLI3 is processed to GLI3R by the proteasome; NIK-->noncanonical NF-kB signaling; Orc1 removal from chromatin; G2/M Checkpoints; Ubiquitin-Mediated Degradation of Phosphorylated Cdc25A; Ubiquitin-dependent degradation of Cyclin D; RUNX1 regulates transcription of genes involved in differentiation of HSCs; Regulation of RUNX2 expression and activity; Interleukin-1 signaling; KEAP1-NFE2L2 pathway; GSK3B and BTRC:CUL1-mediated-degradation of NFE2L2; Proteasome assembly; Antigen processing: Ub, ATP-independent proteasomal degradation; GSK3B-mediated proteasomal degradation of PD-L1(CD274); SPOP-mediated proteasomal degradation of PD-L1(CD274); AMPK-induced ERAD and lysosome mediated degradation of PD-L1(CD274); Degradation of CRY and PER proteins"
FALSE,High,Master Protein,Q62186,Translocon-associated protein subunit delta [OS=Mus musculus],0,9.29,17,2,11,2,18.9,Ssr4,,,,,,,,,,,,,,,,,,,,,,,
FALSE,High,Master Protein,Q5SUF2,Luc7-like protein 3 [OS=Mus musculus],0,9.285,9,3,6,3,51.4,Luc7l3,1000,,,,,,,,,,,,,,2882513,,,,,,Acetyl [N-Term],,mRNA Splicing - Major Pathway
FALSE,High,Master Protein,Q8VE19,GATOR2 complex protein MIOS [OS=Mus musculus],0,9.274,5,3,7,3,98.3,Mios,,,,,,,,,,,,,,,,,,,,,,,Amino acids regulate mTORC1
FALSE,High,Master Protein,Q9CR59,Large ribosomal subunit protein mL64 [OS=Mus musculus],0,9.27,12,3,16,3,25.8,Gadd45gip1,1000,0.882,,0.410198879,,,,,,7240054,7152138.5,,3211096.25,,2715038.25,2299846,3325663,2980220.5,6305143,,,Mechanisms associated with pluripotency,Mitochondrial translation elongation; Mitochondrial translation termination; Mitochondrial ribosome-associated quality control
FALSE,High,Master Protein,P01831,Thy-1 membrane glycoprotein [OS=Mus musculus],0,9.261,25,3,12,3,18.1,Thy1,,,,,,,,,,,,,,,,,,,,,,,Post-translational modification: synthesis of GPI-anchored proteins
FALSE,High,Master Protein,Q811U4,Mitofusin-1 [OS=Mus musculus],0,9.256,5,3,10,3,83.7,Mfn1,,,,,,,,,,,,,,,,,,,,,,,PINK1-PRKN Mediated Mitophagy; Factors involved in megakaryocyte development and platelet production; RHOT2 GTPase cycle
FALSE,High,Master Protein,P68037,Ubiquitin-conjugating enzyme E2 L3 [OS=Mus musculus],0,9.236,29,3,11,3,17.9,Ube2l3,6.095,1000,,,,866441.9375,,1247048.375,,,1442998.625,,,5281383,4681338,,1121422.25,2264043.25,2804486.25,3481032,,Parkinson's disease,Antigen processing: Ubiquitination & Proteasome degradation; E3 ubiquitin ligases ubiquitinate target proteins; PINK1-PRKN Mediated Mitophagy; Regulation of TNFR1 signaling; Regulation of necroptotic cell death; Synthesis of active ubiquitin: roles of E1 and E2 enzymes
FALSE,High,Master Protein,P26369,Splicing factor U2AF 65 kDa subunit [OS=Mus musculus],0,9.223,9,3,9,3,53.5,U2af2,1,,,,2083531.625,,,,,,,,,,,1888352.75,,,,,,mRNA processing,Transport of Mature mRNA derived from an Intron-Containing Transcript; mRNA Splicing - Major Pathway; mRNA 3'-end processing; RNA Polymerase II Transcription Termination; Protein hydroxylation
FALSE,High,Master Protein,P21845,Tryptase beta-2 [OS=Mus musculus],0,9.21,13,3,11,3,30.9,Tpsb2,0.001,0.001,,,1983374.625,2411054,1978803,3181816.25,,,1016773.125,1368583.125,,,,,,,,,,,Activation of Matrix Metalloproteinases
FALSE,High,Master Protein,P63321,Ras-related protein Ral-A [OS=Mus musculus],0,9.198,10,2,12,2,23.5,Rala,,,,,,,,,,,,,,,,,,,,,,,
FALSE,High,Master Protein,Q8K2C6,"NAD-dependent protein deacylase sirtuin-5, mitochondrial [OS=Mus musculus]",0,9.194,9,2,6,2,34.1,Sirt5,,,,,,,,,,,,,,,,,,,,,,,Transcriptional activation of mitochondrial biogenesis
FALSE,High,Master Protein,P63328,Protein phosphatase 3 catalytic subunit alpha [OS=Mus musculus],0,9.146,8,4,16,1,58.6,Ppp3ca,,,,,,,,,,,,,,,,,,,,,,Mitochondrial gene expression; MicroRNAs in cardiomyocyte hypertrophy; Alzheimer's disease; Serotonin and anxiety; G protein signaling pathways; Spinal cord injury; B cell receptor signaling pathway; Mapk signaling pathway,FCERI mediated Ca+2 mobilization; Ca2+ pathway; Calcineurin activates NFAT; CLEC7A (Dectin-1) induces NFAT activation
FALSE,High,Master Protein,P28656,Nucleosome assembly protein 1-like 1 [OS=Mus musculus],0,9.134,12,3,6,2,45.3,Nap1l1,1000,,,,,,,,,,,,4602397,,,,,,,,,,
FALSE,High,Master Protein,P14211,Calreticulin [OS=Mus musculus],0,9.104,12,4,15,4,48,Calr,1,,,,,,893785.1875,,,,,,1612128.5,,,,,,,,,Androgen receptor signaling pathway; Calcium regulation in cardiac cells,"ER-Phagosome pathway; Antigen Presentation: Folding, assembly and peptide loading of class I MHC; Scavenging by Class A Receptors; Calnexin/calreticulin cycle"
FALSE,High,Master Protein,Q922Y1,UBX domain-containing protein 1 [OS=Mus musculus],0,9.097,9,2,8,2,33.6,Ubxn1,,,,,,,,,,,,,,,,,,,,,Acetyl [N-Term],,Recruitment and ATM-mediated phosphorylation of repair and signaling proteins at DNA double strand breaks; N-glycan trimming in the ER and Calnexin/Calreticulin cycle
FALSE,High,Master Protein,P70398,Ubiquitin carboxyl-terminal hydrolase 9X [OS=Mus musculus],0,9.074,2,5,10,5,290.5,Usp9x,1.428,0.934,0.02536321,0.331115745,4281364,5116476,4778858.5,4782082,5968036,7152263,6562524.5,7637178,6914652,6461870,8784002,6035897.5,4214155.5,7047526,7021074.5,6764923,,,RHOU GTPase cycle; RHOV GTPase cycle; Peroxisomal protein import; Downregulation of SMAD2/3:SMAD4 transcriptional activity; Ub-specific processing proteases; Synthesis of active ubiquitin: roles of E1 and E2 enzymes
FALSE,High,Master Protein,Q924L1,LETM1 domain-containing protein 1 [OS=Mus musculus],0,9.067,10,3,7,3,41.7,Letmd1,1000,,,,,,,,,,,,2364809.5,1259746.875,1615055,,,,,,,,
FALSE,High,Master Protein,Q8BWA5,Kelch-like protein 31 [OS=Mus musculus],0,9.067,9,3,8,3,70.1,Klhl31,,,,,,,,,,,,,,,,,,,,,,,
FALSE,High,Master Protein,Q9JII5,DAZ-associated protein 1 [OS=Mus musculus],0,9.063,8,2,7,2,43.2,Dazap1,,,,,,,,,,,,,,,,,,,,,,mRNA processing,
FALSE,High,Master Protein,P99026,Proteasome subunit beta type-4 [OS=Mus musculus],0,9.056,12,2,8,2,29.1,Psmb4,,,,,,,,,,,,,,,,,,,,,,Proteasome degradation,"Antigen processing: Ubiquitination & Proteasome degradation; MAPK6/MAPK4 signaling; Separation of Sister Chromatids; FCERI mediated NF-kB activation; Downstream TCR signaling; Ribosome Quality Control (RQC) complex extracts and degrades nascent peptide; Activation of NF-kappaB in B cells; Neddylation; Asymmetric localization of PCP proteins; Degradation of AXIN; Hedgehog 'on' state; Ub-specific processing proteases; Regulation of RUNX3 expression and activity; Autodegradation of Cdh1 by Cdh1:APC/C; APC/C:Cdc20 mediated degradation of Securin; APC/C:Cdh1 mediated degradation of Cdc20 and other APC/C:Cdh1 targeted proteins in late mitosis/early G1; Cdc20:Phospho-APC/C mediated degradation of Cyclin A; Assembly of the pre-replicative complex; CDK-mediated phosphorylation and removal of Cdc6; The role of GTSE1 in G2/M progression after G2 checkpoint; ER-Phagosome pathway; UCH proteinases; Regulation of PTEN stability and activity; ABC-family proteins mediated transport; Regulation of RAS by GAPs; FBXL7 down-regulates AURKA during mitotic entry and in early mitosis; Degradation of CDH1; Regulation of ornithine decarboxylase (ODC); Oxygen-dependent proline hydroxylation of Hypoxia-inducible Factor Alpha; Cross-presentation of soluble exogenous antigens (endosomes); SCF(Skp2)-mediated degradation of p27/p21; Degradation of beta-catenin by the destruction complex; Autodegradation of the E3 ubiquitin ligase COP1; AUF1 (hnRNP D0) binds and destabilizes mRNA; Degradation of DVL; Hedgehog ligand biogenesis; Dectin-1 mediated noncanonical NF-kB signaling; Degradation of GLI1 by the proteasome; GLI3 is processed to GLI3R by the proteasome; NIK-->noncanonical NF-kB signaling; Orc1 removal from chromatin; G2/M Checkpoints; Ubiquitin-Mediated Degradation of Phosphorylated Cdc25A; Ubiquitin-dependent degradation of Cyclin D; RUNX1 regulates transcription of genes involved in differentiation of HSCs; Regulation of RUNX2 expression and activity; Interleukin-1 signaling; KEAP1-NFE2L2 pathway; GSK3B and BTRC:CUL1-mediated-degradation of NFE2L2; Proteasome assembly; Antigen processing: Ub, ATP-independent proteasomal degradation; GSK3B-mediated proteasomal degradation of PD-L1(CD274); SPOP-mediated proteasomal degradation of PD-L1(CD274); AMPK-induced ERAD and lysosome mediated degradation of PD-L1(CD274); Degradation of CRY and PER proteins"
FALSE,High,Master Protein,O55106,Striatin [OS=Mus musculus],0,9.04,7,3,4,3,85.9,Strn,1000,,,,,,,,,,,,,,2242937.25,1931277.875,,,,,,,"PIP3 activates AKT signaling; PI5P, PP2A and IER3 Regulate PI3K/AKT Signaling; Extra-nuclear estrogen signaling"
FALSE,High,Master Protein,P03995,Glial fibrillary acidic protein [OS=Mus musculus],0,8.989,6,3,27,1,49.9,Gfap,,,,,,,,,,,,,,,,,,,,,,Neural crest differentiation; Spinal cord injury,
FALSE,High,Master Protein,O89051,Integral membrane protein 2B [OS=Mus musculus],0,8.974,11,2,12,2,30.2,Itm2b,,,,,,,,,,,,,,,,,,,,,,IL-2 signaling pathway,
FALSE,High,Master Protein,Q09199,"Beta-1,4 N-acetylgalactosaminyltransferase 2 [OS=Mus musculus]",0,8.966,7,3,3,3,58.3,B4galnt2,1000,,,,,,,,,,,,2798305.5,,,,,,,,,,Lewis blood group biosynthesis; Asparagine N-linked glycosylation
FALSE,High,Master Protein,P61089,Ubiquitin-conjugating enzyme E2 N [OS=Mus musculus],0,8.957,20,2,8,2,17.1,Ube2n,,,,,,,,,,,,,,,,,,,,,,,ISG15 antiviral mechanism; FCERI mediated NF-kB activation; Downstream TCR signaling; Recruitment and ATM-mediated phosphorylation of repair and signaling proteins at DNA double strand breaks; Nonhomologous End-Joining (NHEJ); Processing of DNA double-strand break ends; G2/M DNA damage checkpoint; Formation of Incision Complex in GG-NER; Antigen processing: Ubiquitination & Proteasome degradation; CLEC7A (Dectin-1) signaling; Aggrephagy; E3 ubiquitin ligases ubiquitinate target proteins; PINK1-PRKN Mediated Mitophagy; NOD1/2 Signaling Pathway; IKK complex recruitment mediated by RIP1; activated TAK1 mediates p38 MAPK activation; TAK1-dependent IKK and NF-kappa-B activation  ; IRAK1 recruits IKK complex; IRAK1 recruits IKK complex upon TLR7/8 or 9 stimulation; JNK (c-Jun kinases) phosphorylation and  activation mediated by activated human TAK1
FALSE,High,Master Protein,O35972,Large ribosomal subunit protein uL23m [OS=Mus musculus],0,8.953,21,2,18,2,17.1,Mrpl23,,,,,,,,,,,,,,,,,,,,,,mRNA processing,Mitochondrial translation elongation; Mitochondrial translation termination; Mitochondrial ribosome-associated quality control
FALSE,High,Master Protein,Q9CPY1,Large ribosomal subunit protein mL51 [OS=Mus musculus],0,8.951,22,2,8,2,15.1,Mrpl51,1000,1.262,,0.990822355,,,,,,4558297.75,7827490.25,1613389.75,2513184,1113436.375,1918016.25,1537817.375,2424298.5,2905055,5986437,3357863.25,,,Mitochondrial translation elongation; Mitochondrial translation termination; Mitochondrial ribosome-associated quality control
FALSE,High,Master Protein,P48453,Serine/threonine-protein phosphatase 2B catalytic subunit beta isoform [OS=Mus musculus],0,8.905,8,4,18,1,59.1,Ppp3cb,,,,,,,,,,,,,,,,,,,,,,MicroRNAs in cardiomyocyte hypertrophy; Alzheimer's disease; B cell receptor signaling pathway; T cell receptor signaling pathway; Mapk signaling pathway,FCERI mediated Ca+2 mobilization; Ca2+ pathway; Calcineurin activates NFAT; CLEC7A (Dectin-1) induces NFAT activation
FALSE,High,Master Protein,Q6ZWR6,Nesprin-1 [OS=Mus musculus],0,8.902,1,4,7,4,1009.3,Syne1,1000,,,,,,,,,,,,2982848.25,,,1963989.25,,,,,,,
FALSE,High,Master Protein,Q9R1P1,Proteasome subunit beta type-3 [OS=Mus musculus],0,8.885,16,2,4,2,22.9,Psmb3,1000,1000,,,,,,,,,,,1858058.875,1561596.125,990682.625,1467937.875,,1357007,,,,,"AMPK-induced ERAD and lysosome mediated degradation of PD-L1(CD274); ER-Phagosome pathway; Ribosome Quality Control (RQC) complex extracts and degrades nascent peptide; Antigen processing: Ubiquitination & Proteasome degradation; Ub-specific processing proteases; UCH proteinases; KEAP1-NFE2L2 pathway; Separation of Sister Chromatids; The role of GTSE1 in G2/M progression after G2 checkpoint; FCERI mediated NF-kB activation; Downstream TCR signaling; Activation of NF-kappaB in B cells; Neddylation; Asymmetric localization of PCP proteins; Degradation of AXIN; Hedgehog 'on' state; Regulation of RUNX3 expression and activity; Autodegradation of Cdh1 by Cdh1:APC/C; APC/C:Cdc20 mediated degradation of Securin; APC/C:Cdh1 mediated degradation of Cdc20 and other APC/C:Cdh1 targeted proteins in late mitosis/early G1; Cdc20:Phospho-APC/C mediated degradation of Cyclin A; Assembly of the pre-replicative complex; CDK-mediated phosphorylation and removal of Cdc6; MAPK6/MAPK4 signaling; Regulation of PTEN stability and activity; ABC-family proteins mediated transport; Regulation of RAS by GAPs; FBXL7 down-regulates AURKA during mitotic entry and in early mitosis; Degradation of CDH1; Regulation of ornithine decarboxylase (ODC); Oxygen-dependent proline hydroxylation of Hypoxia-inducible Factor Alpha; Cross-presentation of soluble exogenous antigens (endosomes); SCF(Skp2)-mediated degradation of p27/p21; Degradation of beta-catenin by the destruction complex; Autodegradation of the E3 ubiquitin ligase COP1; AUF1 (hnRNP D0) binds and destabilizes mRNA; Degradation of DVL; Hedgehog ligand biogenesis; Dectin-1 mediated noncanonical NF-kB signaling; Degradation of GLI1 by the proteasome; GLI3 is processed to GLI3R by the proteasome; NIK-->noncanonical NF-kB signaling; Orc1 removal from chromatin; G2/M Checkpoints; Ubiquitin-Mediated Degradation of Phosphorylated Cdc25A; Ubiquitin-dependent degradation of Cyclin D; RUNX1 regulates transcription of genes involved in differentiation of HSCs; Regulation of RUNX2 expression and activity; Interleukin-1 signaling; GSK3B and BTRC:CUL1-mediated-degradation of NFE2L2; Proteasome assembly; Antigen processing: Ub, ATP-independent proteasomal degradation; GSK3B-mediated proteasomal degradation of PD-L1(CD274); SPOP-mediated proteasomal degradation of PD-L1(CD274); Degradation of CRY and PER proteins"
FALSE,High,Master Protein,Q922Q9,Chitinase domain-containing protein 1 [OS=Mus musculus],0,8.879,9,3,8,3,44.9,Chid1,1000,,,,,,,,,,,,2853642.25,2979554,,,,,,,,,Platelet degranulation
FALSE,High,Master Protein,P59999,Actin-related protein 2/3 complex subunit 4 [OS=Mus musculus],0,8.827,23,4,27,4,19.7,Arpc4,2.075,1.289,0.001605598,0.010324905,4844359,4909309,3437916.75,4725377,3278636.25,3199937.25,3191595.5,4214566.5,10225867,8629549,8337993.5,9639675,,3964691.25,4309555,5651110,,B cell receptor signaling pathway,Regulation of actin dynamics for phagocytic cup formation; RHO GTPases Activate WASPs and WAVEs; Clathrin-mediated endocytosis; EPHB-mediated forward signaling
FALSE,High,Master Protein,Q91VR7,Microtubule-associated protein 1 light chain 3 alpha [OS=Mus musculus],0,8.816,17,2,16,1,14.3,Map1lc3a,2.984,1000,0.003758576,,8016165,6022397.5,3590402.75,7154983,,,1546445.25,,23187934,18536810,18197628,18990840,2314732.5,4416313.5,4583418.5,,,,Macroautophagy; PINK1-PRKN Mediated Mitophagy; Receptor Mediated Mitophagy
FALSE,High,Master Protein,Q9Z1J3,Cysteine desulfurase [OS=Mus musculus],0,8.745,8,3,12,3,50.5,Nfs1,,,,,,,,,,,,,,,,,,,,,,,Molybdenum cofactor biosynthesis; Mitochondrial iron-sulfur cluster biogenesis; Maturation of TCA enzymes and regulation of TCA cycle; Complex III assembly
FALSE,High,Master Protein,O70492,Sorting nexin-3 [OS=Mus musculus],0,8.732,25,4,14,3,18.7,Snx3,,,,,,,,,,,,,,,,,,,,,,,Ub-specific processing proteases; WNT ligand biogenesis and trafficking
FALSE,High,Master Protein,P62274,Small ribosomal subunit protein uS14 [OS=Mus musculus],0,8.723,34,3,23,3,6.7,Rps29,,,,,,,,,,,,,,,,,,,,,Met-loss [N-Term],Cytoplasmic ribosomal proteins; mRNA processing,"L13a-mediated translational silencing of Ceruloplasmin expression; SRP-dependent cotranslational protein targeting to membrane; Major pathway of rRNA processing in the nucleolus and cytosol; Formation of a pool of free 40S subunits; GTP hydrolysis and joining of the 60S ribosomal subunit; Nonsense Mediated Decay (NMD) independent of the Exon Junction Complex (EJC); Nonsense Mediated Decay (NMD) enhanced by the Exon Junction Complex (EJC); PELO:HBS1L and ABCE1 dissociate a ribosome on a non-stop mRNA; ZNF598 and the Ribosome-associated Quality Trigger (RQT) complex dissociate a ribosome stalled on a no-go mRNA; Translation initiation complex formation; Formation of the ternary complex, and subsequently, the 43S complex; Ribosomal scanning and start codon recognition"
FALSE,High,Master Protein,P22777,Plasminogen activator inhibitor 1 [OS=Mus musculus],0,8.716,9,3,5,3,45.1,Serpine1,,,,,,,,,,,,,,,,,,,,,,,Platelet degranulation ; ECM proteoglycans; Dissolution of Fibrin Clot
FALSE,High,Master Protein,P60603,Reactive oxygen species modulator 1 [OS=Mus musculus],0,8.703,22,1,8,1,8.2,Romo1,,,,,,,,,,,,,,,,,,,,,,,
FALSE,High,Master Protein,P54265,Myotonin-protein kinase [OS=Mus musculus],0,8.702,5,2,2,2,69.6,Dmpk,,,,,,,,,,,,,,,,,,,,,,,Ion homeostasis
FALSE,High,Master Protein,Q91VI7,Ribonuclease inhibitor [OS=Mus musculus],0,8.659,7,2,4,2,49.8,Rnh1,,,,,,,,,,,,,,,,,,,,,,,
FALSE,High,Master Protein,P83882,Large ribosomal subunit protein eL42 [OS=Mus musculus],0,8.624,24,3,29,3,12.4,Rpl36a,2.712,3.103,0.014666003,0.022999269,31357996,25439851,29395812,10396744,11614160.5,19088967,7874273,9844507,88737162,58081794,76429806,65399736,24764632.5,37901078,47462385,44440191,,Cytoplasmic ribosomal proteins,L13a-mediated translational silencing of Ceruloplasmin expression; SRP-dependent cotranslational protein targeting to membrane; Major pathway of rRNA processing in the nucleolus and cytosol; Formation of a pool of free 40S subunits; GTP hydrolysis and joining of the 60S ribosomal subunit; Nonsense Mediated Decay (NMD) independent of the Exon Junction Complex (EJC); Nonsense Mediated Decay (NMD) enhanced by the Exon Junction Complex (EJC); Ribosome Quality Control (RQC) complex extracts and degrades nascent peptide; PELO:HBS1L and ABCE1 dissociate a ribosome on a non-stop mRNA; ZNF598 and the Ribosome-associated Quality Trigger (RQT) complex dissociate a ribosome stalled on a no-go mRNA
FALSE,High,Master Protein,P97450,"ATP synthase peripheral stalk subunit F6, mitochondrial [OS=Mus musculus]",0,8.604,26,2,4,2,12.5,Atp5pf,1.133,0.001,,,2578627,2005839.5,,,6008834,4519977,7178393.5,,,2272437.5,,1918288,,,,,,Oxidative phosphorylation; Electron transport chain,Mitochondrial protein degradation; Formation of ATP by chemiosmotic coupling; Cristae formation
FALSE,High,Master Protein,P62315,Small nuclear ribonucleoprotein Sm D1 [OS=Mus musculus],0,8.597,20,2,13,2,13.3,Snrpd1,1.493,0.704,0.006858724,0.800449935,3292378.75,3316660.25,1944651.625,2833200.75,3694065,3407345.25,2668056.25,2176098.25,5024130.5,4100711.25,3097142,4140259.5,,1820092.375,4127492,2019749.875,,mRNA processing,snRNP Assembly; mRNA Splicing - Major Pathway; mRNA Splicing - Minor Pathway
FALSE,High,Master Protein,Q9D1J3,SAP domain-containing ribonucleoprotein [OS=Mus musculus],0,8.568,14,3,4,3,23.5,Sarnp,0.016,0.001,0.131576987,,4801137.5,7414856,5143716.5,4677169,3642998.75,2098726,4846859.5,4822648,,,1301826.875,1905993.125,,,,1126783,Acetyl [N-Term]; Met-loss+Acetyl [N-Term],,Transport of Mature mRNA derived from an Intron-Containing Transcript; mRNA 3'-end processing; RNA Polymerase II Transcription Termination
FALSE,High,Master Protein,Q61586,"Glycerol-3-phosphate acyltransferase 1, mitochondrial [OS=Mus musculus]",0,8.501,4,3,8,3,93.6,Gpam,,,,,,,,,,,,,,,,,,,,,,Triacylglyceride synthesis; Glycerolipids and glycerophospholipids,Synthesis of PA; Triglyceride biosynthesis
FALSE,High,Master Protein,P16332,"Methylmalonyl-CoA mutase, mitochondrial [OS=Mus musculus]",0,8.492,3,2,11,2,82.8,Mmut,1000,1000,,,,,,,,,,,2741219,1701525.625,1565517.875,1965935.375,1599655.75,2591036.25,2382442.75,3295702.25,,,Cobalamin (Cbl) metabolism; Propionyl-CoA catabolism
FALSE,High,Master Protein,Q3UHJ0,AP2-associated protein kinase 1 [OS=Mus musculus],0,8.484,6,3,5,3,103.3,Aak1,,,,,,,,,,,,,,,,,,,,,,,Cargo recognition for clathrin-mediated endocytosis
FALSE,High,Master Protein,P61804,Dolichyl-diphosphooligosaccharide--protein glycosyltransferase subunit DAD1 [OS=Mus musculus],0,8.48,20,3,9,3,12.5,Dad1,,,,,,,,,,,,,,,,,,,,,Acetyl [N-Term]; Met-loss+Acetyl [N-Term],,Regulation of CDH1 posttranslational processing and trafficking to plasma membrane; PD-L1(CD274) glycosylation and translocation to plasma membrane
FALSE,High,Master Protein,Q9EP72,Endoplasmic reticulum membrane protein complex subunit 7 [OS=Mus musculus],0,8.473,26,4,6,4,26.3,Emc7,1000,1000,,,,,,,,,,,25352278,5557866.5,15323922.25,21829447.75,3278847.75,7958249.125,15700755,6774524,,,
FALSE,High,Master Protein,P70271,PDZ and LIM domain protein 4 [OS=Mus musculus],0,8.464,18,4,14,4,35.5,Pdlim4,,,,,,,,,,,,,,,,,,,,,,,
FALSE,High,Master Protein,P21614,Vitamin D-binding protein [OS=Mus musculus],0,8.459,9,3,6,3,53.6,Gc,1000,1000,,,,,,,,,,,1148121.5,2164558.5,,2120853.5,2697888.25,3133767.25,937753.4375,3252100,,,Vitamin D (calciferol) metabolism
FALSE,High,Master Protein,Q9CQ69,Cytochrome b-c1 complex subunit 8 [OS=Mus musculus],0,8.444,27,2,26,2,9.8,Uqcrq,5.629,1.83,0.022995046,0.177631861,1262545.875,421093.0938,,1124987.625,1615582.625,1559191.125,869853.875,,5658144.5,2977208.75,2136760.75,3513989,,2853099.25,2585855.5,,,Electron transport chain,Respiratory electron transport; Mitochondrial protein degradation; Complex III assembly
FALSE,High,Master Protein,Q9CPQ1,Cytochrome c oxidase subunit 6C [OS=Mus musculus],0,8.434,45,4,37,4,8.5,Cox6c,0.989,0.398,0.532231571,0.001141753,70427524,34305241,12428841,59178428,94491388,119780642,89796120,55386679,64449977.5,31625357.25,20476839.88,62843779,32573309.75,45573017.5,43738250.75,23047844,Acetyl [N-Term],Electron transport chain,TP53 Regulates Metabolic Genes; Respiratory electron transport; Cytoprotection by HMOX1; Complex IV assembly
FALSE,High,Master Protein,O55135,Eukaryotic translation initiation factor 6 [OS=Mus musculus],0,8.385,17,2,5,2,26.5,Eif6,,,,,,,,,,,,,,,,,,,,,,Translation factors; Alpha 6 beta 4 integrin signaling pathway,
FALSE,High,Master Protein,Q8K4F5,sn-1-specific diacylglycerol lipase ABHD11 [OS=Mus musculus],0,8.36,8,2,7,2,33.5,Abhd11,0.03,0.001,,,,1744875.5,1768923.375,,3934979.25,3859048.25,3963020.75,3439012.75,,1597810.375,,,,,3320288.25,,,,
FALSE,High,Master Protein,Q3U492,Kielin/chordin-like protein [OS=Mus musculus],0,8.339,3,4,5,4,166.5,Kcp,,,,,,,,,,,,,,,,,,,,,,,
FALSE,High,Master Protein,Q9WUK2,Eukaryotic translation initiation factor 4H [OS=Mus musculus],0,8.298,14,3,23,3,27.3,Eif4h,1000,1000,,,,,,,,,,,3933762.5,,4182112.5,3293580,1353911.625,,,,,Translation factors; mRNA processing,L13a-mediated translational silencing of Ceruloplasmin expression; GTP hydrolysis and joining of the 60S ribosomal subunit; Translation initiation complex formation; Ribosomal scanning and start codon recognition
FALSE,High,Master Protein,Q9CQS8,Protein transport protein Sec61 subunit beta [OS=Mus musculus],0,8.272,27,2,14,2,10,Sec61b,,,,,,,,,,,,,,,,,,,,,,,Insertion of tail-anchored proteins into the endoplasmic reticulum membrane
FALSE,High,Master Protein,Q8K2Q5,Coiled-coil-helix-coiled-coil-helix domain-containing protein 7 [OS=Mus musculus],0,8.241,32,2,11,2,10.1,Chchd7,,,,,,,,,,,,,,,,,,,,,,,
FALSE,High,Master Protein,Q9D1M0,Protein SEC13 homolog [OS=Mus musculus],0,8.216,11,2,9,2,35.5,Sec13,,,,,,,,,,,,,,,,,,,,,Acetyl [N-Term],,"Regulation of HSF1-mediated heat shock response; MHC class II antigen presentation; Transport of the SLBP independent Mature mRNA; Transport of the SLBP Dependant Mature mRNA; Transport of Mature mRNA Derived from an Intronless Transcript; COPII-mediated vesicle transport; Transport of Mature mRNA derived from an Intron-Containing Transcript; Regulation of Glucokinase by Glucokinase Regulatory Protein; IPs transport between nucleus and cytosol; IP3 and IP4 transport between cytosol and nucleus; IP6 and IP7 transport between cytosol and nucleus; snRNP Assembly; SUMOylation of DNA damage response and repair proteins; SUMOylation of ubiquitinylation proteins; Nuclear Pore Complex (NPC) Disassembly; SUMOylation of SUMOylation proteins; SUMOylation of chromatin organization proteins; SUMOylation of RNA binding proteins; Transcriptional regulation by small RNAs; Postmitotic nuclear pore complex (NPC) reformation; Separation of Sister Chromatids; Amino acids regulate mTORC1; Amplification  of signal from unattached  kinetochores via a MAD2  inhibitory signal; Resolution of Sister Chromatid Cohesion; RHO GTPases Activate Formins; EML4 and NUDC in mitotic spindle formation; Antigen Presentation: Folding, assembly and peptide loading of class I MHC"
FALSE,High,Master Protein,Q6P5E4,UDP-glucose:glycoprotein glucosyltransferase 1 [OS=Mus musculus],0,8.215,2,2,6,2,176.3,Uggt1,1000,,,,,,,,,,,,,1368236.5,1552254.625,,,,,,,Comprehensive IL-17A signaling,
FALSE,High,Master Protein,O09131,Glutathione S-transferase omega-1 [OS=Mus musculus],0,8.166,11,3,19,3,27.5,Gsto1,1.683,0.944,0.000128208,0.637937662,8191732.75,8448172.25,7406878,8255920.5,4957922.5,5708610.25,3104096.5,5131394.75,13600417.5,15118145,12640016,13442710.5,4167309.75,4952412.375,6424766.5,5276014.5,,Metapathway biotransformation; Myometrial relaxation and contraction pathways; Oxidative stress and redox pathway,Glutathione conjugation; Methylation; Vitamin C (ascorbate) metabolism
FALSE,High,Master Protein,O88685,26S proteasome regulatory subunit 6A [OS=Mus musculus],0,8.156,8,3,13,3,49.5,Psmc3,1000,,,,,,,,,,,,,1485624.875,1743167,,,,,,,TNF-alpha NF-kB signaling pathway; Proteasome degradation,Separation of Sister Chromatids; The role of GTSE1 in G2/M progression after G2 checkpoint; FCERI mediated NF-kB activation; Downstream TCR signaling; Ribosome Quality Control (RQC) complex extracts and degrades nascent peptide; Neutrophil degranulation; Activation of NF-kappaB in B cells; Neddylation; Asymmetric localization of PCP proteins; Degradation of AXIN; Hedgehog 'on' state; Ub-specific processing proteases; Regulation of RUNX3 expression and activity; Antigen processing: Ubiquitination & Proteasome degradation; Autodegradation of Cdh1 by Cdh1:APC/C; APC/C:Cdc20 mediated degradation of Securin; APC/C:Cdh1 mediated degradation of Cdc20 and other APC/C:Cdh1 targeted proteins in late mitosis/early G1; Cdc20:Phospho-APC/C mediated degradation of Cyclin A; Assembly of the pre-replicative complex; CDK-mediated phosphorylation and removal of Cdc6; MAPK6/MAPK4 signaling; UCH proteinases; Regulation of PTEN stability and activity; ABC-family proteins mediated transport; Regulation of RAS by GAPs; FBXL7 down-regulates AURKA during mitotic entry and in early mitosis; Degradation of CDH1; Regulation of ornithine decarboxylase (ODC); Oxygen-dependent proline hydroxylation of Hypoxia-inducible Factor Alpha; Cross-presentation of soluble exogenous antigens (endosomes); SCF(Skp2)-mediated degradation of p27/p21; Degradation of beta-catenin by the destruction complex; Autodegradation of the E3 ubiquitin ligase COP1; AUF1 (hnRNP D0) binds and destabilizes mRNA; Degradation of DVL; Hedgehog ligand biogenesis; Dectin-1 mediated noncanonical NF-kB signaling; Degradation of GLI1 by the proteasome; GLI3 is processed to GLI3R by the proteasome; NIK-->noncanonical NF-kB signaling; Orc1 removal from chromatin; G2/M Checkpoints; Ubiquitin-Mediated Degradation of Phosphorylated Cdc25A; Ubiquitin-dependent degradation of Cyclin D; RUNX1 regulates transcription of genes involved in differentiation of HSCs; Regulation of RUNX2 expression and activity; Interleukin-1 signaling; KEAP1-NFE2L2 pathway; GSK3B and BTRC:CUL1-mediated-degradation of NFE2L2; Proteasome assembly; GSK3B-mediated proteasomal degradation of PD-L1(CD274); SPOP-mediated proteasomal degradation of PD-L1(CD274); AMPK-induced ERAD and lysosome mediated degradation of PD-L1(CD274); Degradation of CRY and PER proteins
FALSE,High,Master Protein,Q9QZB7,Actin-related protein 10 [OS=Mus musculus],0,8.156,9,3,9,3,46.2,Actr10,,,,,,,,,,,,,,,,,,,,,,,MHC class II antigen presentation; Neutrophil degranulation; COPI-mediated anterograde transport; HSP90 chaperone cycle for steroid hormone receptors (SHR) in the presence of ligand; COPI-independent Golgi-to-ER retrograde traffic
FALSE,High,Master Protein,Q60973,Histone-binding protein RBBP7 [OS=Mus musculus],0,8.133,9,3,11,3,47.8,Rbbp7,1000,1000,,,,,,,,,,,6355817.5,4459106,4316280,6103532,,,6058422,6244057,,Mechanisms associated with pluripotency; EGFR1 signaling pathway,PKMTs methylate histone lysines; Neddylation; Deposition of new CENPA-containing nucleosomes at the centromere; Transcriptional Regulation by E2F6; RMTs methylate histone arginines; HDACs deacetylate histones; HATs acetylate histones; Regulation of TP53 Activity through Acetylation; RNA Polymerase I Transcription Initiation; Regulation of PTEN gene transcription; PRC2 methylates histones and DNA; Negative Regulation of CDH1 Gene Transcription; Regulation of PD-L1(CD274) transcription; Oxidative Stress Induced Senescence
FALSE,High,Master Protein,Q9ERK4,Exportin-2 [OS=Mus musculus],0,8.107,4,4,9,4,110.4,Cse1l,0.001,0.001,,,,8494416,,6069740,,5208926.5,3660959,,,,,,,,,,,,
FALSE,High,Master Protein,Q9Z2E1,Methyl-CpG-binding domain protein 2 [OS=Mus musculus],0,8.095,9,3,4,3,43.5,Mbd2,,,,,,,,,,,,,,,,,,,,,,Mechanisms associated with pluripotency,
FALSE,High,Master Protein,Q9D938,Transmembrane protein 160 [OS=Mus musculus],0,8.079,22,4,32,4,19.6,Tmem160,,,,,,,,,,,,,,,,,,,,,,,
FALSE,High,Master Protein,Q9JMG1,Endothelial differentiation-related factor 1 [OS=Mus musculus],0,8.066,18,2,10,2,16.4,Edf1,1000,1000,,,,,,,,,,,17661158,8515469,16448246,12520584,,8861739,6102463.5,8814518,Acetyl [N-Term],,
FALSE,High,Master Protein,Q8VCW8,"Medium-chain acyl-CoA ligase ACSF2, mitochondrial [OS=Mus musculus]",0,8.066,6,3,12,3,67.9,Acsf2,,,,,,,,,,,,,,,,,,,,,,,Mitochondrial Fatty Acid Beta-Oxidation
FALSE,High,Master Protein,Q9CRD2,ER membrane protein complex subunit 2 [OS=Mus musculus],0,8.062,12,3,10,3,34.9,Emc2,,,,,,,,,,,,,,,,,,,,,,,
FALSE,High,Master Protein,Q8VD26,Transmembrane protein 143 [OS=Mus musculus],0,8.054,11,3,13,3,51.6,Tmem143,,,,,,,,,,,,,,,,,,,,,,,
FALSE,High,Master Protein,Q60737,Casein kinase II subunit alpha [OS=Mus musculus],0,8.053,8,2,12,2,45.1,Csnk2a1,,,,,,,,,,,,,,,,,,,,,,TNF-alpha NF-kB signaling pathway; Wnt signaling pathway,Regulation of CDH1 posttranslational processing and trafficking to plasma membrane; Regulation of TP53 Activity through Phosphorylation; RUNX1 interacts with co-factors whose precise effect on RUNX1 targets is not known; Regulation of PTEN stability and activity; Signal transduction by L1; Condensation of Prometaphase Chromosomes; SPOP-mediated proteasomal degradation of PD-L1(CD274); Synthesis of PC; Cooperation of PDCL (PhLP1) and TRiC/CCT in G-protein beta folding; WNT mediated activation of DVL; Receptor Mediated Mitophagy
FALSE,High,Master Protein,Q8CI11,Guanine nucleotide-binding protein-like 3 [OS=Mus musculus],0,8.053,6,2,2,2,60.7,Gnl3,,,,,,,,,,,,,,,,,,,,,,,Major pathway of rRNA processing in the nucleolus and cytosol
FALSE,High,Master Protein,Q05BC3,Echinoderm microtubule-associated protein-like 1 [OS=Mus musculus],0,8.044,5,4,12,3,89.6,Eml1,1000,1000,,,,,,,,,,,,928139.375,1192680.5,,,1453232.875,5494396.5,2385407,,,
FALSE,High,Master Protein,Q91W92,Cdc42 effector protein 1 [OS=Mus musculus],0,8.022,15,3,6,3,43.1,Cdc42ep1,1000,,,,,,,,,,,,,,,1716522.625,,,,,,,RAC1 GTPase cycle; RHOQ GTPase cycle; RHOG GTPase cycle; RAC2 GTPase cycle; RAC3 GTPase cycle
FALSE,High,Master Protein,Q91V79,Fat storage-inducing transmembrane protein 1 [OS=Mus musculus],0,8.018,11,3,17,3,32.3,Fitm1,,,,,,,,,,,,,,,,,,,,,,,Lipid particle organization
FALSE,High,Master Protein,P22892,AP-1 complex subunit gamma-1 [OS=Mus musculus],0,8.01,5,4,7,4,91.3,Ap1g1,1000,1000,,,,,,,,,,,4256123,1810458.375,2193363.75,1718143.75,,,2116321.75,1402820.875,,,MHC class II antigen presentation; Golgi Associated Vesicle Biogenesis; Lysosome Vesicle Biogenesis
FALSE,High,Master Protein,P43023,"Cytochrome c oxidase subunit 6A2, mitochondrial [OS=Mus musculus]",0,8.006,42,2,15,2,10.7,Cox6a2,1000,0.33,,0.046305027,,,,,12317435,23142698,12410139.5,5920430,3794895.75,,,,5779078.5,5526179,5672491.5,,,Electron transport chain,Respiratory electron transport; TP53 Regulates Metabolic Genes; Cytoprotection by HMOX1; Complex IV assembly
FALSE,High,Master Protein,Q9D020,Cytosolic 5'-nucleotidase 3A [OS=Mus musculus],0,8.002,9,2,4,2,37.2,Nt5c3a,1000,1000,,,,,,,,,,,2140673,2672826.75,1529613.625,1576979.375,,1667391.375,1013352.375,1184552,,Purine metabolism,Pyrimidine catabolism
FALSE,High,Master Protein,Q9CR88,Small ribosomal subunit protein uS14m [OS=Mus musculus],0,8.002,29,3,9,3,14.9,Mrps14,,,,,,,,,,,,,,,,,,,,,,,Mitochondrial translation elongation; Mitochondrial translation termination; Mitochondrial ribosome-associated quality control
FALSE,High,Master Protein,P56395,Cytochrome b5 [OS=Mus musculus],0,8.001,25,2,5,2,15.2,Cyb5a,,,,,,,,,,,,,,,,,,,,,,Oxidation by cytochrome P450,Insertion of tail-anchored proteins into the endoplasmic reticulum membrane; Vitamin C (ascorbate) metabolism
FALSE,High,Master Protein,Q3ULF4,Mitochondrial inner membrane m-AAA protease component paraplegin [OS=Mus musculus],0,7.999,5,2,3,2,85.9,Spg7,,,,,,,,,,,,,,,,,,,,,,,Mitochondrial protein degradation; Processing of SMDT1
FALSE,High,Master Protein,Q9Z2K1,"Keratin, type I cytoskeletal 16 [OS=Mus musculus]",0,7.98,6,3,11,1,51.6,Krt16,,,,,,,,,,,,,,,,,,,,,,,Formation of the cornified envelope
FALSE,High,Master Protein,Q6P1F6,Serine/threonine-protein phosphatase 2A 55 kDa regulatory subunit B alpha isoform [OS=Mus musculus],0,7.973,9,3,12,3,51.7,Ppp2r2a,0.016,0.001,0.423042395,,3365331.5,5294959,4198057.5,2889688.5,5096731,2964373.75,4228853,4912180.5,2870815.75,1431095,,,,,,,,TGF-beta receptor signaling pathway; Glycogen metabolism; IL-6 signaling pathway; Wnt signaling pathway and pluripotency,"Cyclin D associated events in G1; Nonsense Mediated Decay (NMD) enhanced by the Exon Junction Complex (EJC); Cyclin A/B1/B2 associated events during G2/M transition; Turbulent (oscillatory, disturbed) flow shear stress activates signaling by PIEZO1 and integrins in endothelial cells; Initiation of Nuclear Envelope (NE) Reformation"
FALSE,High,Master Protein,Q80X73,Protein pelota homolog [OS=Mus musculus],0,7.952,9,3,7,3,43.3,Pelo,,,,,,,,,,,,,,,,,,,,,,Focal adhesion: PI3K-Akt-mTOR signaling pathway; Focal adhesion,PELO:HBS1L and ABCE1 dissociate a ribosome on a non-stop mRNA
FALSE,High,Master Protein,Q9QYI5,DnaJ homolog subfamily B member 2 [OS=Mus musculus],0,7.946,8,2,12,1,35.6,Dnajb2,,,,,,,,,,,,,,,,,,,,,,,
FALSE,High,Master Protein,Q9CQA6,Small ribosomal subunit protein mS37 [OS=Mus musculus],0,7.945,14,1,11,1,13.6,Chchd1,2.388,1.511,0.011980559,0.042629511,1637043.25,,1606469.375,1522479.5,3589450.25,2284618.75,3275046.5,2154346.25,3452608.75,2304275.25,3255540.5,4115079,4157093.25,3663001.25,6982121.5,3068483,,,Mitochondrial translation elongation; Mitochondrial translation termination; Mitochondrial ribosome-associated quality control
FALSE,High,Master Protein,Q69ZX8,Actin-binding LIM protein 3 [OS=Mus musculus],0,7.942,4,2,9,2,77.6,Ablim3,,,,,,,,,,,,,,,,,,,,,,,
FALSE,High,Master Protein,P14106,Complement C1q subcomponent subunit B [OS=Mus musculus],0,7.931,10,2,9,2,26.7,C1qb,,,,,,,,,,,,,,,,,,,,,,"Oxidative damage response; Complement activation, classical pathway; Microglia pathogen phagocytosis pathway; Complement and coagulation cascades",Classical antibody-mediated complement activation; Regulation of Complement cascade
FALSE,High,Master Protein,O08992,Syntenin-1 [OS=Mus musculus],0,7.895,7,3,13,3,32.4,Sdcbp,0.135,0.001,0.003604891,,30199049,19127069,14098841,19389987.5,4308909,3744810.25,2718132,4479227.5,3488009.25,3017428.5,2371988.75,,,,,,Met-loss+Acetyl [N-Term]; Acetyl [N-Term],IL-5 signaling pathway,Neutrophil degranulation; Ephrin signaling; Regulation of necroptotic cell death; Neurofascin interactions
FALSE,High,Master Protein,O88448,Kinesin light chain 2 [OS=Mus musculus],0,7.865,5,2,2,1,66.6,Klc2,,,,,,,,,,,,,,,,,,,,,,,COPI-dependent Golgi-to-ER retrograde traffic; Kinesins; MHC class II antigen presentation; RHO GTPases activate KTN1
FALSE,High,Master Protein,Q61503,5'-nucleotidase [OS=Mus musculus],0,7.863,9,3,3,3,63.8,Nt5e,,,,,,,,,,,,,,,,,,,,,,Purine metabolism,Pyrimidine catabolism; Purine catabolism; Nicotinate metabolism
FALSE,High,Master Protein,Q8C1B7,Septin-11 [OS=Mus musculus],0,7.857,9,3,19,2,49.7,Septin11,1000,1000,,,,,,,,,,,2372186.5,1454434.25,1504489.25,2212161.25,,,,1096752,,,
FALSE,High,Master Protein,O70258,Epsilon-sarcoglycan [OS=Mus musculus],0,7.854,6,2,6,2,49.7,Sgce,,,,,,,,,,,,,,,,,,,,,,,Formation of the dystrophin-glycoprotein complex (DGC)
FALSE,High,Master Protein,Q99JX7,Nuclear RNA export factor 1 [OS=Mus musculus],0,7.834,7,3,3,3,70.3,Nxf1,,,,,,,,,,,,,,,,,,,,,,mRNA processing,Transport of the SLBP independent Mature mRNA; Transport of the SLBP Dependant Mature mRNA; Transport of Mature mRNA Derived from an Intronless Transcript; Transport of Mature mRNA derived from an Intron-Containing Transcript
FALSE,High,Master Protein,Q3TKT4,SWI/SNF-related matrix-associated actin-dependent regulator of chromatin subfamily A member 4 [OS=Mus musculus],0,7.832,3,4,7,4,181.3,Smarca4,1000,1000,,,,,,,,,,,,,499201.2188,,,,698830.875,,,Mechanisms associated with pluripotency; TNF-alpha NF-kB signaling pathway,RUNX1 interacts with co-factors whose precise effect on RUNX1 targets is not known; RMTs methylate histone arginines; Formation of the canonical BAF (cBAF) complex; Formation of the embryonic stem cell BAF (esBAF) complex; Formation of neuronal progenitor and neuronal BAF (npBAF and nBAF); Formation of the polybromo-BAF (pBAF) complex; Formation of the beta-catenin:TCF transactivating complex; Negative Regulation of CDH1 Gene Transcription; Formation of the non-canonical BAF (ncBAF) complex; Interleukin-7 signaling
FALSE,High,Master Protein,O08573,Galectin-9 [OS=Mus musculus],0,7.819,8,2,9,2,40,Lgals9,,,,,,,,,,,,,,,,,,,,,,,
FALSE,High,Master Protein,P17665,"Cytochrome c oxidase subunit 7C, mitochondrial [OS=Mus musculus]",0,7.801,29,2,14,2,7.3,Cox7c,0.995,0.325,0.461188132,0.001763142,8791839,5567100.875,1189443.875,7165442,9598484,14581495,12707948,8074055.5,8687531,5577614.5,2378106.375,6661009,2650606.938,5350526.75,5419291,2323021.5,,,TP53 Regulates Metabolic Genes; Respiratory electron transport; Cytoprotection by HMOX1; Complex IV assembly
FALSE,High,Master Protein,Q922D4,Serine/threonine-protein phosphatase 6 regulatory subunit 3 [OS=Mus musculus],0,7.8,4,3,5,3,94.6,Ppp6r3,1000,1000,,,,,,,,,,,1625180.25,2432633.125,3750413.625,901163.0625,531999.75,1181812.5,7071905.5,1090139.125,,,COPII-mediated vesicle transport; Telomere Extension By Telomerase
FALSE,High,Master Protein,Q9DCA2,Small ribosomal subunit protein uS11m [OS=Mus musculus],0,7.799,14,2,11,2,20.2,Mrps11,35.007,0.557,0.457960604,0.041447273,,,2804002.25,2978064.5,7589561.25,10509124,9808317,6138096.5,4980064,2496486.75,3436359.75,3018386.5,3493775.75,5143181,8740137,3884410.5,,,Mitochondrial translation elongation; Mitochondrial translation termination; Mitochondrial ribosome-associated quality control
FALSE,High,Master Protein,P37889,Fibulin-2 [OS=Mus musculus],0,7.786,3,3,9,3,131.7,Fbln2,,,,,,,,,,,,,,,,,,,,,,,Molecules associated with elastic fibres
FALSE,High,Master Protein,Q8JZU2,"Tricarboxylate transport protein, mitochondrial [OS=Mus musculus]",0,7.776,10,3,11,3,33.9,Slc25a1,,,,,,,,,,,,,,,,,,,,,,,Organic anion transport by SLC5/17/25 transporters
FALSE,High,Master Protein,Q99L47,Hsc70-interacting protein [OS=Mus musculus],0,7.775,10,3,5,3,41.6,St13,1000,1000,,,,,,,,,,,2439313.75,3887061,3333776,1995357.25,,1011082.75,956316.1875,,,,Regulation of HSF1-mediated heat shock response
FALSE,High,Master Protein,Q5F285,Transmembrane protein 256 [OS=Mus musculus],0,7.763,25,1,5,1,11.6,Tmem256,,0.001,,,,,,,1914814.75,,6158048.5,5951335,,,,,,,,,,,
FALSE,High,Master Protein,Q8BG51,Mitochondrial Rho GTPase 1 [OS=Mus musculus],0,7.749,7,4,12,3,72.2,Rhot1,,,,,,,,,,,,,,,,,,,,,,,Ub-specific processing proteases; RHOT1 GTPase cycle
FALSE,High,Master Protein,Q99KB8,"Hydroxyacylglutathione hydrolase, mitochondrial [OS=Mus musculus]",0,7.744,8,2,15,2,34.1,Hagh,,,,,,,,,,,,,,,,,,,,,,,Pyruvate metabolism
FALSE,High,Master Protein,Q921M4,Golgin subfamily A member 2 [OS=Mus musculus],0,7.738,4,3,8,3,113.2,Golga2,,,,,,,,,,,,,,,,,,,,,,,COPII-mediated vesicle transport; COPI-mediated anterograde transport; RHOD GTPase cycle; Golgi Cisternae Pericentriolar Stack Reorganization
FALSE,High,Master Protein,P27641,X-ray repair cross-complementing protein 5 [OS=Mus musculus],0,7.724,6,3,3,3,83,Xrcc5,,,,,,,,,,,,,,,,,,,,,,Non-homologous end joining,Neutrophil degranulation; Nonhomologous End-Joining (NHEJ)
FALSE,High,Master Protein,Q8K363,ATP-dependent RNA helicase DDX18 [OS=Mus musculus],0,7.723,5,3,6,3,74.1,Ddx18,1000,1000,,,,,,,,,,,7656135.25,1936657.25,2138008.5,2015362.25,,,1225345.25,1411291.625,,,
FALSE,High,Master Protein,Q6IFX2,"Keratin, type I cytoskeletal 42 [OS=Mus musculus]",0,7.707,9,4,8,2,50.1,Krt42,,0.001,,,,,,,1316480.75,5357359.5,,,,,,,,,,,,,
FALSE,High,Master Protein,O08582,GTP-binding protein 1 [OS=Mus musculus],0,7.707,5,3,9,3,72.3,Gtpbp1,1000,1000,,,,,,,,,,,5416765,,,,,,6246947,,,,
FALSE,High,Master Protein,Q99MI1,ELKS/Rab6-interacting/CAST family member 1 [OS=Mus musculus],0,7.702,5,3,5,3,128.3,Erc1,,,,,,,,,,,,,,,,,,,,,,,
FALSE,High,Master Protein,Q9CQV6,Microtubule-associated protein 1 light chain 3 beta [OS=Mus musculus],0,7.697,17,2,15,1,14.6,Map1lc3b,3.267,1000,0.000792248,,5778933,4870828,3496952.5,5734466.5,,,,,21732010,13790499,13453498,16272173,3265937.25,2069945.625,3733452,3061861.5,,,Macroautophagy; TBC/RABGAPs; PINK1-PRKN Mediated Mitophagy; Pexophagy; KEAP1-NFE2L2 pathway; Receptor Mediated Mitophagy
FALSE,High,Master Protein,Q9CY66,H/ACA ribonucleoprotein complex subunit 1 [OS=Mus musculus],0,7.669,19,4,16,4,23.5,Gar1,1000,1000,,,,,,,,,,,4620721,3953790.5,4600569.5,4429079.5,,,,1169362.125,,,Telomere Extension By Telomerase
FALSE,High,Master Protein,Q9CPW3,Large ribosomal subunit protein mL54 [OS=Mus musculus],0,7.643,26,3,10,3,15.4,Mrpl54,,,,,,,,,,,,,,,,,,,,,,,Mitochondrial translation elongation; Mitochondrial translation termination; Mitochondrial ribosome-associated quality control
FALSE,High,Master Protein,Q8C854,Myelin expression factor 2 [OS=Mus musculus],0,7.636,5,2,4,2,63.3,Myef2,1000,1000,,,,,,,,,,,2196658,,,4972659,,,2371241.5,,,Mitochondrial gene expression; MicroRNAs in cardiomyocyte hypertrophy; mRNA processing,
FALSE,High,Master Protein,Q8BSF4,"Phosphatidylserine decarboxylase proenzyme, mitochondrial [OS=Mus musculus]",0,7.631,9,3,7,3,45.9,Pisd,1000,1000,,,,,,,,,,,3892296,2343612.5,2351627.75,,1202281.5,,1715897.375,2466201.25,,Kennedy pathway; Glycerolipids and glycerophospholipids,
FALSE,High,Master Protein,Q921L3,Calcium load-activated calcium channel [OS=Mus musculus],0,7.603,12,2,10,2,21.2,Tmco1,,,,,,,,,,,,,,,,,,,,,,,
FALSE,High,Master Protein,E9QA62,Leiomodin-3 [OS=Mus musculus],0,7.58,8,4,15,4,65.6,Lmod3,1000,1000,,,,,,,,,,,35823736,25782910,28173624,30056354,59667988,58178776,64636584,52248104,,,
FALSE,High,Master Protein,Q9R087,Glypican-6 [OS=Mus musculus],0,7.578,6,2,3,2,63,Gpc6,,,,,,,,,,,,,,,,,,,,,,,Retinoid metabolism and transport; Glycosaminoglycan-protein linkage region biosynthesis; HS-GAG biosynthesis; HS-GAG degradation
FALSE,High,Master Protein,P32883,GTPase KRas [OS=Mus musculus],0,7.559,23,3,13,3,21.6,Kras,2.28,1.935,0.007078901,4.92277E-05,3584163.25,2116881.25,1847139.25,2562724.75,1335166,1542974.375,2545139.75,1986321.875,6482028,5100796.5,6217647,5526443,2555458.5,3019305.5,4812122,4090772.25,,IL-5 signaling pathway; Chemokine signaling pathway; G protein signaling pathways; Mapk cascade; Focal adhesion: PI3K-Akt-mTOR signaling pathway; Novel Jun-Dmp1 pathway; IL-3 signaling pathway; IL-2 signaling pathway; Mapk signaling pathway; Regulation of actin cytoskeleton; EGFR1 signaling pathway,"FCERI mediated MAPK activation; SHC1 events in ERBB4 signaling; GRB2 events in ERBB2 signaling; NCAM signaling for neurite out-growth; MAP2K and MAPK activation; Negative regulation of MAPK pathway; Ca2+ pathway; Signaling by SCF-KIT; CD209 (DC-SIGN) signaling; Regulation of RAS by GAPs; Downstream signal transduction; VEGFR2 mediated cell proliferation; PTK6 Regulates RHO GTPases, RAS GTPase and MAP kinases; RAS processing; Tie2 Signaling; DAP12 signaling; RAF activation; SHC-mediated cascade:FGFR1; FRS-mediated FGFR1 signaling; SHC-mediated cascade:FGFR2; FRS-mediated FGFR2 signaling; FRS-mediated FGFR4 signaling; SHC-mediated cascade:FGFR4; SHC-mediated cascade:FGFR3; FRS-mediated FGFR3 signaling; GRB2 events in EGFR signaling; SHC1 events in EGFR signaling; Signaling by CSF3 (G-CSF); Activation of RAS in B cells; p38MAPK events; EGFR Transactivation by Gastrin; MET activates RAS signaling; Estrogen-stimulated signaling through PRKCZ"
FALSE,High,Master Protein,E9Q5C9,Nucleolar and coiled-body phosphoprotein 1 [OS=Mus musculus],0,7.521,6,4,7,4,73.7,Nolc1,2.392,1.912,8.84997E-05,0.108941231,13969696,10969455.25,10265334.13,9658673.375,4594138.625,1269484,5550581.75,4685940,32017988,26690514,27057624,22721281.75,5498633,8737662.75,9985619.375,9520266,,,
FALSE,High,Master Protein,Q9D7N6,Large ribosomal subunit protein uL30m [OS=Mus musculus],0,7.511,17,2,4,2,18.3,Mrpl30,,0.001,,,,,,,567928.375,547699.1875,666778.125,413225.9063,,,,,,,4633141.5,,,,Mitochondrial translation termination; Mitochondrial translation elongation; Mitochondrial ribosome-associated quality control
FALSE,High,Master Protein,O89112,Glutathione S-transferase LANCL1 [OS=Mus musculus],0,7.508,8,3,10,3,45.3,Lancl1,,,,,,,,,,,,,,,,,,,,,,,
FALSE,High,Master Protein,P35279,Ras-related protein Rab-6A [OS=Mus musculus],0,7.479,11,2,17,1,23.6,Rab6a,1000,1000,,,,,,,,,,,3804593.5,2004335.5,1963718.125,1754318.75,,,1143602.75,963226.8125,,,Neutrophil degranulation; RAB GEFs exchange GTP for GDP on RABs; TBC/RABGAPs; COPI-independent Golgi-to-ER retrograde traffic; Retrograde transport at the Trans-Golgi-Network; RAB geranylgeranylation
FALSE,High,Master Protein,Q9EQ06,Estradiol 17-beta-dehydrogenase 11 [OS=Mus musculus],0,7.465,12,3,5,3,32.9,Hsd17b11,,,,,,,,,,,,,,,,,,,,,,,Estrogen biosynthesis
FALSE,High,Master Protein,P67871,Casein kinase II subunit beta [OS=Mus musculus],0,7.461,12,2,6,2,24.9,Csnk2b,,,,,,,,,,,,,,,,,,,,,,TNF-alpha NF-kB signaling pathway; Wnt signaling pathway,Neutrophil degranulation; Regulation of TP53 Activity through Phosphorylation; Regulation of PTEN stability and activity; SPOP-mediated proteasomal degradation of PD-L1(CD274); RUNX1 interacts with co-factors whose precise effect on RUNX1 targets is not known; Signal transduction by L1; Condensation of Prometaphase Chromosomes; Regulation of CDH1 posttranslational processing and trafficking to plasma membrane; Synthesis of PC; Cooperation of PDCL (PhLP1) and TRiC/CCT in G-protein beta folding; WNT mediated activation of DVL; Receptor Mediated Mitophagy
FALSE,High,Master Protein,Q5FWK3,Rho GTPase-activating protein 1 [OS=Mus musculus],0,7.446,12,4,9,4,50.4,Arhgap1,1000,,,,,,,,,,,,3767066.25,,,,,,,,,,RHOA GTPase cycle; RHOB GTPase cycle; RAC1 GTPase cycle; RHOQ GTPase cycle; RHOC GTPase cycle; RHOG GTPase cycle; RAC2 GTPase cycle; RAC3 GTPase cycle; RHOF GTPase cycle; RHOD GTPase cycle; CDC42 GTPase cycle; RND2 GTPase cycle; RHOJ GTPase cycle
FALSE,High,Master Protein,Q61207,Prosaposin [OS=Mus musculus],0,7.426,4,2,8,2,61.4,Psap,0.001,0.001,,,5706073.25,19348683.5,15645249,11556711,4381066.625,,7043227.5,2365387.5,,,,,,,,,,,Neutrophil degranulation; Platelet degranulation ; Glycosphingolipid catabolism; G alpha (i) signalling events; Peptide ligand-binding receptors
FALSE,High,Master Protein,Q8BK67,Protein RCC2 [OS=Mus musculus],0,7.415,6,2,8,2,55.9,Rcc2,1000,,,,,,,,,,,,4855687.5,3751614.5,3716381.5,3882075.625,,,,,,,Separation of Sister Chromatids; Amplification  of signal from unattached  kinetochores via a MAD2  inhibitory signal; Resolution of Sister Chromatid Cohesion; RHO GTPases Activate Formins; EML4 and NUDC in mitotic spindle formation
FALSE,High,Master Protein,Q9JL15,Galectin-8 [OS=Mus musculus],0,7.414,13,3,8,3,36.1,Lgals8,,,,,,,,,,,,,,,,,,,,,,,
FALSE,High,Master Protein,Q6ZPF4,Formin-like protein 3 [OS=Mus musculus],0,7.402,3,3,8,3,117.1,Fmnl3,1000,1000,,,,,,,,,,,5243528.625,3278380.75,1280395.75,1975354.5,,,2099670,3686070,,,RHOA GTPase cycle; RHO GTPases Activate Formins; RHOC GTPase cycle
FALSE,High,Master Protein,Q924M7,Mannose-6-phosphate isomerase [OS=Mus musculus],0,7.386,4,2,4,2,46.5,Mpi,0.042,0.001,0.031459794,,1934259.875,1375827.75,865644.875,1344147.875,2068690.125,6709474,3831527.875,4485948.375,,2522903.25,1499187.875,,,,,1816566.125,,,Synthesis of GDP-mannose
FALSE,High,Master Protein,Q3UMC0,ATPase family gene 2 protein homolog A [OS=Mus musculus],0,7.345,3,2,9,2,97.2,Afg2a,,,,,,,,,,,,,,,,,,,,,,,
FALSE,High,Master Protein,Q9CXI5,Mesencephalic astrocyte-derived neurotrophic factor [OS=Mus musculus],0,7.315,15,2,5,2,20.4,Manf,1000,,,,,,,,,,,,3526834.25,3183032.75,5424821,8270655.5,,,,,,,Platelet degranulation
FALSE,High,Master Protein,Q99LP6,"GrpE protein homolog 1, mitochondrial [OS=Mus musculus]",0,7.312,10,2,10,2,24.3,Grpel1,1000,33.375,,,,,,,1399667.625,1815660.625,,,3629134.5,2554591.5,2076785.25,1764821.125,,2022452.625,3017543,1899755.125,,,
FALSE,High,Master Protein,Q9CQB5,CDGSH iron-sulfur domain-containing protein 2 [OS=Mus musculus],0,7.304,20,2,9,2,15.2,Cisd2,1000,1000,,,,,,,,,,,,4303324,,3634323,1485283.5,,2855514,,,,
FALSE,High,Master Protein,P08226,Apolipoprotein E [OS=Mus musculus],0,7.276,7,2,9,2,35.8,Apoe,,,,,,,,,,,,,,,,,,,,,,Statin pathway; Alzheimer's disease; ApoE and miR-146 in inflammation and atherosclerosis,Retinoid metabolism and transport; Regulation of Insulin-like Growth Factor (IGF) transport and uptake by Insulin-like Growth Factor Binding Proteins (IGFBPs); Post-translational protein phosphorylation; Scavenging by Class A Receptors; Chylomicron assembly; Chylomicron remodeling; Chylomicron clearance; HDL remodeling
FALSE,High,Master Protein,Q9DBH5,Vesicular integral-membrane protein VIP36 [OS=Mus musculus],0,7.261,13,3,10,3,40.4,Lman2,,,,,,,,,,,,,,,,,,,,,,,COPII-mediated vesicle transport; Cargo concentration in the ER
FALSE,High,Master Protein,Q8K0D5,"Elongation factor G, mitochondrial [OS=Mus musculus]",0,7.261,5,3,9,3,83.5,Gfm1,1000,1000,,,,,,,,,,,,,,950129.5,,,1994230.375,1115817,,,Mitochondrial translation elongation
FALSE,High,Master Protein,Q62376,U1 small nuclear ribonucleoprotein 70 kDa [OS=Mus musculus],0,7.256,10,4,8,4,52,Snrnp70,,,,,,,,,,,,,,,,,,,,,Acetyl [N-Term],mRNA processing,mRNA Splicing - Major Pathway
FALSE,High,Master Protein,P28798,Progranulin [OS=Mus musculus],0,7.247,4,2,7,2,63.4,Grn,,,,,,,,,,,,,,,,,,,,,,,Neutrophil degranulation
FALSE,High,Master Protein,Q922E6,"FAST kinase domain-containing protein 2, mitochondrial [OS=Mus musculus]",0,7.23,10,5,8,5,78.9,Fastkd2,,,,,,,,,,,,,,,,,,,,,,,
FALSE,High,Master Protein,P34884,Macrophage migration inhibitory factor [OS=Mus musculus],0,7.218,17,2,12,2,12.5,Mif,,,,,,,,,,,,,,,,,,,,,,Adipogenesis genes,Cell surface interactions at the vascular wall; Neutrophil degranulation
FALSE,High,Master Protein,Q9CWZ3,RNA-binding protein 8A [OS=Mus musculus],0,7.204,17,2,8,2,19.9,Rbm8a,1.124,0.314,0.186483227,0.092626158,9137728,5222385.5,4347203.5,6585575.5,6686785.5,106920296,13219567,14976358,12966616,,5424195,6667925.5,3525407.75,2807237.5,4640732.5,4208225,,mRNA processing,mRNA Splicing - Major Pathway; Nonsense Mediated Decay (NMD) enhanced by the Exon Junction Complex (EJC); RNA Polymerase II Transcription Termination; Transport of Mature mRNA derived from an Intron-Containing Transcript; mRNA 3'-end processing
FALSE,High,Master Protein,Q9WTP7,"GTP:AMP phosphotransferase AK3, mitochondrial [OS=Mus musculus]",0,7.196,11,2,10,2,25.4,Ak3,,,,,,,,,,,,,,,,,,,,,,,Factors involved in megakaryocyte development and platelet production
FALSE,High,Master Protein,Q3TCH7,Cullin-4A [OS=Mus musculus],0,7.192,5,3,3,3,87.7,Cul4a,,,,,,,,,,,,,,,,,,,,,,,Neddylation; Recognition of DNA damage by PCNA-containing replication complex; DNA Damage Recognition in GG-NER; Formation of Incision Complex in GG-NER; Dual Incision in GG-NER; Formation of TC-NER Pre-Incision Complex; Dual incision in TC-NER; Gap-filling DNA repair synthesis and ligation in TC-NER
FALSE,High,Master Protein,Q9D7X3,Dual specificity protein phosphatase 3 [OS=Mus musculus],0,7.188,14,2,13,2,20.5,Dusp3,1000,,,,,,,,,,,,4311503.5,5097920.5,3848220.25,4078667.75,,,,,,T cell receptor signaling pathway,ERKs are inactivated
FALSE,High,Master Protein,Q6PDL0,Cytoplasmic dynein 1 light intermediate chain 2 [OS=Mus musculus],0,7.183,9,3,6,2,54.2,Dync1li2,,,,,,,,,,,,,,,,,,,,,,,Separation of Sister Chromatids; Aggrephagy; MHC class II antigen presentation; Amplification  of signal from unattached  kinetochores via a MAD2  inhibitory signal; Resolution of Sister Chromatid Cohesion; RHO GTPases Activate Formins; EML4 and NUDC in mitotic spindle formation; COPI-mediated anterograde transport; HSP90 chaperone cycle for steroid hormone receptors (SHR) in the presence of ligand; COPI-independent Golgi-to-ER retrograde traffic
FALSE,High,Master Protein,Q8R2U4,N-terminal Xaa-Pro-Lys N-methyltransferase 1 [OS=Mus musculus],0,7.176,16,3,4,3,25.4,Ntmt1,,,,,,,,,,,,,,,,,,,,,,,
FALSE,High,Master Protein,Q8BH86,"D-glutamate cyclase, mitochondrial [OS=Mus musculus]",0,7.164,6,2,5,2,66.3,Dglucy,,,,,,,,,,,,,,,,,,,,,,,
FALSE,High,Master Protein,Q8R3S6,Exocyst complex component 1 [OS=Mus musculus],0,7.123,4,3,9,3,101.8,Exoc1,,,,,,,,,,,,,,,,,,,,,,,VxPx cargo-targeting to cilium; Insulin processing
FALSE,High,Master Protein,P11352,Glutathione peroxidase 1 [OS=Mus musculus],0,7.116,14,2,13,2,22.3,Gpx1,2.773,32.889,0.003321344,0.750637624,4095881,2931387.5,2810112.25,3116773.5,1886622.5,,,3242432,16199640,6850352,6788721,9924000,1561636.5,1486982.5,2458190.75,3507327.25,,Selenium metabolism / selenoproteins; Metapathway biotransformation; Selenium micronutrient network; Folic acid network; Glutathione metabolism; One-carbon metabolism and related pathways; Tyrobp causal network in microglia; Oxidative stress response; Oxidative stress and redox pathway; Glutathione and one-carbon metabolism,Detoxification of Reactive Oxygen Species; Synthesis of 15-eicosatetraenoic acid derivatives; Synthesis of 12-eicosatetraenoic acid derivatives
FALSE,High,Master Protein,Q91Z53,Glyoxylate reductase/hydroxypyruvate reductase [OS=Mus musculus],0,7.111,12,3,12,3,35.3,Grhpr,1000,,,,,,,,,,,,981694.875,1623533.5,,,,,,,,,Glyoxylate metabolism and glycine degradation
FALSE,High,Master Protein,O54781,SRSF protein kinase 2 [OS=Mus musculus],0,7.103,6,4,9,2,76.7,Srpk2,1000,1000,,,,,,,,,,,4356754,2348761.75,,,,,1630194.125,,,mRNA processing,
FALSE,High,Master Protein,Q9D1H7,Golgi to ER traffic protein 4 homolog [OS=Mus musculus],0,7.073,8,2,7,2,36.5,Get4,5.845,3.826,0.015079716,0.001502884,1614045.5,,1171963.625,,,2786509.25,2332657.5,2654675.25,8694071,6623533,6850371,,7979680.5,10856036,7703136,9974939,,,
FALSE,High,Master Protein,P29699,Alpha-2-HS-glycoprotein [OS=Mus musculus],0,7.066,11,2,5,2,37.3,Ahsg,,,,,,,,,,,,,,,,,,,,,,,Platelet degranulation ; Neutrophil degranulation; Regulation of Insulin-like Growth Factor (IGF) transport and uptake by Insulin-like Growth Factor Binding Proteins (IGFBPs); Post-translational protein phosphorylation
FALSE,High,Master Protein,Q9CY50,Translocon-associated protein subunit alpha [OS=Mus musculus],0,7.064,8,2,11,2,32,Ssr1,1000,52.551,,,,,,3133704.25,,,3452142.5,,14627800,10381888,,11204773,,7732483.5,9533549,,,,
FALSE,High,Master Protein,Q91VH2,Sorting nexin-9 [OS=Mus musculus],0,7.061,5,2,5,2,66.5,Snx9,1000,,,,,,,,,,,,2528630.25,1907475.625,2286645.5,2056918.625,,,,,,,Golgi Associated Vesicle Biogenesis; Clathrin-mediated endocytosis
FALSE,High,Master Protein,Q9CXW3,Calcyclin-binding protein [OS=Mus musculus],0,7.045,17,3,9,3,26.5,Cacybp,1000,1000,,,,,,,,,,,6373011,7601412.75,10896977.25,4418809.5,,,2530050.25,,,,
FALSE,High,Master Protein,Q9CQY5,Dolichyl-diphosphooligosaccharide--protein glycosyltransferase subunit MAGT1 [OS=Mus musculus],0,7.036,6,2,13,2,37.9,Magt1,1.291,,0.711795962,,4786628.5,2283445.75,,2060331.75,,,,,3654405.5,,3866523.5,4499481.5,,,,,,,Neutrophil degranulation; PD-L1(CD274) glycosylation and translocation to plasma membrane; Miscellaneous transport and binding events
FALSE,High,Master Protein,O88447,Kinesin light chain 1 [OS=Mus musculus],0,7.016,7,2,2,1,61.4,Klc1,1000,1000,,,,,,,,,,,1886241.25,1264119.125,,896297.625,,,1010222.375,,,,COPI-dependent Golgi-to-ER retrograde traffic; Kinesins; MHC class II antigen presentation; RHO GTPases activate KTN1
FALSE,High,Master Protein,Q7TQI3,Ubiquitin thioesterase OTUB1 [OS=Mus musculus],0,6.998,13,3,6,3,31.3,Otub1,1000,1000,,,,,,,,,,,1453339.625,3100125,1607314.875,1039559.5,,1428218.25,1241111,722205.5,,,Ub-specific processing proteases; Ovarian tumor domain proteases
FALSE,High,Master Protein,Q9QYJ3,DnaJ homolog subfamily B member 1 [OS=Mus musculus],0,6.973,6,2,4,1,38.1,Dnajb1,,,,,,,,,,,,,,,,,,,,,,,MAPK6/MAPK4 signaling; Regulation of HSF1-mediated heat shock response; HSP90 chaperone cycle for steroid hormone receptors (SHR) in the presence of ligand; Attenuation phase
FALSE,High,Master Protein,Q9CY57,Chromatin target of PRMT1 protein [OS=Mus musculus],0,6.971,5,1,9,1,26.6,Chtop,,,,,,,,,,,,,,,,,,,,,,,Transport of Mature mRNA derived from an Intron-Containing Transcript; mRNA 3'-end processing; RNA Polymerase II Transcription Termination
FALSE,High,Master Protein,Q3U0V1,Far upstream element-binding protein 2 [OS=Mus musculus],0,6.962,4,2,5,2,76.7,Khsrp,1000,,,,,,,,,,,,,1553620.375,1403068.875,,,,,,,,KSRP (KHSRP) binds and destabilizes mRNA
FALSE,High,Master Protein,Q8JZM0,"Dimethyladenosine transferase 1, mitochondrial [OS=Mus musculus]",0,6.953,8,2,12,2,38.9,Tfb1m,1000,1000,,,,,,,,,,,,4742083,4852594,,2528352.5,,5770220,3884720.75,,Mitochondrial gene expression,
FALSE,High,Master Protein,Q9Z321,DNA topoisomerase 3-beta-1 [OS=Mus musculus],0,6.942,3,2,3,2,96.9,Top3b,,,,,,,,,,,,,,,,,,,,,,,
FALSE,High,Master Protein,Q9CQV5,Small ribosomal subunit protein uS3m [OS=Mus musculus],0,6.931,23,3,9,3,18.9,Mrps24,,,,,,,,,,,,,,,,,,,,,,,Mitochondrial translation termination; Mitochondrial translation elongation; Mitochondrial ribosome-associated quality control
FALSE,High,Master Protein,P08074,Carbonyl reductase [NADPH] 2 [OS=Mus musculus],0,6.931,14,3,7,3,25.9,Cbr2,,,,,,,,,,,,,,,,,,,,,,,
FALSE,High,Master Protein,Q99JI4,26S proteasome non-ATPase regulatory subunit 6 [OS=Mus musculus],0,6.927,7,2,4,2,45.5,Psmd6,,,,,,,,,,,,,,,,,,,,,,TNF-alpha NF-kB signaling pathway; Proteasome degradation,Separation of Sister Chromatids; The role of GTSE1 in G2/M progression after G2 checkpoint; Neutrophil degranulation; Ribosome Quality Control (RQC) complex extracts and degrades nascent peptide; UCH proteinases; Degradation of beta-catenin by the destruction complex; FCERI mediated NF-kB activation; Downstream TCR signaling; Activation of NF-kappaB in B cells; Neddylation; Asymmetric localization of PCP proteins; Degradation of AXIN; Hedgehog 'on' state; Ub-specific processing proteases; Regulation of RUNX3 expression and activity; Antigen processing: Ubiquitination & Proteasome degradation; Autodegradation of Cdh1 by Cdh1:APC/C; APC/C:Cdc20 mediated degradation of Securin; APC/C:Cdh1 mediated degradation of Cdc20 and other APC/C:Cdh1 targeted proteins in late mitosis/early G1; Cdc20:Phospho-APC/C mediated degradation of Cyclin A; Assembly of the pre-replicative complex; CDK-mediated phosphorylation and removal of Cdc6; MAPK6/MAPK4 signaling; Regulation of PTEN stability and activity; ABC-family proteins mediated transport; Regulation of RAS by GAPs; FBXL7 down-regulates AURKA during mitotic entry and in early mitosis; Degradation of CDH1; Regulation of ornithine decarboxylase (ODC); Oxygen-dependent proline hydroxylation of Hypoxia-inducible Factor Alpha; Cross-presentation of soluble exogenous antigens (endosomes); SCF(Skp2)-mediated degradation of p27/p21; Autodegradation of the E3 ubiquitin ligase COP1; AUF1 (hnRNP D0) binds and destabilizes mRNA; Degradation of DVL; Hedgehog ligand biogenesis; Dectin-1 mediated noncanonical NF-kB signaling; Degradation of GLI1 by the proteasome; GLI3 is processed to GLI3R by the proteasome; NIK-->noncanonical NF-kB signaling; Orc1 removal from chromatin; G2/M Checkpoints; Ubiquitin-Mediated Degradation of Phosphorylated Cdc25A; Ubiquitin-dependent degradation of Cyclin D; RUNX1 regulates transcription of genes involved in differentiation of HSCs; Regulation of RUNX2 expression and activity; Interleukin-1 signaling; KEAP1-NFE2L2 pathway; GSK3B and BTRC:CUL1-mediated-degradation of NFE2L2; Proteasome assembly; GSK3B-mediated proteasomal degradation of PD-L1(CD274); SPOP-mediated proteasomal degradation of PD-L1(CD274); AMPK-induced ERAD and lysosome mediated degradation of PD-L1(CD274); Degradation of CRY and PER proteins
FALSE,High,Master Protein,O35685,Nuclear migration protein nudC [OS=Mus musculus],0,6.91,11,3,8,3,38.3,Nudc,1000,1000,,,,,,,,,,,2806202,2538680.25,3598643,,,,2382796.75,,,,Separation of Sister Chromatids; Amplification  of signal from unattached  kinetochores via a MAD2  inhibitory signal; Resolution of Sister Chromatid Cohesion; RHO GTPases Activate Formins; EML4 and NUDC in mitotic spindle formation; RND2 GTPase cycle
FALSE,High,Master Protein,Q61335,B-cell receptor-associated protein 31 [OS=Mus musculus],0,6.906,8,2,12,2,27.9,Bcap31,0.701,1,0.458763395,,7027079.25,2837837.25,1934649.25,5790469.5,797706.9375,,,,,1953219.625,2368982.5,4129975.5,,,7867684.5,,,,"Antigen Presentation: Folding, assembly and peptide loading of class I MHC; RHOA GTPase cycle; Apoptotic cleavage of cellular proteins"
FALSE,High,Master Protein,P62305,Small nuclear ribonucleoprotein E [OS=Mus musculus],0,6.861,25,2,10,2,10.8,Snrpe,,,,,,,,,,,,,,,,,,,,,,mRNA processing,mRNA Splicing - Major Pathway; snRNP Assembly; RNA Polymerase II Transcription Termination; mRNA Splicing - Minor Pathway; SLBP independent Processing of Histone Pre-mRNAs; SLBP Dependent Processing of Replication-Dependent Histone Pre-mRNAs
FALSE,High,Master Protein,P62862,Ubiquitin-like FUBI-ribosomal protein eS30 fusion protein [OS=Mus musculus],0,6.848,8,1,27,1,14.4,Fau,2.319,1.801,4.25568E-05,0.00343568,48718448,33611280,34237396,40359220,32601720,31123422,40557484,31909768,112624192,78192600,84651344,89364824,46529744,57549360,76473288,55955436,,Cytoplasmic ribosomal proteins,"ZNF598 and the Ribosome-associated Quality Trigger (RQT) complex dissociate a ribosome stalled on a no-go mRNA; L13a-mediated translational silencing of Ceruloplasmin expression; SRP-dependent cotranslational protein targeting to membrane; Major pathway of rRNA processing in the nucleolus and cytosol; Formation of a pool of free 40S subunits; GTP hydrolysis and joining of the 60S ribosomal subunit; Nonsense Mediated Decay (NMD) independent of the Exon Junction Complex (EJC); Nonsense Mediated Decay (NMD) enhanced by the Exon Junction Complex (EJC); PELO:HBS1L and ABCE1 dissociate a ribosome on a non-stop mRNA; Translation initiation complex formation; Formation of the ternary complex, and subsequently, the 43S complex; Ribosomal scanning and start codon recognition"
FALSE,High,Master Protein,Q8BK64,Activator of 90 kDa heat shock protein ATPase homolog 1 [OS=Mus musculus],0,6.838,11,2,5,2,38.1,Ahsa1,1000,1000,,,,,,,,,,,2742559.5,1916371.5,4341927,,,,2447643.75,,,,
FALSE,High,Master Protein,Q91VA6,Polymerase delta-interacting protein 2 [OS=Mus musculus],0,6.838,14,4,6,4,41.8,Poldip2,,,,,,,,,,,,,,,,,,,,,,,
FALSE,High,Master Protein,Q9D125,Small ribosomal subunit protein mS25 [OS=Mus musculus],0,6.835,10,1,6,1,19.9,Mrps25,,,,,,,,,,,,,,,,,,,,,,,Mitochondrial translation elongation; Mitochondrial translation termination; Mitochondrial ribosome-associated quality control
FALSE,High,Master Protein,P70460,Vasodilator-stimulated phosphoprotein [OS=Mus musculus],0,6.808,10,2,7,2,39.6,Vasp,,,,,,,,,,,,,,,,,,,,,,T cell receptor signaling pathway; Integrin-mediated cell adhesion; Focal adhesion,Cell-extracellular matrix interactions; Signaling by ROBO receptors
FALSE,High,Master Protein,P35585,AP-1 complex subunit mu-1 [OS=Mus musculus],0,6.767,9,3,6,3,48.5,Ap1m1,,,,,,,,,,,,,,,,,,,,,,,Neutrophil degranulation; Golgi Associated Vesicle Biogenesis; MHC class II antigen presentation; Lysosome Vesicle Biogenesis
FALSE,High,Master Protein,Q6A0D4,Raftlin [OS=Mus musculus],0,6.747,8,3,7,3,61.5,Rftn1,,,,,,,,,,,,,,,,,,,,,,,
FALSE,High,Master Protein,Q9D1I6,Large ribosomal subunit protein uL14m [OS=Mus musculus],0,6.731,19,3,11,3,15.9,Mrpl14,,,,,,,,,,,,,,,,,,,,,,,Mitochondrial translation elongation; Mitochondrial translation termination; Mitochondrial ribosome-associated quality control
FALSE,High,Master Protein,Q4VA53,Sister chromatid cohesion protein PDS5 homolog B [OS=Mus musculus],0,6.685,2,3,7,2,164.3,Pds5b,1000,1000,,,,,,,,,,,2086350.375,,1814067.25,2300961.75,,,1695557,1236911.75,,,Separation of Sister Chromatids; Resolution of Sister Chromatid Cohesion; Establishment of Sister Chromatid Cohesion; Cohesin Loading onto Chromatin
FALSE,High,Master Protein,Q9D7J4,"Cytochrome c oxidase assembly protein COX20, mitochondrial [OS=Mus musculus]",0,6.638,21,2,10,2,13.2,Cox20,1000,1000,,,,,,,,,,,,1150083.875,,1211141.125,853886.4375,883035.6875,2337263.25,,Acetyl [N-Term],,Complex IV assembly
FALSE,High,Master Protein,P09528,Ferritin heavy chain [OS=Mus musculus],0,6.627,14,2,5,2,21.1,Fth1,1000,0.001,,,,,,,1829799.375,,,,2495100.75,,,3088992,,,,,,Iron homeostasis,Golgi Associated Vesicle Biogenesis; Neutrophil degranulation; Iron uptake and transport
FALSE,High,Master Protein,Q8R502,Volume-regulated anion channel subunit LRRC8C [OS=Mus musculus],0,6.61,4,3,3,2,92.3,Lrrc8c,,,,,,,,,,,,,,,,,,,,,,,Miscellaneous transport and binding events
FALSE,High,Master Protein,Q61187,Tumor susceptibility gene 101 protein [OS=Mus musculus],0,6.593,8,3,10,3,44.1,Tsg101,1000,1000,,,,,,,,,,,4207731,1806784.125,1795297.125,1899927.625,,,2834879.75,1128536,,,Endosomal Sorting Complex Required For Transport (ESCRT)
FALSE,High,Master Protein,Q9Z1G3,V-type proton ATPase subunit C 1 [OS=Mus musculus],0,6.59,6,2,6,2,43.9,Atp6v1c1,,,,,,,,,,,,,,,,,,,,,,,Insulin receptor recycling; ROS and RNS production in phagocytes; Transferrin endocytosis and recycling; Ion channel transport; Amino acids regulate mTORC1
FALSE,High,Master Protein,Q9CYH2,Peroxiredoxin-like 2A [OS=Mus musculus],0,6.588,6,1,3,1,24.4,Prxl2a,1000,,,,1966781.75,,,,,,,,,1875667.125,1768559.5,,,,,,,,
FALSE,High,Master Protein,Q8BPU7,Engulfment and cell motility protein 1 [OS=Mus musculus],0,6.556,4,3,9,3,83.9,Elmo1,1000,1000,,,,,,,,,,,2363672,2064230,1778061.75,2701293.75,,,,780167.625,,Chemokine signaling pathway,"Regulation of actin dynamics for phagocytic cup formation; VEGFA-VEGFR2 Pathway; PTK6 Regulates RHO GTPases, RAS GTPase and MAP kinases"
FALSE,High,Master Protein,Q5XJY4,"Presenilin-associated rhomboid-like protein, mitochondrial [OS=Mus musculus]",0,6.546,8,2,15,2,41.9,Parl,1000,1000,,,,,,,,,,,3279895.25,2610505.25,,2274988,595963.125,1305160.75,2201682.25,1673668.125,,,Processing of SMDT1
FALSE,High,Master Protein,Q8BUK6,Protein Hook homolog 3 [OS=Mus musculus],0,6.516,4,2,3,2,83.2,Hook3,,,,,,,,,,,,,,,,,,,,,,,
FALSE,High,Master Protein,Q6PFR5,Transformer-2 protein homolog alpha [OS=Mus musculus],0,6.516,8,2,6,2,32.3,Tra2a,,,,,,,,,,,,,,,,,,,,,,,
FALSE,High,Master Protein,Q9DB60,Prostamide/prostaglandin F synthase [OS=Mus musculus],0,6.515,14,3,15,3,21.7,Prxl2b,,,,,,,,,,,,,,,,,,,,,Acetyl [N-Term],,
FALSE,High,Master Protein,A1L314,Macrophage-expressed gene 1 protein [OS=Mus musculus],0,6.417,6,4,12,4,78.3,Mpeg1,1000,1000,,,,,,,,,,,2416817.25,3031930.75,3002417.25,3472402.25,624440.6875,,1544874.25,,,Cell cycle,
FALSE,High,Master Protein,Q8BMA6,Signal recognition particle subunit SRP68 [OS=Mus musculus],0,6.408,7,4,7,4,70.5,Srp68,,,,,,,,,,,,,,,,,,,,,,mRNA processing,SRP-dependent cotranslational protein targeting to membrane
FALSE,High,Master Protein,P35278,Ras-related protein Rab-5C [OS=Mus musculus],0,6.407,15,3,11,3,23.4,Rab5c,,,,,,,,,,,,,,,,,,,,,,,Neutrophil degranulation; RAB GEFs exchange GTP for GDP on RABs; Clathrin-mediated endocytosis; Golgi Associated Vesicle Biogenesis; RAB geranylgeranylation
FALSE,High,Master Protein,P56383,"ATP synthase F(0) complex subunit C2, mitochondrial [OS=Mus musculus]",0,6.394,21,1,9,1,15.5,Atp5mc2,,,,,,,,,,,,,,,,,,,,,,Oxidative phosphorylation; Electron transport chain,Formation of ATP by chemiosmotic coupling; Cristae formation
FALSE,High,Master Protein,Q61035,"Histidine--tRNA ligase, cytoplasmic [OS=Mus musculus]",0,6.371,8,4,7,3,57.4,Hars1,1000,,,,,,,,,,,,2518011,1470394.625,,922932.1875,,,,,,,
FALSE,High,Master Protein,Q9D0D3,"Poly(A) RNA polymerase, mitochondrial [OS=Mus musculus]",0,6.345,7,3,15,3,65.2,Mtpap,0.001,0.001,,,,5508847,5050548,8012362,,,,3670452,,,,,,,,,,,
FALSE,High,Master Protein,Q9CQ54,NADH dehydrogenase [ubiquinone] 1 subunit C2 [OS=Mus musculus],0,6.329,25,3,19,3,14.2,Ndufc2,0.001,0.001,,,,,,3277777.125,,6618547.5,2930646,2392078.25,,,,,,,,,,Oxidative phosphorylation; Electron transport chain,Neutrophil degranulation; Complex I biogenesis
FALSE,High,Master Protein,P58059,Small ribosomal subunit protein bS21m [OS=Mus musculus],0,6.287,33,3,9,3,10.6,Mrps21,,,,,,,,,,,,,,,,,,,,,,,Mitochondrial translation elongation; Mitochondrial translation termination; Mitochondrial ribosome-associated quality control
FALSE,High,Master Protein,Q9R0H0,Peroxisomal acyl-coenzyme A oxidase 1 [OS=Mus musculus],0,6.278,7,3,4,3,74.6,Acox1,,,,,,,,,,,,,,,,,,,,,,PPAR signaling pathway; Eicosanoid metabolism via cyclooxygenases (COX); Omega-3 / omega-6 fatty acid synthesis,Peroxisomal protein import; Beta-oxidation of very long chain fatty acids; alpha-linolenic acid (ALA) metabolism
FALSE,High,Master Protein,Q9CSN1,SNW domain-containing protein 1 [OS=Mus musculus],0,6.278,10,3,4,3,61.4,Snw1,,,,,,,,,,,,,,,,,,,,,,Splicing factor NOVA regulated synaptic proteins; TGF-beta receptor signaling pathway; Delta-Notch signaling pathway; Notch signaling pathway,Downregulation of SMAD2/3:SMAD4 transcriptional activity; mRNA Splicing - Major Pathway; NOTCH1 Intracellular Domain Regulates Transcription; RUNX3 regulates NOTCH signaling; Notch-HLH transcription pathway
FALSE,High,Master Protein,Q3TDN2,FAS-associated factor 2 [OS=Mus musculus],0,6.243,4,1,4,1,52.4,Faf2,54.377,,0.011071336,,1393972.125,,,661905.25,,,,,3971776,2344994,2019805.125,1957151,,,,,,,Neutrophil degranulation; RHOA GTPase cycle
FALSE,High,Master Protein,Q63844,Mitogen-activated protein kinase 3 [OS=Mus musculus],0,6.219,11,3,7,2,43,Mapk3,1000,,,,,,,,,,,,2663939.25,2313186.75,1695861.875,1832661.375,,,,,,IL-9 signaling pathway; TGF-beta signaling pathway; EPO receptor signaling; IL-5 signaling pathway; MicroRNAs in cardiomyocyte hypertrophy; Mechanisms associated with pluripotency; Hepatocyte growth factor receptor signaling; Alzheimer's disease; Chemokine signaling pathway; Spinal cord injury; Mapk cascade; Delta-Notch signaling pathway; B cell receptor signaling pathway; Focal adhesion: PI3K-Akt-mTOR signaling pathway; IL-7 signaling pathway; Novel Jun-Dmp1 pathway; BMP signaling pathway in eyelid development; IL-1 signaling pathway; IL-3 signaling pathway; Dysregulated miRNA targeting in insulin/PI3K-AKT signaling; IL-6 signaling pathway; IL-2 signaling pathway; T cell receptor signaling pathway; Mapk signaling pathway; Regulation of actin cytoskeleton; Wnt signaling pathway; IL19 signaling; Signal transduction of S1P receptor; EGFR1 signaling pathway; Insulin signaling; IL-4 signaling pathway,"PI5P, PP2A and IER3 Regulate PI3K/AKT Signaling; Signal transduction by L1; Regulation of HSF1-mediated heat shock response; Regulation of actin dynamics for phagocytic cup formation; FCERI mediated MAPK activation; NCAM signaling for neurite out-growth; Downregulation of SMAD2/3:SMAD4 transcriptional activity; Senescence-Associated Secretory Phenotype (SASP); MAP2K and MAPK activation; Transcriptional and post-translational regulation of MITF-M expression and activity; Spry regulation of FGF signaling; Thrombin signalling through proteinase activated receptors (PARs); Oxidative Stress Induced Senescence; SMAD2/SMAD3:SMAD4 heterotrimer regulates transcription; Oncogene Induced Senescence; Interferon gamma signaling; RHO GTPases Activate NADPH Oxidases; Signaling by Activin; ISG15 antiviral mechanism; Regulation of the apoptosome activity; RHO GTPases Activate WASPs and WAVEs; Activation of the AP-1 family of transcription factors; Frs2-mediated activation; Signal attenuation; IFNG signaling activates MAPKs; Growth hormone receptor signaling; MAPK3 (ERK1) activation; Gastrin-CREB signalling pathway via PKC and MAPK; RNA Polymerase I Promoter Opening; Negative feedback regulation of MAPK pathway; Golgi Cisternae Pericentriolar Stack Reorganization; ERKs are inactivated; Signaling by NODAL"
FALSE,High,Master Protein,Q8VDP6,CDP-diacylglycerol--inositol 3-phosphatidyltransferase [OS=Mus musculus],0,6.202,11,2,7,2,23.6,Cdipt,,,,,,,,,,,,,,,,,,,,,,Glycerolipids and glycerophospholipids,Synthesis of PI
FALSE,High,Master Protein,Q6ZQI3,Malectin [OS=Mus musculus],0,6.191,9,2,8,2,32.3,Mlec,0.001,0.001,,,2769016.25,1827284.875,1228626.5,1514342,,2280531.25,,,2247036,,,,,,,,,,Neutrophil degranulation
FALSE,High,Master Protein,Q99M07,Cytochrome c oxidase assembly factor 5 [OS=Mus musculus],0,6.17,38,2,3,2,8.4,Coa5,,,,,,,,,,,,,,,,,,,,,,,Complex IV assembly
FALSE,High,Master Protein,Q8K1B8,Fermitin family homolog 3 [OS=Mus musculus],0,6.167,6,3,6,3,75.6,Fermt3,,,,,,,,,,,,,,,,,,,,,,,Platelet degranulation
FALSE,High,Master Protein,Q9QYS9,KH domain-containing RNA-binding protein QKI [OS=Mus musculus],0,6.125,8,2,5,2,37.6,Qki,1000,,,,,,,,,,,,1920787.375,,1749485.875,2301422.75,,,,,,mRNA processing; Exercise-induced circadian regulation,
FALSE,High,Master Protein,Q8BML9,Glutamine--tRNA ligase [OS=Mus musculus],0,6.122,4,2,5,2,87.6,Qars1,,,,,,,,,,,,,,,,,,,,,,,Transcriptional and post-translational regulation of MITF-M expression and activity
FALSE,High,Master Protein,Q9DBG9,Tax1-binding protein 3 [OS=Mus musculus],0,6.106,14,1,4,1,13.7,Tax1bp3,1000,1000,,,,,,,,,,,,2648651.25,2177626,,,1609727.5,,,,Wnt signaling pathway,RHO GTPases Activate Rhotekin and Rhophilins
FALSE,High,Master Protein,Q91VS7,Microsomal glutathione S-transferase 1 [OS=Mus musculus],0,6.084,19,2,5,2,17.5,Mgst1,1.369,0.001,0.103492517,,5638926,3599034.75,,4338207,,2175835,,,8355938,4549926,3487722.5,4794417,,,,,,Metapathway biotransformation; Oxidative stress response; Oxidative stress and redox pathway,Neutrophil degranulation; Glutathione conjugation; Aflatoxin activation and detoxification
FALSE,High,Master Protein,Q8R104,NAD-dependent protein deacetylase sirtuin-3 [OS=Mus musculus],0,6.065,7,2,7,2,36.6,Sirt3,,,,,,,,,,,,,,,,,,,,,,,Regulation of FOXO transcriptional activity by acetylation; Maturation of TCA enzymes and regulation of TCA cycle; Transcriptional activation of mitochondrial biogenesis; Mitochondrial unfolded protein response (UPRmt)
FALSE,High,Master Protein,Q91Z49,UAP56-interacting factor [OS=Mus musculus],0,6.052,8,2,3,2,35.9,Fyttd1,1000,1000,,,,,,,,,,,1653232.125,1142987.5,1279144,1652077.5,,,,1012397.125,,,Transport of Mature mRNA derived from an Intron-Containing Transcript; mRNA 3'-end processing; RNA Polymerase II Transcription Termination
FALSE,High,Master Protein,Q8VDQ1,Prostaglandin reductase 2 [OS=Mus musculus],0,6.046,11,3,4,3,38,Ptgr2,,,,,,,,,,,,,,,,,,,,,,Eicosanoid metabolism via cyclooxygenases (COX),
FALSE,High,Master Protein,Q9CYZ2,Tumor protein D54 [OS=Mus musculus],0,6.044,9,1,3,1,24,Tpd52l2,,,,,,,,,,,,,,,,,,,,,,,
FALSE,High,Master Protein,Q9D4H8,Cullin-2 [OS=Mus musculus],0,6.041,6,3,3,3,86.8,Cul2,1000,1000,,,,,,,,,,,2665891.5,1713962.875,,1483933.125,,762039.25,,,,,Ribosome Quality Control (RQC) complex extracts and degrades nascent peptide; Neddylation; Antigen processing: Ubiquitination & Proteasome degradation; Oxygen-dependent proline hydroxylation of Hypoxia-inducible Factor Alpha
FALSE,High,Master Protein,Q3UIL6,Pleckstrin homology domain-containing family A member 7 [OS=Mus musculus],0,6.039,2,2,2,2,126.7,Plekha7,,,,,,,,,,,,,,,,,,,,,,,
FALSE,High,Master Protein,Q9QXN0,Protein Shroom3 [OS=Mus musculus],0,6.036,1,2,4,2,214.8,Shroom3,,,,,,,,,,,,,,,,,,,,,,,
FALSE,High,Master Protein,P51863,V-type proton ATPase subunit d 1 [OS=Mus musculus],0,6.025,11,2,5,2,40.3,Atp6v0d1,1000,,,,,,,,,,,,5778459,,,2499516.75,,,,,,,Insulin receptor recycling; Amino acids regulate mTORC1; ROS and RNS production in phagocytes; Transferrin endocytosis and recycling; Ion channel transport
FALSE,High,Master Protein,P70288,Histone deacetylase 2 [OS=Mus musculus],0,5.999,5,2,5,2,55.3,Hdac2,,,,,,,,,,,,,,,,,,,,,,Estrogen signaling; Mechanisms associated with pluripotency; Cell cycle; TNF-alpha NF-kB signaling pathway; Delta-Notch signaling pathway; Notch signaling pathway; Histone modifications,SUMOylation of chromatin organization proteins; Factors involved in megakaryocyte development and platelet production; HDACs deacetylate histones; Regulation of TP53 Activity through Acetylation; RNA Polymerase I Transcription Initiation; Regulation of PTEN gene transcription; STAT3 nuclear events downstream of ALK signaling; Negative Regulation of CDH1 Gene Transcription; Notch-HLH transcription pathway; Regulation of MECP2 expression and activity
FALSE,High,Master Protein,P27090,Transforming growth factor beta-2 proprotein [OS=Mus musculus],0,5.99,6,2,4,2,47.6,Tgfb2,1000,,,,,,,,,,,,5664495.5,3045908.75,973164.5625,,,,,,,Endochondral ossification; TGF-beta receptor signaling pathway; p38 Mapk signaling pathway; Mapk signaling pathway,Platelet degranulation ; TGF-beta receptor signaling activates SMADs; Molecules associated with elastic fibres; TGFBR3 regulates TGF-beta signaling
FALSE,High,Master Protein,O54941,SWI/SNF-related matrix-associated actin-dependent regulator of chromatin subfamily E member 1 [OS=Mus musculus],0,5.988,7,2,4,2,46.6,Smarce1,,,,,,,,,,,,,,,,,,,,,,TNF-alpha NF-kB signaling pathway,RUNX1 interacts with co-factors whose precise effect on RUNX1 targets is not known; RMTs methylate histone arginines; Formation of the canonical BAF (cBAF) complex; Formation of the embryonic stem cell BAF (esBAF) complex; Formation of neuronal progenitor and neuronal BAF (npBAF and nBAF); Formation of the polybromo-BAF (pBAF) complex
FALSE,High,Master Protein,Q810D6,Glutamate-rich WD repeat-containing protein 1 [OS=Mus musculus],0,5.987,4,1,3,1,49.2,Grwd1,,,,,,,,,,,,,,,,,,,,,,,
FALSE,High,Master Protein,P05125,Natriuretic peptides A [OS=Mus musculus],0,5.979,9,1,3,1,16.6,Nppa,,,,,,,,,,,,,,,,,,,,,,MicroRNAs in cardiomyocyte hypertrophy,Physiological factors
FALSE,High,Master Protein,P28740,Kinesin-like protein KIF2A [OS=Mus musculus],0,5.972,4,3,16,3,79.7,Kif2a,,,,,,,,,,,,,,,,,,,,,,,Separation of Sister Chromatids; Amplification  of signal from unattached  kinetochores via a MAD2  inhibitory signal; Resolution of Sister Chromatid Cohesion; RHO GTPases Activate Formins; EML4 and NUDC in mitotic spindle formation; COPI-dependent Golgi-to-ER retrograde traffic; Kinesins; MHC class II antigen presentation
FALSE,High,Master Protein,Q8BH43,Actin-binding protein WASF2 [OS=Mus musculus],0,5.969,5,2,5,2,54,Wasf2,1000,,,,,,,,,,,,2770568,2112295.5,1590612.375,1549416.375,,,,,,T cell receptor signaling pathway; Regulation of actin cytoskeleton,VEGFA-VEGFR2 Pathway; RAC1 GTPase cycle; RAC2 GTPase cycle; RAC3 GTPase cycle; Regulation of actin dynamics for phagocytic cup formation; RHO GTPases Activate WASPs and WAVEs
FALSE,High,Master Protein,Q8VD75,Huntingtin-interacting protein 1 [OS=Mus musculus],0,5.952,3,2,3,2,115.1,Hip1,,,,,,,,,,,,,,,,,,,,,,EGFR1 signaling pathway,Clathrin-mediated endocytosis
FALSE,High,Master Protein,Q6PAM0,5'-AMP-activated protein kinase subunit beta-2 [OS=Mus musculus],0,5.925,8,2,2,2,30.2,Prkab2,1000,1000,,,,,,,,,,,2488614.75,1834343,2062365.625,951015.5,,,1841586.25,,,,TP53 Regulates Metabolic Genes; Macroautophagy; Regulation of TP53 Activity through Phosphorylation; Carnitine shuttle; AMPK-induced ERAD and lysosome mediated degradation of PD-L1(CD274); Energy dependent regulation of mTOR by LKB1-AMPK; AMPK inhibits chREBP transcriptional activation activity
FALSE,High,Master Protein,P03893,NADH-ubiquinone oxidoreductase chain 2 [OS=Mus musculus],0,5.898,8,2,7,2,38.7,mt-Nd2,0.022,0.001,,,6867881,,,2799490.5,5497714.75,5263175,6605740.25,3287983.5,3390235.5,,,,,,,,,Oxidative phosphorylation; Electron transport chain,Complex I biogenesis; Mitochondrial translation termination
FALSE,High,Master Protein,Q8K3W0,BRISC and BRCA1-A complex member 2 [OS=Mus musculus],0,5.896,4,1,4,1,43.5,Babam2,,,,,,,,,,,,,,,,,,,,,,,Recruitment and ATM-mediated phosphorylation of repair and signaling proteins at DNA double strand breaks; Nonhomologous End-Joining (NHEJ); Processing of DNA double-strand break ends; G2/M DNA damage checkpoint; Metalloprotease DUBs
FALSE,High,Master Protein,P70170,ATP-binding cassette sub-family C member 9 [OS=Mus musculus],0,5.882,2,3,7,3,174.1,Abcc9,1000,1000,,,,,,,,,,,1832537.5,,2450713.5,,1648199.125,2307927,2626658.5,2824676.5,,,Ion homeostasis; ABC-family proteins mediated transport; ATP sensitive Potassium channels
FALSE,High,Master Protein,Q99N84,Small ribosomal subunit protein mS40 [OS=Mus musculus],0,5.875,13,2,15,2,28.7,Mrps18b,,0.001,,,,,,,,2480598.25,5183664,3227169.625,,,,,,,,,,,Mitochondrial translation elongation; Mitochondrial translation termination; Mitochondrial ribosome-associated quality control
FALSE,High,Master Protein,Q9CWK8,Sorting nexin-2 [OS=Mus musculus],0,5.862,5,2,3,2,58.4,Snx2,1000,1000,,,,,,,,,,,5151386.5,3293828.5,5014627,1973794,577961,,2469641,,,TGF-beta receptor signaling pathway,Golgi Associated Vesicle Biogenesis
FALSE,High,Master Protein,Q9DCS3,"Enoyl-[acyl-carrier-protein] reductase, mitochondrial [OS=Mus musculus]",0,5.851,4,1,5,1,40.3,Mecr,,,,,,,,,,,,,,,,,,,,,,Fatty acid biosynthesis,Beta oxidation of decanoyl-CoA to octanoyl-CoA-CoA
FALSE,High,Master Protein,Q6PAM1,Alpha-taxilin [OS=Mus musculus],0,5.843,4,2,7,2,62.3,Txlna,,,,,,,,,,,,,,,,,,,,,,TNF-alpha NF-kB signaling pathway,Other interleukin signaling
FALSE,High,Master Protein,Q3TWW8,Serine/arginine-rich splicing factor 6 [OS=Mus musculus],0,5.841,8,3,18,2,39,Srsf6,2.983,49.051,0.004132006,0.066524182,3201404.75,1537502.375,3527100.5,3425089.75,2026717.125,,3072897,,10719689,7597057,9372144,8920480,4127608,4163650.5,7393324.5,7391529,,mRNA processing,
FALSE,High,Master Protein,Q6ZPE2,Myotubularin-related protein 5 [OS=Mus musculus],0,5.837,1,2,2,2,208.6,Sbf1,,,,,,,,,,,,,,,,,,,,,,,RAB GEFs exchange GTP for GDP on RABs; Synthesis of PIPs at the ER membrane
FALSE,High,Master Protein,Q924C5,Alpha-protein kinase 3 [OS=Mus musculus],0,5.804,2,2,8,2,180,Alpk3,,,,,,,,,,,,,,,,,,,,,,,
FALSE,High,Master Protein,Q5F2E8,Serine/threonine-protein kinase TAO1 [OS=Mus musculus],0,5.782,3,3,9,2,116,Taok1,,,,,,,,,,,,,,,,,,,,,,Mapk signaling pathway,Separation of Sister Chromatids; Amplification  of signal from unattached  kinetochores via a MAD2  inhibitory signal; Resolution of Sister Chromatid Cohesion; RHO GTPases Activate Formins; EML4 and NUDC in mitotic spindle formation
FALSE,High,Master Protein,P28474,Alcohol dehydrogenase class-3 [OS=Mus musculus],0,5.778,7,1,4,1,39.5,Adh5,,,,,,,,,,,,,,,,,,,,,,,Ethanol oxidation
FALSE,High,Master Protein,Q8BMF3,"NADP-dependent malic enzyme, mitochondrial [OS=Mus musculus]",0,5.763,4,1,1,1,67.1,Me3,,,,,,,,,,,,,,,,,,,,,,,Pyruvate metabolism
FALSE,High,Master Protein,P04925,Major prion protein [OS=Mus musculus],0,5.755,8,2,6,2,28,Prnp,1000,1000,,,,,,,,,,,4572130.5,2362388.25,2586616,3043302.25,,,2143446,,,,Insertion of tail-anchored proteins into the endoplasmic reticulum membrane
FALSE,High,Master Protein,Q9QZH6,"Evolutionarily conserved signaling intermediate in Toll pathway, mitochondrial [OS=Mus musculus]",0,5.717,8,2,4,2,49.8,Ecsit,,,,,,,,,,,,,,,,,,,,,,Mapk signaling pathway,Complex I biogenesis; MyD88:MAL(TIRAP) cascade initiated on plasma membrane; TRAF6 mediated induction of NFkB and MAP kinases upon TLR7/8 or 9 activation; MyD88 cascade initiated on plasma membrane
FALSE,High,Master Protein,O35343,Importin subunit alpha-3 [OS=Mus musculus],0,5.714,5,2,3,1,57.9,Kpna4,1000,,,,,,,,,,,,1472178.5,,1742490.875,,,,,,,,
FALSE,High,Master Protein,Q3UW53,Protein Niban 1 [OS=Mus musculus],0,5.712,4,3,5,3,102.6,Niban1,,,,,,,,,,,,,,,,,,,,,,Mechanisms associated with pluripotency,
FALSE,High,Master Protein,Q99K85,Phosphoserine aminotransferase [OS=Mus musculus],0,5.702,6,2,8,2,40.4,Psat1,1000,,,,,,,,,,,,2521212.75,3489121,2406693.25,1738569.75,,,,,,,Serine metabolism
FALSE,High,Master Protein,Q8R2U0,Nucleoporin SEH1 [OS=Mus musculus],0,5.675,4,1,11,1,39.7,Seh1l,,,,,,,,,,,,,,,,,,,,,,,SUMOylation of DNA replication proteins; Postmitotic nuclear pore complex (NPC) reformation; Separation of Sister Chromatids; Amplification  of signal from unattached  kinetochores via a MAD2  inhibitory signal; Resolution of Sister Chromatid Cohesion; RHO GTPases Activate Formins; EML4 and NUDC in mitotic spindle formation; Transport of the SLBP independent Mature mRNA; Transport of the SLBP Dependant Mature mRNA; Transport of Mature mRNA Derived from an Intronless Transcript; Transport of Mature mRNA derived from an Intron-Containing Transcript; Regulation of Glucokinase by Glucokinase Regulatory Protein; IPs transport between nucleus and cytosol; IP3 and IP4 transport between cytosol and nucleus; IP6 and IP7 transport between cytosol and nucleus; snRNP Assembly; SUMOylation of DNA damage response and repair proteins; SUMOylation of ubiquitinylation proteins; Nuclear Pore Complex (NPC) Disassembly; Regulation of HSF1-mediated heat shock response; SUMOylation of SUMOylation proteins; SUMOylation of chromatin organization proteins; SUMOylation of RNA binding proteins; Transcriptional regulation by small RNAs; Amino acids regulate mTORC1
FALSE,High,Master Protein,O35326,Serine/arginine-rich splicing factor 5 [OS=Mus musculus],0,5.669,6,1,4,1,30.9,Srsf5,59.658,1000,0.009782479,,,1626043.125,,2645223.5,,,3722397.5,,6259631,5787273.5,5738572,9059731,12259928,13596880,12158590,,,mRNA processing,mRNA Splicing - Major Pathway; Transport of Mature mRNA derived from an Intron-Containing Transcript; mRNA 3'-end processing; RNA Polymerase II Transcription Termination
FALSE,High,Master Protein,P32921,"Tryptophan--tRNA ligase, cytoplasmic [OS=Mus musculus]",0,5.648,3,1,8,1,54.3,Wars1,,,,,,,,,,,,,,,,,,,,,,Tryptophan metabolism,
FALSE,High,Master Protein,Q8BZA9,"Fructose-2,6-bisphosphatase TIGAR [OS=Mus musculus]",0,5.646,15,2,6,2,29.2,Tigar,1000,,,,,,,,,,,,2871857.25,,2631195,2475543.25,,,,,,,TP53 Regulates Metabolic Genes
FALSE,High,Master Protein,Q8K199,COX assembly mitochondrial protein 2 homolog [OS=Mus musculus],0,5.642,25,2,12,2,9.4,Cmc2,,,,,,,,,,,,,,,,,,,,,,,
FALSE,High,Master Protein,Q9D8Y1,Transmembrane protein 126A [OS=Mus musculus],0,5.639,10,2,15,2,21.5,Tmem126a,,,,,,,,,,,,,,,,,,,,,,,
FALSE,High,Master Protein,Q9JHU2,Palmdelphin [OS=Mus musculus],0,5.639,12,3,3,3,62.7,Palmd,,,,,,,,,,,,,,,,,,,,,,,
FALSE,High,Master Protein,Q5SSI6,U3 small nucleolar RNA-associated protein 18 homolog [OS=Mus musculus],0,5.627,3,1,1,1,61.2,Utp18,,,,,,,,,,,,,,,,,,,,,,,Major pathway of rRNA processing in the nucleolus and cytosol
FALSE,High,Master Protein,Q9DA97,Septin-14 [OS=Mus musculus],0,5.606,4,2,18,1,49.8,Septin14,1000,1000,,,,,,,,,,,,3822237,2483901,3632364.75,4245500.5,3860999.75,4803358.5,4810129.5,,,
FALSE,High,Master Protein,Q8CGC6,RNA-binding protein 28 [OS=Mus musculus],0,5.605,3,2,3,2,84.2,Rbm28,,,,,,,,,,,,,,,,,,,,,,mRNA processing,
FALSE,High,Master Protein,Q6PER3,Microtubule-associated protein RP/EB family member 3 [OS=Mus musculus],0,5.605,7,2,9,1,31.9,Mapre3,1000,,,,,,,,,,,,,,1285173.5,829788.8125,,,,,,,
FALSE,High,Master Protein,Q9D024,PAT complex subunit CCDC47 [OS=Mus musculus],0,5.583,8,3,4,3,55.8,Ccdc47,1000,0.813,,0.519544868,,,,,500550.625,22086784,,6011754.5,2756996.5,,,,,14398463,785145.125,6091269,,,
FALSE,High,Master Protein,Q78YY6,DnaJ homolog subfamily C member 15 [OS=Mus musculus],0,5.578,19,2,2,2,15.9,Dnajc15,,,,,,,,,,,,,,,,,,,,,,,
FALSE,High,Master Protein,Q8K0L9,Zinc finger and BTB domain-containing protein 20 [OS=Mus musculus],0,5.573,5,3,8,3,81,Zbtb20,1000,1000,,,,,,,,,,,2884263.75,1886351.875,2000936.25,3366265.5,1982118.5,2256825.25,2829703.75,4343843.5,,,
FALSE,High,Master Protein,Q9D1D4,Transmembrane emp24 domain-containing protein 10 [OS=Mus musculus],0,5.564,15,2,5,2,24.9,Tmed10,1.726,45.239,0.003317749,0.317778317,6884338.5,4494003.5,2682697,4599836,1389733.75,,1849265.25,,12859395,7170070,5267910,6916320,1715826.75,2227482.5,3784710.25,2121536.25,,mRNA processing,COPI-mediated anterograde transport; COPI-dependent Golgi-to-ER retrograde traffic; COPII-mediated vesicle transport; Cargo concentration in the ER
FALSE,High,Master Protein,Q8VCI0,Phospholipase B-like 1 [OS=Mus musculus],0,5.54,5,2,7,2,63,Plbd1,,,,,,,,,,,,,,,,,,,,,,,Acyl chain remodelling of PC; Acyl chain remodelling of PE; Hydrolysis of LPC; Acyl chain remodelling of PI
FALSE,High,Master Protein,Q8BV49,Pyrin and HIN domain-containing protein 1 [OS=Mus musculus],0,5.522,4,1,2,1,46.9,Pyhin1,,,,,,,,,,,,,,,,,,,,,,,
FALSE,High,Master Protein,Q9WUZ5,"Troponin I, slow skeletal muscle [OS=Mus musculus]",0,5.521,15,3,4,3,21.7,Tnni1,,,,,,,,,,,,,,,,,,,,,,Striated muscle contraction,Striated Muscle Contraction
FALSE,High,Master Protein,Q8C650,Septin-10 [OS=Mus musculus],0,5.51,5,2,18,1,52.4,Septin10,,,,,,,,,,,,,,,,,,,,,,,
FALSE,High,Master Protein,Q9CQ10,Charged multivesicular body protein 3 [OS=Mus musculus],0,5.508,9,2,7,2,25.2,Chmp3,2.604,1000,0.001000051,,1665929,723173.875,875827.625,723183.875,,,,,3762211.25,1916126.625,2241349,2351146.5,,912006.6875,,,,,Sealing of the nuclear envelope (NE) by ESCRT-III; Macroautophagy; Pyroptosis; Endosomal Sorting Complex Required For Transport (ESCRT)
FALSE,High,Master Protein,Q8C0L0,Thioredoxin-related transmembrane protein 4 [OS=Mus musculus],0,5.5,9,2,8,2,37.1,Tmx4,1000,1000,,,,,,,,,,,3621731.5,2612860.25,3199975.5,2464347,,,2432352.75,2737803,,,
FALSE,High,Master Protein,Q9CQV1,Mitochondrial import inner membrane translocase subunit TIM16 [OS=Mus musculus],0,5.495,10,1,8,1,13.8,Pam16,,,,,,,,,,,,,,,,,,,,,,,
FALSE,High,Master Protein,O35841,Apoptosis inhibitor 5 [OS=Mus musculus],0,5.488,4,1,7,1,56.8,Api5,,,,,,,,,,,,,,,,,,,,,,,
FALSE,High,Master Protein,Q03173,Protein enabled homolog [OS=Mus musculus],0,5.487,4,3,6,3,85.8,Enah,,,,,,,,,,,,,,,,,,,,,,T cell receptor signaling pathway; Regulation of actin cytoskeleton,Signaling by ROBO receptors
FALSE,High,Master Protein,Q922Q4,Pyrroline-5-carboxylate reductase 2 [OS=Mus musculus],0,5.465,12,3,3,3,33.6,Pycr2,,,,,,,,,,,,,,,,,,,,,,,Glutamate and glutamine metabolism
FALSE,High,Master Protein,P55002,Microfibrillar-associated protein 2 [OS=Mus musculus],0,5.451,10,2,14,2,20.6,Mfap2,0.001,0.001,,,21310415.5,10790177.5,8947317,15158395.63,1568094.5,3009999.5,2709644,7797021.25,,,,,,,,,,,Molecules associated with elastic fibres
FALSE,High,Master Protein,Q9CZD5,"Translation initiation factor IF-3, mitochondrial [OS=Mus musculus]",0,5.44,13,2,4,2,31.7,Mtif3,1000,1000,,,,,,,,,,,,5087692,3840456.25,6020787.5,,4726939.5,3691814,3194302,,,
FALSE,High,Master Protein,Q78XF5,Oligosaccharyltransferase complex subunit OSTC [OS=Mus musculus],0,5.43,8,1,7,1,16.8,Ostc,1000,1000,,,,,,,,,,,4728672,3298241.75,3243038.75,3332478.5,,,1970488.75,,,,Regulation of CDH1 posttranslational processing and trafficking to plasma membrane; PD-L1(CD274) glycosylation and translocation to plasma membrane
FALSE,High,Master Protein,Q61703,Inter-alpha-trypsin inhibitor heavy chain H2 [OS=Mus musculus],0,5.411,4,2,2,2,105.9,Itih2,37.267,,0.073651809,,1501610.125,,,1895884.125,,,,,2085450.875,1177789.25,1165010.375,2458968.25,,,,,,,Regulation of Insulin-like Growth Factor (IGF) transport and uptake by Insulin-like Growth Factor Binding Proteins (IGFBPs); Post-translational protein phosphorylation
FALSE,High,Master Protein,Q80WW9,DDRGK domain-containing protein 1 [OS=Mus musculus],0,5.395,5,1,5,1,36,Ddrgk1,,,,,,,,,,,,,,,,,,,,,,,RHOA GTPase cycle
FALSE,High,Master Protein,Q8BFZ9,Erlin-2 [OS=Mus musculus],0,5.377,7,2,4,2,37.8,Erlin2,,,,,,,,,,,,,,,,,,,,,,,ABC-family proteins mediated transport; AMPK-induced ERAD and lysosome mediated degradation of PD-L1(CD274)
FALSE,High,Master Protein,Q8BJD1,Inter-alpha-trypsin inhibitor heavy chain H5 [OS=Mus musculus],0,5.37,3,2,2,2,106.7,Itih5,,,,,,,,,,,,,,,,,,,,,,,
FALSE,High,Master Protein,Q8BZ52,Fibronectin type III and SPRY domain-containing protein 2 [OS=Mus musculus],0,5.357,5,2,6,2,81.4,Fsd2,,,,,,,,,,,,,,,,,,,,,,,
FALSE,High,Master Protein,Q9D924,"Iron-sulfur cluster assembly 1 homolog, mitochondrial [OS=Mus musculus]",0,5.335,32,3,8,3,14.2,Isca1,1000,1000,,,,,,,,,1501497.125,,2339804.25,2209807.75,2543113.25,1757076,4092547.25,4409342,7378888.25,3583970,,,Maturation of TCA enzymes and regulation of TCA cycle; Mitochondrial iron-sulfur cluster biogenesis
FALSE,High,Master Protein,Q9CQP0,Large ribosomal subunit protein bL33m [OS=Mus musculus],0,5.333,51,3,5,3,7.4,Mrpl33,1000,1000,,,,,,,,,5445275,,6073545,1913214,3721897.75,4355281,11928693.75,8008816.5,12290657,8063361,,,Mitochondrial translation termination; Mitochondrial translation elongation; Mitochondrial ribosome-associated quality control
FALSE,High,Master Protein,Q8JZN7,Mitochondrial Rho GTPase 2 [OS=Mus musculus],0,5.325,6,3,6,2,69,Rhot2,,,,,,,,,,,,,,,,,,,,,,,RHOT2 GTPase cycle
FALSE,High,Master Protein,Q8K2H2,Deubiquitinase OTUD6B [OS=Mus musculus],0,5.312,9,2,11,2,33.7,Otud6b,,,,,,,,,,,,,,,,,,,,,,,
FALSE,High,Master Protein,Q8BK08,"Transmembrane protein 11, mitochondrial [OS=Mus musculus]",0,5.257,8,1,4,1,21.3,Tmem11,,,,,,,,,,,,,,,,,,,,,,,
FALSE,High,Master Protein,O35639,Annexin A3 [OS=Mus musculus],0,5.243,6,2,10,1,36.4,Anxa3,,,,,,,,,,,,,,,,,,,,,,Prostaglandin synthesis and regulation,
FALSE,High,Master Protein,P56399,Ubiquitin carboxyl-terminal hydrolase 5 [OS=Mus musculus],0,5.226,3,2,6,2,95.8,Usp5,,,,,,,,,,,,,,,,,,,,,,,Ub-specific processing proteases; Synthesis of active ubiquitin: roles of E1 and E2 enzymes
FALSE,High,Master Protein,Q920B9,FACT complex subunit SPT16 [OS=Mus musculus],0,5.218,2,2,11,2,119.7,Supt16h,1.305,0.681,0.919323138,0.880030861,4909493,2264640.75,1748962.625,,,2199334.5,1296115.125,2072844.625,3138055.75,2665810.25,2528603.25,2502815.75,,,1682822.875,1411655.5,,,Regulation of TP53 Activity through Phosphorylation; Formation of RNA Pol II elongation complex ; RNA Polymerase II Pre-transcription Events; TP53 Regulates Transcription of DNA Repair Genes
FALSE,High,Master Protein,Q9D1I2,Caspase recruitment domain-containing protein 19 [OS=Mus musculus],0,5.214,11,2,6,2,20.9,Card19,,,,,,,,,,,,,,,,,,,,,,,
FALSE,High,Master Protein,Q91VJ2,Caveolae-associated protein 3 [OS=Mus musculus],0,5.205,8,2,14,2,27.8,Cavin3,,,,,,,,,,,,,,,,,,,,,,,
FALSE,High,Master Protein,P23475,X-ray repair cross-complementing protein 6 [OS=Mus musculus],0,5.204,3,2,4,2,69.4,Xrcc6,1000,,,,,,,,,,,,2113839,,,,,,,,,,Neutrophil degranulation; Nonhomologous End-Joining (NHEJ)
FALSE,High,Master Protein,Q9Z210,Peroxisomal membrane protein 11B [OS=Mus musculus],0,5.197,9,2,6,2,28.7,Pex11b,,,,,,,,,,,,,,,,,,,,,,,Class I peroxisomal membrane protein import
FALSE,High,Master Protein,Q922K7,28S rRNA (cytosine-C(5))-methyltransferase [OS=Mus musculus],0,5.195,5,3,7,3,86.7,Nop2,1000,,,,,,,,,,,,4920486,,,5437549,,,,,,,
FALSE,High,Master Protein,Q921M3,Splicing factor 3B subunit 3 [OS=Mus musculus],0,5.193,4,3,6,3,135.5,Sf3b3,,,,,,,,,,,,,,,,,,,,,,mRNA processing,mRNA Splicing - Major Pathway; mRNA Splicing - Minor Pathway
FALSE,High,Master Protein,P14685,26S proteasome non-ATPase regulatory subunit 3 [OS=Mus musculus],0,5.193,6,2,5,2,60.7,Psmd3,1000,,,,,,,,,,,,3951260,2110656.25,2565382.25,1914356.875,,,,,,TNF-alpha NF-kB signaling pathway; Proteasome degradation,FCERI mediated NF-kB activation; Downstream TCR signaling; Ribosome Quality Control (RQC) complex extracts and degrades nascent peptide; Neutrophil degranulation; Activation of NF-kappaB in B cells; Neddylation; Asymmetric localization of PCP proteins; Degradation of AXIN; Hedgehog 'on' state; Ub-specific processing proteases; Regulation of RUNX3 expression and activity; Antigen processing: Ubiquitination & Proteasome degradation; Autodegradation of Cdh1 by Cdh1:APC/C; APC/C:Cdc20 mediated degradation of Securin; APC/C:Cdh1 mediated degradation of Cdc20 and other APC/C:Cdh1 targeted proteins in late mitosis/early G1; Cdc20:Phospho-APC/C mediated degradation of Cyclin A; Separation of Sister Chromatids; Assembly of the pre-replicative complex; CDK-mediated phosphorylation and removal of Cdc6; The role of GTSE1 in G2/M progression after G2 checkpoint; MAPK6/MAPK4 signaling; UCH proteinases; Regulation of PTEN stability and activity; ABC-family proteins mediated transport; Regulation of RAS by GAPs; FBXL7 down-regulates AURKA during mitotic entry and in early mitosis; Degradation of CDH1; Regulation of ornithine decarboxylase (ODC); Oxygen-dependent proline hydroxylation of Hypoxia-inducible Factor Alpha; Cross-presentation of soluble exogenous antigens (endosomes); SCF(Skp2)-mediated degradation of p27/p21; Degradation of beta-catenin by the destruction complex; Autodegradation of the E3 ubiquitin ligase COP1; AUF1 (hnRNP D0) binds and destabilizes mRNA; Degradation of DVL; Hedgehog ligand biogenesis; Dectin-1 mediated noncanonical NF-kB signaling; Degradation of GLI1 by the proteasome; GLI3 is processed to GLI3R by the proteasome; NIK-->noncanonical NF-kB signaling; Orc1 removal from chromatin; G2/M Checkpoints; Ubiquitin-Mediated Degradation of Phosphorylated Cdc25A; Ubiquitin-dependent degradation of Cyclin D; RUNX1 regulates transcription of genes involved in differentiation of HSCs; Regulation of RUNX2 expression and activity; Interleukin-1 signaling; KEAP1-NFE2L2 pathway; GSK3B and BTRC:CUL1-mediated-degradation of NFE2L2; Proteasome assembly; GSK3B-mediated proteasomal degradation of PD-L1(CD274); SPOP-mediated proteasomal degradation of PD-L1(CD274); AMPK-induced ERAD and lysosome mediated degradation of PD-L1(CD274); Degradation of CRY and PER proteins
FALSE,High,Master Protein,Q8CD15,Ribosomal oxygenase 2 [OS=Mus musculus],0,5.193,6,2,3,2,53.5,Riox2,1000,1000,,,,,,,,,,,6184831.25,5113765.125,6544866.5,3933456.75,2849668.938,3095719.25,3449708,4252907.875,,,HDMs demethylate histones; Protein hydroxylation
FALSE,High,Master Protein,Q99P91,Transmembrane glycoprotein NMB [OS=Mus musculus],0,5.171,4,2,3,2,63.6,Gpnmb,1.455,,0.080489684,,6694616.5,5224858,4683433.5,2823279.5,,,,,6426748,7603554,7313166.375,4105951.75,,,,,,,PTK6 promotes HIF1A stabilization
FALSE,High,Master Protein,Q9Z277,Tyrosine-protein kinase BAZ1B [OS=Mus musculus],0,5.156,2,2,3,2,170.5,Baz1b,1000,,,,,,,,,,,,4681898,1477293.625,2104215.75,3374300.5,,,,,,,Recruitment and ATM-mediated phosphorylation of repair and signaling proteins at DNA double strand breaks; B-WICH complex positively regulates rRNA expression
FALSE,High,Master Protein,Q9CPX7,Small ribosomal subunit protein bS16m [OS=Mus musculus],0,5.146,19,2,4,2,15.2,Mrps16,,0.001,,,,,,,3802735.75,6261616,12670962,4115430.75,,,,,,,,,,,Mitochondrial translation elongation; Mitochondrial translation termination; Mitochondrial ribosome-associated quality control
FALSE,High,Master Protein,Q69ZP3,Probable thioesterase PNKD [OS=Mus musculus],0,5.142,4,1,2,1,43,Pnkd,,,,,,,,,,,,,,,,,,,,,,,
FALSE,High,Master Protein,Q9CQ43,Deoxyuridine 5'-triphosphate nucleotidohydrolase [OS=Mus musculus],0,5.109,10,1,9,1,17.4,Dut,,,,,,,,,,,,,,,,,,,,,,,Interconversion of nucleotide di- and triphosphates
FALSE,High,Master Protein,O09172,Glutamate--cysteine ligase regulatory subunit [OS=Mus musculus],0,5.104,10,2,2,2,30.5,Gclm,,,,,,,,,,,,,,,,,,,,,,Transcriptional activation by Nfe2l2 in response to phytochemicals; Glutathione metabolism; One-carbon metabolism and related pathways; Oxidative stress and redox pathway; Glutathione and one-carbon metabolism,Glutathione synthesis and recycling
FALSE,High,Master Protein,Q9EPE9,Endoplasmic reticulum transmembrane helix translocase [OS=Mus musculus],0,5.102,3,2,3,2,132.3,Atp13a1,,,,,,,,,,,,,,,,,,,,,,,Ion transport by P-type ATPases
FALSE,High,Master Protein,P11438,Lysosome-associated membrane glycoprotein 1 [OS=Mus musculus],0,5.099,6,2,6,2,43.8,Lamp1,1000,,,,,,,,,,,,3453167,5636836.5,1905140.125,1932976.5,,,,,,,Neutrophil degranulation
FALSE,High,Master Protein,Q68FF6,ARF GTPase-activating protein GIT1 [OS=Mus musculus],0,5.094,6,3,5,3,85.2,Git1,,,,,,,,,,,,,,,,,,,,,,Regulation of actin cytoskeleton; EGFR1 signaling pathway,RAC1 GTPase cycle; RHOQ GTPase cycle; RHOU GTPase cycle; RAC2 GTPase cycle; RAC3 GTPase cycle; RHOV GTPase cycle; Ephrin signaling
FALSE,High,Master Protein,Q148W8,Serine/threonine/tyrosine-interacting-like protein 2 [OS=Mus musculus],0,5.094,2,1,5,1,128.5,Styxl2,,,,,,,,,,,,,,,,,,,,,,,
FALSE,High,Master Protein,Q8VCL2,"Protein SCO2 homolog, mitochondrial [OS=Mus musculus]",0,5.091,6,1,7,1,28.9,Sco2,,,,,,,,,,,,,,,,,,,,,,,Complex IV assembly
FALSE,High,Master Protein,F6ZDS4,Nucleoprotein TPR [OS=Mus musculus],0,5.083,1,2,3,2,273.8,Tpr,,,,,,,,,,,,,,,,,,,,,,,Transport of the SLBP independent Mature mRNA; Transport of the SLBP Dependant Mature mRNA; Transport of Mature mRNA Derived from an Intronless Transcript; Transport of Mature mRNA derived from an Intron-Containing Transcript; Regulation of Glucokinase by Glucokinase Regulatory Protein; IPs transport between nucleus and cytosol; IP3 and IP4 transport between cytosol and nucleus; IP6 and IP7 transport between cytosol and nucleus; snRNP Assembly; SUMOylation of DNA damage response and repair proteins; SUMOylation of ubiquitinylation proteins; Nuclear Pore Complex (NPC) Disassembly; Regulation of HSF1-mediated heat shock response; SUMOylation of SUMOylation proteins; SUMOylation of chromatin organization proteins; SUMOylation of RNA binding proteins; SUMOylation of DNA replication proteins; Transcriptional regulation by small RNAs
FALSE,High,Master Protein,Q3UPF5,Zinc finger CCCH-type antiviral protein 1 [OS=Mus musculus],0,5.067,1,1,2,1,106.6,Zc3hav1,,,,,,,,,,,,,,,,,,,,,,,
FALSE,High,Master Protein,Q9Z0W3,Nuclear pore complex protein Nup160 [OS=Mus musculus],0,5.041,3,3,4,3,158.1,Nup160,,,,,,,,,,,,,,,,,,,,,,,SUMOylation of DNA replication proteins; Postmitotic nuclear pore complex (NPC) reformation; Separation of Sister Chromatids; Amplification  of signal from unattached  kinetochores via a MAD2  inhibitory signal; Resolution of Sister Chromatid Cohesion; RHO GTPases Activate Formins; EML4 and NUDC in mitotic spindle formation; Transport of the SLBP independent Mature mRNA; Transport of the SLBP Dependant Mature mRNA; Transport of Mature mRNA Derived from an Intronless Transcript; Transport of Mature mRNA derived from an Intron-Containing Transcript; Regulation of Glucokinase by Glucokinase Regulatory Protein; IPs transport between nucleus and cytosol; IP3 and IP4 transport between cytosol and nucleus; IP6 and IP7 transport between cytosol and nucleus; snRNP Assembly; SUMOylation of DNA damage response and repair proteins; SUMOylation of ubiquitinylation proteins; Nuclear Pore Complex (NPC) Disassembly; Regulation of HSF1-mediated heat shock response; SUMOylation of SUMOylation proteins; SUMOylation of chromatin organization proteins; SUMOylation of RNA binding proteins; Transcriptional regulation by small RNAs
FALSE,High,Master Protein,O35071,Kinesin-like protein KIF1C [OS=Mus musculus],0,5.039,2,2,8,1,122.4,Kif1c,,,,,,,,,,,,,,,,,,,,,,,COPI-dependent Golgi-to-ER retrograde traffic; Kinesins
FALSE,High,Master Protein,Q8BGA9,Mitochondrial inner membrane protein OXA1L [OS=Mus musculus],0,5.026,6,3,9,3,48.2,Oxa1l,1000,1000,,,,,,,,,,,976739.8125,,942079.625,1103829.75,,747238.3125,1651391.375,,,,Mitochondrial translation elongation; Mitochondrial translation termination; Mitochondrial ribosome-associated quality control
FALSE,High,Master Protein,Q9QZJ6,Microfibrillar-associated protein 5 [OS=Mus musculus],0,5.021,13,2,4,2,18.5,Mfap5,,,,,,,,,,,,,,,,,,,,,,,Molecules associated with elastic fibres
FALSE,High,Master Protein,Q9CQY6,Ubiquinol-cytochrome c reductase complex assembly factor 2 [OS=Mus musculus],0,5.02,17,2,13,2,16.3,Uqcc2,1000,,,,,,,,,,,,8693130,,3669796.75,3218969,,,,,,,
FALSE,High,Master Protein,Q8R5A0,N-lysine methyltransferase SMYD2 [OS=Mus musculus],0,4.998,5,2,5,2,49.5,Smyd2,,,,,,,,,,,,,,,,,,,,,,,Regulation of TP53 Activity through Methylation; PKMTs methylate histone lysines
FALSE,High,Master Protein,Q9Z0H4,CUGBP Elav-like family member 2 [OS=Mus musculus],0,4.991,6,3,8,3,54.2,Celf2,1000,1000,,,,,,,,,,,8601110.5,1877128.5,2808019.75,,1385059.875,1487807.125,2299553,2168674.5,,mRNA processing,
FALSE,High,Master Protein,Q62189,U1 small nuclear ribonucleoprotein A [OS=Mus musculus],0,4.987,8,2,7,2,31.8,Snrpa,,,,,,,,,,,,,,,,,,,,,Acetyl [N-Term],miRNAs and TFs in iPS Cell Generation; mRNA processing,mRNA Splicing - Major Pathway
FALSE,High,Master Protein,Q6A0A2,La-related protein 4B [OS=Mus musculus],0.00051,4.969,2,1,1,1,81.6,Larp4b,,,,,,,,,,,,,,,,,,,,,,,
FALSE,High,Master Protein,Q8VE97,Serine/arginine-rich splicing factor 4 [OS=Mus musculus],0.00051,4.961,5,2,12,1,55.9,Srsf4,,,,,,,,,,,,,,,,,,,,,,,
FALSE,High,Master Protein,Q6NVE9,Protein phosphatase PTC7 homolog [OS=Mus musculus],0.00051,4.958,5,1,6,1,33,Pptc7,,,,,,,,,,,,,,,,,,,,,,,
FALSE,High,Master Protein,Q99N89,Large ribosomal subunit protein mL43 [OS=Mus musculus],0.00051,4.932,10,2,12,2,20.2,Mrpl43,,,,,,,,,,,,,,,,,,,,,,,Mitochondrial translation elongation; Mitochondrial translation termination; Mitochondrial ribosome-associated quality control
FALSE,High,Master Protein,Q5XJY5,Coatomer subunit delta [OS=Mus musculus],0.00051,4.931,6,3,5,3,57.2,Arcn1,1000,1000,,,,,,,,,,,6262328.75,3827931.125,4706725.25,3172671,685150.75,1407663,2746599,1264116.125,,,COPI-dependent Golgi-to-ER retrograde traffic; COPI-mediated anterograde transport
FALSE,High,Master Protein,B2RY56,RNA-binding protein 25 [OS=Mus musculus],0.00051,4.924,4,2,2,2,99.5,Rbm25,,,,,,,,,,,,,,,,,,,,,,mRNA processing,mRNA Splicing - Major Pathway
FALSE,High,Master Protein,P62307,Small nuclear ribonucleoprotein F [OS=Mus musculus],0.00051,4.919,15,1,8,1,9.7,Snrpf,,,,,,,,,,,,,,,,,,,,,,mRNA processing,snRNP Assembly; mRNA Splicing - Major Pathway; RNA Polymerase II Transcription Termination; mRNA Splicing - Minor Pathway; SLBP independent Processing of Histone Pre-mRNAs; SLBP Dependent Processing of Replication-Dependent Histone Pre-mRNAs
FALSE,High,Master Protein,Q921W0,Charged multivesicular body protein 1a [OS=Mus musculus],0.00051,4.915,9,2,4,2,21.6,Chmp1a,,,,,,,,,,,,,,,,,,,,,Acetyl [N-Term],,
FALSE,High,Master Protein,Q99L88,Beta-1-syntrophin [OS=Mus musculus],0.00051,4.899,3,2,11,1,58,Sntb1,,,,,,,,,,,,,,,,,,,,,,,Formation of the dystrophin-glycoprotein complex (DGC)
FALSE,High,Master Protein,Q61743,ATP-sensitive inward rectifier potassium channel 11 [OS=Mus musculus],0.00051,4.895,6,2,6,2,43.5,Kcnj11,,,,,,,,,,,,,,,,,,,,,,,Ion homeostasis; ATP sensitive Potassium channels; Regulation of insulin secretion; ABC-family proteins mediated transport
FALSE,High,Master Protein,Q8BYK6,YTH domain-containing family protein 3 [OS=Mus musculus],0.0005,4.885,6,3,11,3,63.9,Ythdf3,1000,2.924,,0.020421499,,1452466,,,1760791.875,2744259,2103179.75,,8996360.688,5978074.219,5919836.031,5930661.5,4253517,6116942.063,7443020.938,6382928.563,,,
FALSE,High,Master Protein,Q8CG76,Aflatoxin B1 aldehyde reductase member 2 [OS=Mus musculus],0.0005,4.878,8,2,3,2,40.6,Akr7a2,,,,,,,,,,,,,,,,,,,,,,Metapathway biotransformation; Aflatoxin B1 metabolism,Aflatoxin activation and detoxification
FALSE,High,Master Protein,P00416,Cytochrome c oxidase subunit 3 [OS=Mus musculus],0.0005,4.874,5,1,14,1,29.9,mt-Co3,1.108,0.001,0.283949059,,5687762,1600852.25,1309854.125,2639013.5,4427403,8549117,5572339,3756626.25,5485104.5,2947423.25,,3358403,,,4480611.5,,,Electron transport chain,TP53 Regulates Metabolic Genes; Respiratory electron transport; Cytoprotection by HMOX1; Complex IV assembly; Mitochondrial translation termination
FALSE,High,Master Protein,Q68EF0,Rab-3A-interacting protein [OS=Mus musculus],0.0005,4.846,5,2,7,2,47.1,Rab3ip,1000,1000,,,,,,,,,,,3204449,2505853.5,2587345.75,1894925.375,,,,1495061.375,,,RAB GEFs exchange GTP for GDP on RABs; Anchoring of the basal body to the plasma membrane; VxPx cargo-targeting to cilium; BBSome-mediated cargo-targeting to cilium
FALSE,High,Master Protein,Q6NVF9,Cleavage and polyadenylation specificity factor subunit 6 [OS=Mus musculus],0.0005,4.844,3,1,3,1,59.1,Cpsf6,,,,,,,,,,,,,,,,,,,,,,,mRNA 3'-end processing; RNA Polymerase II Transcription Termination; Processing of Intronless Pre-mRNAs
FALSE,High,Master Protein,Q80X41,Serine/threonine-protein kinase VRK1 [OS=Mus musculus],0.0005,4.823,5,2,9,2,49.7,Vrk1,,,,,,,,,,,,,,,,,,,,,,,Nuclear Envelope Breakdown; Initiation of Nuclear Envelope (NE) Reformation
FALSE,High,Master Protein,Q62241,U1 small nuclear ribonucleoprotein C [OS=Mus musculus],0.0005,4.82,11,1,3,1,17.4,Snrpc,,,,,,,,,,,,,,,,,,,,,,mRNA processing,mRNA Splicing - Major Pathway
FALSE,High,Master Protein,Q9D1X0,Nucleolar protein 3 [OS=Mus musculus],0.0005,4.819,12,1,1,1,24.6,Nol3,,,,,,,,,,,,,,,,,,,,,,,
FALSE,High,Master Protein,Q91XE8,Transmembrane protein 205 [OS=Mus musculus],0.0005,4.813,14,2,8,2,21.2,Tmem205,1000,1000,,,,,,,,,,,12936756,4753262,4777575,5677850.5,4119608.25,4870123.5,5448806,4493831.5,,,
FALSE,High,Master Protein,P83870,PHD finger-like domain-containing protein 5A [OS=Mus musculus],0.0005,4.793,12,1,1,1,12.4,Phf5a,,,,,,,,,,,,,,,,,,,,,,miRNAs and TFs in iPS Cell Generation; mRNA processing,mRNA Splicing - Major Pathway
FALSE,High,Master Protein,P19258,Mitochondrial inner membrane protein Mpv17 [OS=Mus musculus],0.0005,4.784,13,1,1,1,19.7,Mpv17,,,,,,,,,,,,,,,,,,,,,,,Peroxisomal protein import
FALSE,High,Master Protein,Q8BVE3,V-type proton ATPase subunit H [OS=Mus musculus],0.0005,4.777,8,3,4,3,55.8,Atp6v1h,,,,,,,,,,,,,,,,,,,,,,,Insulin receptor recycling; Amino acids regulate mTORC1; ROS and RNS production in phagocytes; Transferrin endocytosis and recycling; Ion channel transport
FALSE,High,Master Protein,P70349,Adenosine 5'-monophosphoramidase HINT1 [OS=Mus musculus],0.0005,4.775,27,2,4,2,13.8,Hint1,2.773,0.02,0.245368462,,,,1958817.625,2375774.25,2637576.75,,,3282281.5,,9707458,3014956.5,6588893,,,,1313113.875,,,Transcriptional and post-translational regulation of MITF-M expression and activity; Regulation of MITF-M-dependent genes involved in apoptosis; Regulation of MITF-M-dependent genes involved in cell cycle and proliferation
FALSE,High,Master Protein,Q6ZWM4,U6 snRNA-associated Sm-like protein LSm8 [OS=Mus musculus],0.0005,4.751,17,1,3,1,10.4,Lsm8,,,,,,,,,,,,,,,,,,,,,,mRNA processing,mRNA Splicing - Major Pathway
FALSE,High,Master Protein,Q61191,Host cell factor 1 [OS=Mus musculus],0.0005,4.732,1,2,2,2,210.3,Hcfc1,,,,,,,,,,,,,,,,,,,,,,Mitochondrial gene expression; Mechanisms associated with pluripotency,HATs acetylate histones; Formation of WDR5-containing histone-modifying complexes; UCH proteinases
FALSE,High,Master Protein,Q9D2N9,Vacuolar protein sorting-associated protein 33A [OS=Mus musculus],0.0005,4.722,3,2,6,2,67.5,Vps33a,,,,,,,,,,,,,,,,,,,,,,,
FALSE,High,Master Protein,Q91YJ3,Thymocyte nuclear protein 1 [OS=Mus musculus],0.0005,4.721,9,2,4,2,26.2,Thyn1,,,,,,,,,,,,,,,,,,,,,,,
FALSE,High,Master Protein,P37040,NADPH--cytochrome P450 reductase [OS=Mus musculus],0.0005,4.719,4,2,2,2,77,Por,,,,,,,,,,,,,,,,,,,,,,Oxidation by cytochrome P450,
FALSE,High,Master Protein,Q3TC33,Coiled-coil domain-containing protein 127 [OS=Mus musculus],0.0005,4.716,8,2,5,2,30.5,Ccdc127,,,,,,,,,,,,,,,,,,,,,,,
FALSE,High,Master Protein,Q5F2E7,FMR1-interacting protein NUFIP2 [OS=Mus musculus],0.0005,4.681,2,1,6,1,75.6,Nufip2,,,,,,,,,,,,,,,,,,,,,,,
FALSE,High,Master Protein,Q91YW3,DnaJ homolog subfamily C member 3 [OS=Mus musculus],0.0005,4.681,6,2,3,2,57.4,Dnajc3,,,,,,,,,,,,,,,,,,,,,,,PKR-mediated signaling; Neutrophil degranulation; Regulation of Insulin-like Growth Factor (IGF) transport and uptake by Insulin-like Growth Factor Binding Proteins (IGFBPs); Post-translational protein phosphorylation
FALSE,High,Master Protein,Q9D898,Actin-related protein 2/3 complex subunit 5-like protein [OS=Mus musculus],0.0005,4.66,8,1,1,1,17,Arpc5l,,,,,,,,,,,,,,,,,,,,,,,
FALSE,High,Master Protein,Q8R4R6,Nucleoporin NUP35 [OS=Mus musculus],0.0005,4.656,10,2,3,2,34.8,Nup35,,,,,,,,,,,,,,,,,,,,,,,Regulation of HSF1-mediated heat shock response; Transport of the SLBP independent Mature mRNA; Transport of the SLBP Dependant Mature mRNA; Transport of Mature mRNA Derived from an Intronless Transcript; Transport of Mature mRNA derived from an Intron-Containing Transcript; Regulation of Glucokinase by Glucokinase Regulatory Protein; IPs transport between nucleus and cytosol; IP3 and IP4 transport between cytosol and nucleus; IP6 and IP7 transport between cytosol and nucleus; snRNP Assembly; SUMOylation of DNA damage response and repair proteins; SUMOylation of ubiquitinylation proteins; Nuclear Pore Complex (NPC) Disassembly; SUMOylation of SUMOylation proteins; SUMOylation of chromatin organization proteins; SUMOylation of RNA binding proteins; SUMOylation of DNA replication proteins; Transcriptional regulation by small RNAs; Postmitotic nuclear pore complex (NPC) reformation
FALSE,High,Master Protein,P14142,"Solute carrier family 2, facilitated glucose transporter member 4 [OS=Mus musculus]",0.0005,4.644,6,2,9,2,54.7,Slc2a4,,,,,,,,,,,,,,,,,,,,,,Glycolysis and gluconeogenesis; Focal adhesion: PI3K-Akt-mTOR signaling pathway; Adipogenesis genes; Insulin signaling,Cellular hexose transport
FALSE,High,Master Protein,Q5XG73,Acyl-CoA-binding domain-containing protein 5 [OS=Mus musculus],0.0005,4.642,5,2,2,2,56.6,Acbd5,,,,,,,,,,,,,,,,,,,,,,,RHOA GTPase cycle; RHOC GTPase cycle; Peroxisomal lipid metabolism; Class I peroxisomal membrane protein import
FALSE,High,Master Protein,Q8JZS9,Large ribosomal subunit protein mL48 [OS=Mus musculus],0.0005,4.626,5,1,14,1,23.9,Mrpl48,1.887,0.307,0.023501916,0.253856069,1934895.75,,1474437.25,762087.6875,11614527.5,5762164,9400589,3989796.5,3186472.5,2047173.25,2415494.25,1648419.375,2328252,2700886.75,10051651,,,,Mitochondrial translation termination; Mitochondrial translation elongation; Mitochondrial ribosome-associated quality control
FALSE,High,Master Protein,Q61247,Alpha-2-antiplasmin [OS=Mus musculus],0.0005,4.617,3,1,1,1,54.9,Serpinf2,,,,,,,,,,,,,,,,,,,,,,Complement and coagulation cascades; Blood clotting cascade,Platelet degranulation ; Dissolution of Fibrin Clot
FALSE,High,Master Protein,Q9D8W5,26S proteasome non-ATPase regulatory subunit 12 [OS=Mus musculus],0.0005,4.616,3,1,5,1,52.9,Psmd12,1000,1000,,,,,,,,,,,,,2290929,2792460.5,,,1617544.5,,,TNF-alpha NF-kB signaling pathway; Proteasome degradation,Neutrophil degranulation; Ribosome Quality Control (RQC) complex extracts and degrades nascent peptide; Regulation of PTEN stability and activity; SPOP-mediated proteasomal degradation of PD-L1(CD274); AUF1 (hnRNP D0) binds and destabilizes mRNA; Separation of Sister Chromatids; FCERI mediated NF-kB activation; Downstream TCR signaling; Activation of NF-kappaB in B cells; Neddylation; Asymmetric localization of PCP proteins; Degradation of AXIN; Hedgehog 'on' state; Ub-specific processing proteases; Regulation of RUNX3 expression and activity; Antigen processing: Ubiquitination & Proteasome degradation; Autodegradation of Cdh1 by Cdh1:APC/C; APC/C:Cdc20 mediated degradation of Securin; APC/C:Cdh1 mediated degradation of Cdc20 and other APC/C:Cdh1 targeted proteins in late mitosis/early G1; Cdc20:Phospho-APC/C mediated degradation of Cyclin A; Assembly of the pre-replicative complex; CDK-mediated phosphorylation and removal of Cdc6; The role of GTSE1 in G2/M progression after G2 checkpoint; MAPK6/MAPK4 signaling; UCH proteinases; ABC-family proteins mediated transport; Regulation of RAS by GAPs; FBXL7 down-regulates AURKA during mitotic entry and in early mitosis; Degradation of CDH1; Regulation of ornithine decarboxylase (ODC); Oxygen-dependent proline hydroxylation of Hypoxia-inducible Factor Alpha; Cross-presentation of soluble exogenous antigens (endosomes); SCF(Skp2)-mediated degradation of p27/p21; Degradation of beta-catenin by the destruction complex; Autodegradation of the E3 ubiquitin ligase COP1; Degradation of DVL; Hedgehog ligand biogenesis; Dectin-1 mediated noncanonical NF-kB signaling; Degradation of GLI1 by the proteasome; GLI3 is processed to GLI3R by the proteasome; NIK-->noncanonical NF-kB signaling; Orc1 removal from chromatin; G2/M Checkpoints; Ubiquitin-Mediated Degradation of Phosphorylated Cdc25A; Ubiquitin-dependent degradation of Cyclin D; RUNX1 regulates transcription of genes involved in differentiation of HSCs; Regulation of RUNX2 expression and activity; Interleukin-1 signaling; KEAP1-NFE2L2 pathway; GSK3B and BTRC:CUL1-mediated-degradation of NFE2L2; Proteasome assembly; GSK3B-mediated proteasomal degradation of PD-L1(CD274); AMPK-induced ERAD and lysosome mediated degradation of PD-L1(CD274); Degradation of CRY and PER proteins
FALSE,High,Master Protein,P40142,Transketolase [OS=Mus musculus],0.0005,4.614,3,1,1,1,67.6,Tkt,,,,,,,,,,,,,,,,,,,,,,Pentose phosphate pathway,Insulin effects increased synthesis of Xylulose-5-Phosphate; Pentose phosphate pathway
FALSE,High,Master Protein,Q8VEH3,ADP-ribosylation factor-like protein 8A [OS=Mus musculus],0.0005,4.604,12,1,1,1,21.4,Arl8a,1000,,,,,,,,,,,,3270374.75,,2157508,,,,,,,,Neutrophil degranulation
FALSE,High,Master Protein,Q9DCV4,Regulator of microtubule dynamics protein 1 [OS=Mus musculus],0.0005,4.586,7,2,7,2,35,Rmdn1,1.207,0.001,0.681674172,,2145799,1167282.75,1428191.375,,2216449.25,1785736.125,2235789.25,1470498,,1989030.75,1221459,1324821.625,,,1107157.375,,,,
FALSE,High,Master Protein,P52196,Thiosulfate sulfurtransferase [OS=Mus musculus],0.0005,4.586,6,1,3,1,33.4,Tst,,,,,,,,,,,,,,,,,,,,,,,Degradation of cysteine and homocysteine
FALSE,High,Master Protein,Q9D7A6,Signal recognition particle 19 kDa protein [OS=Mus musculus],0.0005,4.584,10,1,5,1,16.2,Srp19,,,,,,,,,,,,,,,,,,,,,,,SRP-dependent cotranslational protein targeting to membrane
FALSE,High,Master Protein,Q9QZ23,"NFU1 iron-sulfur cluster scaffold homolog, mitochondrial [OS=Mus musculus]",0.0005,4.573,6,1,3,1,28.5,Nfu1,,,,,,,,,,,,,,,,,,,,,,,Protein lipoylation
FALSE,High,Master Protein,Q9EST5,Acidic leucine-rich nuclear phosphoprotein 32 family member B [OS=Mus musculus],0.00099,4.554,7,2,6,1,31.1,Anp32b,,,,,,,,,,,,,,,,,,,,,,,
FALSE,High,Master Protein,Q9DCC8,Mitochondrial import receptor subunit TOM20 homolog [OS=Mus musculus],0.00099,4.553,23,2,4,2,16.3,Tomm20,1000,1000,,,,,,,,,,,,8697222,9663649,7486338,,9227436,15731850,8972782,,,Ub-specific processing proteases; PINK1-PRKN Mediated Mitophagy
FALSE,High,Master Protein,P70362,Ubiquitin recognition factor in ER-associated degradation protein 1 [OS=Mus musculus],0.00099,4.534,8,2,4,2,34.5,Ufd1,,,,,,,,,,,,,,,,,,,,,Acetyl [N-Term],,Neddylation; Ub-specific processing proteases; Translesion Synthesis by POLH; KEAP1-NFE2L2 pathway
FALSE,High,Master Protein,Q4ZJN1,Complement C1q and tumor necrosis factor-related protein 9 [OS=Mus musculus],0.00099,4.533,4,1,5,1,34.5,C1qtnf9,,,,,,,,,,,,,,,,,,,,,,,
FALSE,High,Master Protein,P18826,"Phosphorylase b kinase regulatory subunit alpha, skeletal muscle isoform [OS=Mus musculus]",0.00099,4.514,1,1,1,1,138.7,Phka1,1000,,,,,,,,,,,,2232494,,1822175.375,,,,,,,Glycogen metabolism,Glycogen breakdown (glycogenolysis)
FALSE,High,Master Protein,O89023,Tripeptidyl-peptidase 1 [OS=Mus musculus],0.00099,4.503,2,1,6,1,61.3,Tpp1,0.874,0.566,0.281138668,0.114981427,6362064.5,3349666.5,4190386,4776161,2089105.125,2239524.75,3079203.25,2815735,3648990.75,3397485.25,4483680.5,3594804.5,978671.6875,,2109109.75,2312191.625,,,
FALSE,High,Master Protein,Q8BWF0,"Succinate-semialdehyde dehydrogenase, mitochondrial [OS=Mus musculus]",0.00099,4.464,6,2,3,2,55.9,Aldh5a1,,,,,,,,,,,,,,,,,,,,,,,Degradation of GABA
FALSE,High,Master Protein,Q9ES82,Popeye domain-containing protein 2 [OS=Mus musculus],0.00099,4.462,6,2,5,2,41.2,Popdc2,,0.001,,,,,,,1281790.75,,,1834034.5,,,,,,,,,,,
FALSE,High,Master Protein,O70572,Sphingomyelin phosphodiesterase 2 [OS=Mus musculus],0.00099,4.45,5,2,2,2,47.4,Smpd2,,,,,,,,,,,,,,,,,,,,,,Signal transduction of S1P receptor,Glycosphingolipid catabolism; TNFR1-mediated ceramide production
FALSE,High,Master Protein,O70493,Sorting nexin-12 [OS=Mus musculus],0.00099,4.446,13,2,3,1,19.1,Snx12,,,,,,,,,,,,,,,,,,,,,,Nephrotic syndrome,
FALSE,High,Master Protein,Q9JJ80,Ribosome production factor 2 homolog [OS=Mus musculus],0.00099,4.441,9,2,3,2,35.3,Rpf2,,,,,,,,,,,,,,,,,,,,,,,
FALSE,High,Master Protein,Q6Y5D8,Rho GTPase-activating protein 10 [OS=Mus musculus],0.00098,4.441,3,3,8,3,89.3,Arhgap10,1000,1000,,,,,,,,,,,6728509.5,4284399,2744386,2738772.25,,,909768.75,,,,RHOA GTPase cycle; CDC42 GTPase cycle; RAC1 GTPase cycle
FALSE,High,Master Protein,P01631,Ig kappa chain V-II region 26-10 [OS=Mus musculus],0.00098,4.414,12,1,6,1,12.3,,40.134,1000,0.425335613,,,5391902,,4023851,,,,,3704442,5703399,2337435.75,6481295.5,1686607.5,,5207773,6676843,,,
FALSE,High,Master Protein,P09925,Surfeit locus protein 1 [OS=Mus musculus],0.00098,4.404,9,1,1,1,34.8,Surf1,,,,,,,,,,,,,,,,,,,,,,Electron transport chain,Complex IV assembly
FALSE,High,Master Protein,Q9WVJ2,26S proteasome non-ATPase regulatory subunit 13 [OS=Mus musculus],0.00098,4.384,3,1,7,1,42.8,Psmd13,,,,,,,,,,,,,,,,,,,,,,TNF-alpha NF-kB signaling pathway; Proteasome degradation,Neutrophil degranulation; RUNX1 regulates transcription of genes involved in differentiation of HSCs; Ribosome Quality Control (RQC) complex extracts and degrades nascent peptide; Neddylation; ABC-family proteins mediated transport; Hedgehog ligand biogenesis; AMPK-induced ERAD and lysosome mediated degradation of PD-L1(CD274); FCERI mediated NF-kB activation; Downstream TCR signaling; Activation of NF-kappaB in B cells; Antigen processing: Ubiquitination & Proteasome degradation; FBXL7 down-regulates AURKA during mitotic entry and in early mitosis; SCF(Skp2)-mediated degradation of p27/p21; Degradation of beta-catenin by the destruction complex; Dectin-1 mediated noncanonical NF-kB signaling; Degradation of GLI1 by the proteasome; GLI3 is processed to GLI3R by the proteasome; NIK-->noncanonical NF-kB signaling; Orc1 removal from chromatin; Ubiquitin-Mediated Degradation of Phosphorylated Cdc25A; Regulation of RUNX2 expression and activity; Interleukin-1 signaling; GSK3B and BTRC:CUL1-mediated-degradation of NFE2L2; GSK3B-mediated proteasomal degradation of PD-L1(CD274); Asymmetric localization of PCP proteins; Degradation of AXIN; Hedgehog 'on' state; Ub-specific processing proteases; Regulation of RUNX3 expression and activity; Autodegradation of Cdh1 by Cdh1:APC/C; APC/C:Cdc20 mediated degradation of Securin; APC/C:Cdh1 mediated degradation of Cdc20 and other APC/C:Cdh1 targeted proteins in late mitosis/early G1; Cdc20:Phospho-APC/C mediated degradation of Cyclin A; Separation of Sister Chromatids; Assembly of the pre-replicative complex; CDK-mediated phosphorylation and removal of Cdc6; The role of GTSE1 in G2/M progression after G2 checkpoint; MAPK6/MAPK4 signaling; UCH proteinases; Regulation of PTEN stability and activity; Regulation of RAS by GAPs; Degradation of CDH1; Regulation of ornithine decarboxylase (ODC); Oxygen-dependent proline hydroxylation of Hypoxia-inducible Factor Alpha; Cross-presentation of soluble exogenous antigens (endosomes); Autodegradation of the E3 ubiquitin ligase COP1; AUF1 (hnRNP D0) binds and destabilizes mRNA; Degradation of DVL; G2/M Checkpoints; Ubiquitin-dependent degradation of Cyclin D; KEAP1-NFE2L2 pathway; Proteasome assembly; SPOP-mediated proteasomal degradation of PD-L1(CD274); Degradation of CRY and PER proteins
FALSE,High,Master Protein,Q9D273,Corrinoid adenosyltransferase MMAB [OS=Mus musculus],0.00098,4.372,11,2,2,2,26.3,Mmab,,,,,,,,,,,,,,,,,,,,,,,Cobalamin (Cbl) metabolism
FALSE,High,Master Protein,P10852,Amino acid transporter heavy chain SLC3A2 [OS=Mus musculus],0.00098,4.371,5,2,2,2,58.3,Slc3a2,,,,,,,,,,,,,,,,,,,,,,,Basigin interactions; Amino acid transport across the plasma membrane; Tryptophan catabolism
FALSE,High,Master Protein,P50518,V-type proton ATPase subunit E 1 [OS=Mus musculus],0.00098,4.364,10,2,4,2,26.1,Atp6v1e1,1000,1000,,,,,,,,,,,3394871.75,2344059.75,2801273.5,,,,,903144.5625,,,Insulin receptor recycling; Amino acids regulate mTORC1; ROS and RNS production in phagocytes; Transferrin endocytosis and recycling; Ion channel transport
FALSE,High,Master Protein,Q9CXJ1,"Nondiscriminating glutamyl-tRNA synthetase EARS2, mitochondrial [OS=Mus musculus]",0.00098,4.335,3,1,1,1,58.3,Ears2,,,,,,,,,,,,,,,,,,,,,,,
FALSE,High,Master Protein,Q3ULW8,Protein mono-ADP-ribosyltransferase PARP3 [OS=Mus musculus],0.00098,4.327,2,1,6,1,59.9,Parp3,,,,,,,,,,,,,,,,,,,,,,,
FALSE,High,Master Protein,Q99K28,ADP-ribosylation factor GTPase-activating protein 2 [OS=Mus musculus],0.00098,4.322,4,2,9,2,56.6,Arfgap2,,,,,,,,,,,,,,,,,,,,,,,COPI-dependent Golgi-to-ER retrograde traffic; COPI-mediated anterograde transport
FALSE,High,Master Protein,Q3ULJ0,Glycerol-3-phosphate dehydrogenase 1-like protein [OS=Mus musculus],0.00098,4.32,5,2,2,1,38.2,Gpd1l,0.001,,,,1925007.125,,1900373.25,,,,,,,,,,,,,,,,Synthesis of PA
FALSE,High,Master Protein,Q920Q4,Vacuolar protein sorting-associated protein 16 homolog [OS=Mus musculus],0.00098,4.292,3,2,2,2,94.9,Vps16,,,,,,,,,,,,,,,,,,,,,,,
FALSE,High,Master Protein,O54825,Bystin [OS=Mus musculus],0.00098,4.284,4,2,3,2,49.8,Bysl,,,,,,,,,,,,,,,,,,,,,,,Major pathway of rRNA processing in the nucleolus and cytosol
FALSE,High,Master Protein,P57759,Endoplasmic reticulum resident protein 29 [OS=Mus musculus],0.00098,4.282,8,2,7,2,28.8,Erp29,1000,,,,,,,,,,,,5343853,,,4669481.5,,,,,,,
FALSE,High,Master Protein,Q9CX13,Protein cornichon homolog 4 [OS=Mus musculus],0.00098,4.281,14,1,6,1,16.1,Cnih4,,,,,,,,,,,,,,,,,,,,,,,
FALSE,High,Master Protein,Q9CR16,Peptidyl-prolyl cis-trans isomerase D [OS=Mus musculus],0.00098,4.278,6,2,5,2,40.7,Ppid,1000,,,,,,,,,,,,3991837.125,4522755.625,4121152.75,2368059.75,,,,,,,
FALSE,High,Master Protein,P70257,Nuclear factor 1 X-type [OS=Mus musculus],0.00098,4.278,4,2,11,1,53.4,Nfix,1000,1000,,,,,,,,,,,3965131.5,3161485,3679870.5,3758971.75,,2357590.75,3298223,3422473.5,,Oxidative stress response,
FALSE,High,Master Protein,Q50H33,BTB/POZ domain-containing protein KCTD8 [OS=Mus musculus],0.00098,4.263,4,2,8,1,52.7,Kctd8,,,,,,,,,,,,,,,,,,,,,,,
FALSE,High,Master Protein,P35282,Ras-related protein Rab-21 [OS=Mus musculus],0.00098,4.244,10,2,2,2,24.1,Rab21,,,,,,,,,,,,,,,,,,,,,,,RAB GEFs exchange GTP for GDP on RABs; RAB geranylgeranylation
FALSE,High,Master Protein,P97370,Sodium/potassium-transporting ATPase subunit beta-3 [OS=Mus musculus],0.00097,4.224,5,1,1,1,31.8,Atp1b3,,,,,,,,,,,,,,,,,,,,,,Calcium regulation in cardiac cells,Ion homeostasis; Ion transport by P-type ATPases; Basigin interactions
FALSE,High,Master Protein,Q8K354,Carbonyl reductase [NADPH] 3 [OS=Mus musculus],0.00097,4.223,10,1,1,1,30.9,Cbr3,,,,,,,,,,,,,,,,,,,,,,,Phase I - Functionalization of compounds
FALSE,High,Master Protein,Q9D7G0,Ribose-phosphate pyrophosphokinase 1 [OS=Mus musculus],0.00097,4.219,3,1,6,1,34.8,Prps1,47.104,1000,0.243479093,,,1585161.375,,2006493.375,,1457243.5,,,3916402.25,3517131.75,2459055,2818218.75,1083555.375,1724928.5,1952214,3014048.75,,Purine metabolism,5-Phosphoribose 1-diphosphate biosynthesis
FALSE,High,Master Protein,Q9CX80,Cytoglobin [OS=Mus musculus],0.00097,4.21,17,2,4,2,21.5,Cygb,1000,,,,,,,,,,,,1341492.75,,1781218.625,1395309.75,,,,,,,Intracellular oxygen transport; eNOS activation
FALSE,High,Master Protein,Q8R3K3,"Pentatricopeptide repeat-containing protein 2, mitochondrial [OS=Mus musculus]",0.00097,4.207,5,2,4,2,43.8,Ptcd2,1000,1000,,,,,,,,,,,,2186332.5,,,,2628633.5,,,,,
FALSE,High,Master Protein,Q9ERR1,Nuclear distribution protein nudE-like 1 [OS=Mus musculus],0.00097,4.195,3,1,5,1,38.3,Ndel1,,,,,,,,,,,,,,,,,,,,,,,Separation of Sister Chromatids; Amplification  of signal from unattached  kinetochores via a MAD2  inhibitory signal; Resolution of Sister Chromatid Cohesion; RHO GTPases Activate Formins; EML4 and NUDC in mitotic spindle formation
FALSE,High,Master Protein,Q9ES28,Rho guanine nucleotide exchange factor 7 [OS=Mus musculus],0.00097,4.195,3,2,2,2,97,Arhgef7,1000,,,,,,,,,,,,2716786.5,,3191576.75,,,,,,,T cell receptor signaling pathway; Regulation of actin cytoskeleton; Integrin-mediated cell adhesion,RAC1 GTPase cycle; RHOA GTPase cycle; NRAGE signals death through JNK; G alpha (12/13) signalling events; RHOQ GTPase cycle; EGFR downregulation; RHOU GTPase cycle; RHOV GTPase cycle; Ephrin signaling
FALSE,High,Master Protein,Q8C3X8,Lipase maturation factor 2 [OS=Mus musculus],0.00097,4.184,2,1,3,1,79.9,Lmf2,,,,,,,,,,,,,,,,,,,,,,,Assembly of active LPL and LIPC lipase complexes
FALSE,High,Master Protein,P98192,Dihydroxyacetone phosphate acyltransferase [OS=Mus musculus],0.00097,4.184,2,1,7,1,76.8,Gnpat,,,,,,,,,,,,,,,,,,,,,,Triacylglyceride synthesis,Peroxisomal protein import; Synthesis of PA; Plasmalogen biosynthesis
FALSE,High,Master Protein,Q9Z126,Platelet factor 4 [OS=Mus musculus],0.00097,4.162,20,2,5,2,11.2,Pf4,1000,1000,,,,,,,,,,,24075924,3498351.75,6741744,5491429.5,9506011.5,9527379.25,5514304,,,Chemokine signaling pathway,Platelet degranulation ; Cell surface interactions at the vascular wall; G alpha (i) signalling events; Common Pathway of Fibrin Clot Formation; Chemokine receptors bind chemokines
FALSE,High,Master Protein,O88207,Collagen alpha-1(V) chain [OS=Mus musculus],0.00097,4.159,1,1,4,1,183.6,Col5a1,0.001,0.001,,,8630890,4024476.25,3562440.5,4495396,,,,1351813.75,,,,,,,,,,Focal adhesion: PI3K-Akt-mTOR signaling pathway; Focal adhesion,ECM proteoglycans; Signaling by PDGF; Assembly of collagen fibrils and other multimeric structures; Integrin cell surface interactions; NCAM1 interactions; Collagen chain trimerization; Collagen degradation; Fibronectin matrix formation; Non-integrin membrane-ECM interactions; MET activates PTK2 signaling
FALSE,High,Master Protein,P59279,Ras-related protein Rab-2B [OS=Mus musculus],0.00097,4.15,12,2,3,2,24.2,Rab2b,,,,,,,,,,,,,,,,,,,,,,,RAB geranylgeranylation
FALSE,High,Master Protein,P27601,Guanine nucleotide-binding protein subunit alpha-13 [OS=Mus musculus],0.00097,4.135,6,2,9,1,44,Gna13,,,,,,,,,,,,,,,,,,,,,,G protein signaling pathways; G13 signaling pathway; Regulation of actin cytoskeleton,CDC42 GTPase cycle; RAC1 GTPase cycle; NRAGE signals death through JNK; G alpha (12/13) signalling events; Thromboxane signalling through TP receptor; Thrombin signalling through proteinase activated receptors (PARs)
FALSE,High,Master Protein,Q148V7,RAB11-binding protein RELCH [OS=Mus musculus],0.00097,4.101,1,1,2,1,134.5,Relch,,,,,,,,,,,,,,,,,,,,,,,
FALSE,High,Master Protein,Q9JLM9,Growth factor receptor-bound protein 14 [OS=Mus musculus],0.00096,4.095,9,3,4,3,60.5,Grb14,,,,,,,,,,,,,,,,,,,,,,EGFR1 signaling pathway; Insulin signaling,Tie2 Signaling
FALSE,High,Master Protein,Q8K215,LYR motif-containing protein 4 [OS=Mus musculus],0.00096,4.092,20,2,6,2,10.8,Lyrm4,,0.001,,,,,,,,,,1293755.75,,,,,,,,,,,Mitochondrial iron-sulfur cluster biogenesis; Maturation of TCA enzymes and regulation of TCA cycle; Complex III assembly
FALSE,High,Master Protein,Q8CBW3,Abl interactor 1 [OS=Mus musculus],0.00096,4.087,3,1,3,1,52.3,Abi1,1000,,,,,,,,,,,,4406507.5,2357175.75,2770991.75,,,,,,,T cell receptor signaling pathway; EGFR1 signaling pathway; Toll-like receptor signaling,Regulation of actin dynamics for phagocytic cup formation; RAC1 GTPase cycle; RAC2 GTPase cycle; RAC3 GTPase cycle; VEGFA-VEGFR2 Pathway; RHO GTPases Activate WASPs and WAVEs
FALSE,High,Master Protein,P70426,GTP-binding protein Rit1 [OS=Mus musculus],0.00096,4.079,5,1,8,1,25.2,Rit1,,,,,,,,,,,,,,,,,,,,,,,
FALSE,High,Master Protein,Q8VCM8,BOS complex subunit NCLN [OS=Mus musculus],0.00096,4.067,2,1,4,1,62.9,Ncln,,,,,,,,,,,,,,,,,,,,,,,
FALSE,High,Master Protein,Q9Z239,Phospholemman [OS=Mus musculus],0.00096,4.058,13,1,5,1,10.3,Fxyd1,,,,,,,,,,,,,,,,,,,,,,,Ion homeostasis; Ion transport by P-type ATPases
FALSE,High,Master Protein,Q9CPV3,Large ribosomal subunit protein mL42 [OS=Mus musculus],0.00096,4.057,9,1,1,1,16.5,Mrpl42,,1000,,,,,,,,,,,,,,,,,5086769,,,,Mitochondrial translation elongation; Mitochondrial translation termination; Mitochondrial ribosome-associated quality control
FALSE,High,Master Protein,Q68FL4,Putative adenosylhomocysteinase 3 [OS=Mus musculus],0.00096,4.049,2,1,5,1,66.9,Ahcyl2,,,,,,,,,,,,,,,,,,,,,,One-carbon metabolism; Glutathione and one-carbon metabolism,Bicarbonate transporters
FALSE,High,Master Protein,Q63739,Protein tyrosine phosphatase type IVA 1 [OS=Mus musculus],0.00096,4.045,13,2,4,2,19.8,Ptp4a1,1000,1000,,,,,,,,,,,3191037,1929868.25,3002767.75,2175715.75,,1035798.75,,,,,
FALSE,High,Master Protein,P62075,Mitochondrial import inner membrane translocase subunit Tim13 [OS=Mus musculus],0.00096,4.029,15,1,5,1,10.5,Timm13,,,,,,,,,,,,,,,,,,,,,,,
FALSE,High,Master Protein,Q61081,Hsp90 co-chaperone Cdc37 [OS=Mus musculus],0.00096,4.024,7,2,2,2,44.6,Cdc37,,,,,,,,,,,,,,,,,,,,,,TNF-alpha NF-kB signaling pathway; Androgen receptor signaling pathway; Focal adhesion: PI3K-Akt-mTOR signaling pathway,Downregulation of ERBB2 signaling; Regulation of necroptotic cell death; RHOBTB2 GTPase cycle; Drug-mediated inhibition of ERBB2 signaling
FALSE,High,Master Protein,P97473,RISC-loading complex subunit TARBP2 [OS=Mus musculus],0.00096,4.019,4,1,1,1,38.8,Tarbp2,,,,,,,,,,,,,,,,,,,,,,mRNA processing,PKR-mediated signaling; MicroRNA (miRNA) biogenesis; Small interfering RNA (siRNA) biogenesis
FALSE,High,Master Protein,Q8BHN3,Neutral alpha-glucosidase AB [OS=Mus musculus],0.00096,4.007,2,1,2,1,106.8,Ganab,,,,,,,,,,,,,,,,,,,,,,,Regulation of CDH1 posttranslational processing and trafficking to plasma membrane
FALSE,High,Master Protein,Q08288,Cell growth-regulating nucleolar protein [OS=Mus musculus],0.00096,4.001,4,1,2,1,43.7,Lyar,,,,,,,,,,,,,,,,,,,,,,Mechanisms associated with pluripotency,
FALSE,High,Master Protein,Q60631,Growth factor receptor-bound protein 2 [OS=Mus musculus],0.00096,3.992,6,1,7,1,25.2,Grb2,,,,,,,,,,,,,,,,,,,,,,IL-9 signaling pathway; Estrogen signaling; EPO receptor signaling; ErbB signaling pathway; IL-5 signaling pathway; Mechanisms associated with pluripotency; Hepatocyte growth factor receptor signaling; Chemokine signaling pathway; B cell receptor signaling pathway; Focal adhesion: PI3K-Akt-mTOR signaling pathway; IL-7 signaling pathway; ESC pluripotency pathways; p38 Mapk signaling pathway; IL-3 signaling pathway; IL-6 signaling pathway; Kit receptor signaling pathway; IL-2 signaling pathway; T cell receptor signaling pathway; Alpha 6 beta 4 integrin signaling pathway; Mapk signaling pathway; Na/K-ATPase/Src signaling; EGFR1 signaling pathway; Integrin-mediated cell adhesion; Insulin signaling; Focal adhesion; IL-4 signaling pathway,"Antigen activates B Cell Receptor (BCR) leading to generation of second messengers; Regulation of actin dynamics for phagocytic cup formation; Role of LAT2/NTAL/LAB on calcium mobilization; FCERI mediated MAPK activation; FCERI mediated Ca+2 mobilization; Signal regulatory protein family interactions; RAF/MAP kinase cascade; SHC1 events in ERBB4 signaling; PIP3 activates AKT signaling; GRB2 events in ERBB2 signaling; PI3K events in ERBB2 signaling; PI5P, PP2A and IER3 Regulate PI3K/AKT Signaling; NCAM signaling for neurite out-growth; EGFR downregulation; RET signaling; Cargo recognition for clathrin-mediated endocytosis; RHOU GTPase cycle; GRB2:SOS provides linkage to MAPK signaling for Integrins ; Downstream signal transduction; Signaling by LTK; Tie2 Signaling; Spry regulation of FGF signaling; PI3K Cascade; DAP12 signaling; Interleukin receptor SHC signaling; Regulation of signaling by CBL; Regulation of KIT signaling; SHC-mediated cascade:FGFR1; PI-3K cascade:FGFR1; FRS-mediated FGFR1 signaling; PI-3K cascade:FGFR2; SHC-mediated cascade:FGFR2; FRS-mediated FGFR2 signaling; FRS-mediated FGFR4 signaling; SHC-mediated cascade:FGFR4; PI-3K cascade:FGFR4; CD28 dependent Vav1 pathway; Negative regulation of MET activity; SHC-mediated cascade:FGFR3; FRS-mediated FGFR3 signaling; PI-3K cascade:FGFR3; RHO GTPases Activate WASPs and WAVEs; GRB2 events in EGFR signaling; GAB1 signalosome; SHC1 events in EGFR signaling; Signal attenuation; SHC-related events triggered by IGF1R; Erythropoietin activates RAS; Signaling by CSF3 (G-CSF); EGFR Transactivation by Gastrin; MET activates RAS signaling; Activated NTRK2 signals through FRS2 and FRS3; MET activates PI3K/AKT signaling; MET activates PTPN11; MET activates RAP1 and RAC1; MET receptor recycling; Interleukin-15 signaling; Co-inhibition by BTLA; SOS-mediated signalling; Signalling to RAS"
FALSE,High,Master Protein,Q3U276,"Succinate dehydrogenase assembly factor 1, mitochondrial [OS=Mus musculus]",0.00096,3.986,13,1,8,1,13.1,Sdhaf1,,,,,,,,,,,,,,,,,,,,,,,Maturation of TCA enzymes and regulation of TCA cycle
FALSE,High,Master Protein,Q7M757,Lys-63-specific deubiquitinase BRCC36-like [OS=Mus musculus],0.00096,3.975,3,1,14,1,33.1,Brcc3dc,2.21,2.199,0.014553916,0.005971431,1721934.625,1255295.625,1304477.5,1590923.125,2405297,2203964.5,1887079.375,2425355,3994416,2642092,,4831063.5,3786294,5037712.5,4910792,5129455,,,
FALSE,High,Master Protein,Q9D883,Splicing factor U2AF 35 kDa subunit [OS=Mus musculus],0.00096,3.952,5,1,7,1,27.8,U2af1,,,,,,,,,,,,,,,,,,,,,,mRNA processing,mRNA Splicing - Major Pathway; Transport of Mature mRNA derived from an Intron-Containing Transcript; mRNA 3'-end processing; RNA Polymerase II Transcription Termination
FALSE,High,Master Protein,Q9D4H1,Exocyst complex component 2 [OS=Mus musculus],0.00095,3.951,3,2,4,2,103.9,Exoc2,1000,,,,,,,,,,,,2790915.5,,,,,,,,,,VxPx cargo-targeting to cilium; Insulin processing
FALSE,High,Master Protein,Q8R1A4,Dedicator of cytokinesis protein 7 [OS=Mus musculus],0.00095,3.933,1,1,1,1,241.3,Dock7,,,,,,,,,,,,,,,,,,,,,,,CDC42 GTPase cycle; RAC1 GTPase cycle; Factors involved in megakaryocyte development and platelet production; MET activates RAP1 and RAC1
FALSE,High,Master Protein,P62331,ADP-ribosylation factor 6 [OS=Mus musculus],0.00095,3.932,12,2,3,2,20.1,Arf6,1000,,,,,,,,,,,,1962270.625,,,,,,,,,Insulin signaling,TBC/RABGAPs; Clathrin-mediated endocytosis; MET receptor recycling
FALSE,High,Master Protein,Q9ERG2,Striatin-3 [OS=Mus musculus],0.00095,3.927,2,1,5,1,87.1,Strn3,,,,,,,,,,,,,,,,,,,,,,,
FALSE,High,Master Protein,Q8C5H8,"NAD kinase 2, mitochondrial [OS=Mus musculus]",0.00095,3.91,3,1,4,1,50.8,Nadk2,,,,,,,,,,,,,,,,,,,,,,,Mitochondrial protein degradation; Nicotinate metabolism
FALSE,High,Master Protein,Q80SU7,Interferon-induced very large GTPase 1 [OS=Mus musculus],0.00095,3.9,1,1,1,1,280.6,Gvin1,,,,,,,,,,,,,,,,,,,,,,,
FALSE,High,Master Protein,Q9QZ85,Interferon-inducible GTPase 1 [OS=Mus musculus],0.00095,3.893,6,2,2,2,47.5,Iigp1,,,,,,,,,,,,,,,,,,,,,,,
FALSE,High,Master Protein,Q9JMA1,Ubiquitin carboxyl-terminal hydrolase 14 [OS=Mus musculus],0.00095,3.874,4,2,4,2,56,Usp14,1000,1000,,,,,,,,,,,2270134.5,1618599.875,2015268.75,1803399.375,,1049974.875,,,,,Ub-specific processing proteases; Regulation of NF-kappa B signaling
FALSE,High,Master Protein,Q61508,Extracellular matrix protein 1 [OS=Mus musculus],0.00095,3.847,4,2,3,2,62.8,Ecm1,,,,,,,,,,,,,,,,,,,,,,,Platelet degranulation
FALSE,High,Master Protein,Q8BUR4,Dedicator of cytokinesis protein 1 [OS=Mus musculus],0.00095,3.846,2,2,2,2,214.9,Dock1,,,,,,,,,,,,,,,,,,,,,,Hepatocyte growth factor receptor signaling; Regulation of actin cytoskeleton; Integrin-mediated cell adhesion,"Regulation of actin dynamics for phagocytic cup formation; RAC1 GTPase cycle; Factors involved in megakaryocyte development and platelet production; RHOG GTPase cycle; RAC2 GTPase cycle; PTK6 Regulates RHO GTPases, RAS GTPase and MAP kinases; VEGFA-VEGFR2 Pathway; DCC mediated attractive signaling"
FALSE,High,Master Protein,Q8BUV3,Gephyrin [OS=Mus musculus],0.00095,3.84,2,1,1,1,83.2,Gphn,,,,,,,,,,,,,,,,,,,,,,Splicing factor NOVA regulated synaptic proteins,Molybdenum cofactor biosynthesis
FALSE,High,Master Protein,Q99JY3,GTPase IMAP family member 4 [OS=Mus musculus],0.00095,3.84,10,2,3,2,38,Gimap4,,,,,,,,,,,,,,,,,,,,,,,
FALSE,High,Master Protein,Q3U1J4,DNA damage-binding protein 1 [OS=Mus musculus],0.00095,3.838,2,2,6,2,126.8,Ddb1,1000,1000,,,,,,,,,,,2278292,1434277.375,1911837.125,1409591.125,779820.0625,1547771.375,2329876.5,1451834.5,,Mechanisms associated with pluripotency,Neddylation; Recognition of DNA damage by PCNA-containing replication complex; DNA Damage Recognition in GG-NER; Formation of Incision Complex in GG-NER; Dual Incision in GG-NER; Formation of TC-NER Pre-Incision Complex; Dual incision in TC-NER; Gap-filling DNA repair synthesis and ligation in TC-NER
FALSE,High,Master Protein,Q9DCF9,Translocon-associated protein subunit gamma [OS=Mus musculus],0.00094,3.826,8,1,2,1,21.1,Ssr3,,,,,,,,,,,,,,,,,,,,,,,
FALSE,High,Master Protein,O09117,Synaptophysin-like protein 1 [OS=Mus musculus],0.00094,3.806,3,1,13,1,28.9,Sypl1,0.001,0.001,,,3420376.25,2942784.5,2078293.75,2147814.75,2382060,2896690,2659949.75,3306127.75,,,,,,,,,,,
FALSE,High,Master Protein,Q9QYA2,Mitochondrial import receptor subunit TOM40 homolog [OS=Mus musculus],0.00094,3.802,7,2,3,2,37.9,Tomm40,0.001,0.001,,,2333311,,3300103.25,,1697411.5,,3979601.75,1425602.125,,,,,,,,,,,PINK1-PRKN Mediated Mitophagy
FALSE,High,Master Protein,Q91YE3,Egl nine homolog 1 [OS=Mus musculus],0.00094,3.795,7,2,3,2,43.1,Egln1,,,,,,,,,,,,,,,,,,,,,,Hypoxia-dependent differentiation of myoblasts,Oxygen-dependent proline hydroxylation of Hypoxia-inducible Factor Alpha
FALSE,High,Master Protein,P54103,DnaJ homolog subfamily C member 2 [OS=Mus musculus],0.00094,3.793,4,2,3,2,71.7,Dnajc2,,,,,,,,,,,,,,,,,,,,,,,Regulation of HSF1-mediated heat shock response
FALSE,High,Master Protein,Q8R0G9,Nuclear pore complex protein Nup133 [OS=Mus musculus],0.00094,3.781,2,2,4,2,128.5,Nup133,,,,,,,,,,,,,,,,,,,,,,,SUMOylation of chromatin organization proteins; Separation of Sister Chromatids; Amplification  of signal from unattached  kinetochores via a MAD2  inhibitory signal; Resolution of Sister Chromatid Cohesion; RHO GTPases Activate Formins; EML4 and NUDC in mitotic spindle formation; Transport of the SLBP independent Mature mRNA; Transport of the SLBP Dependant Mature mRNA; Transport of Mature mRNA Derived from an Intronless Transcript; Transport of Mature mRNA derived from an Intron-Containing Transcript; Regulation of Glucokinase by Glucokinase Regulatory Protein; IPs transport between nucleus and cytosol; IP3 and IP4 transport between cytosol and nucleus; IP6 and IP7 transport between cytosol and nucleus; snRNP Assembly; SUMOylation of DNA damage response and repair proteins; SUMOylation of ubiquitinylation proteins; Nuclear Pore Complex (NPC) Disassembly; Regulation of HSF1-mediated heat shock response; SUMOylation of SUMOylation proteins; SUMOylation of RNA binding proteins; SUMOylation of DNA replication proteins; Transcriptional regulation by small RNAs; Postmitotic nuclear pore complex (NPC) reformation
FALSE,High,Master Protein,Q3UVL4,Vacuolar protein sorting-associated protein 51 homolog [OS=Mus musculus],0.00094,3.773,3,2,2,2,86.1,Vps51,,,,,,,,,,,,,,,,,,,,,,,Retrograde transport at the Trans-Golgi-Network
FALSE,High,Master Protein,P63254,Cysteine-rich protein 1 [OS=Mus musculus],0.00094,3.77,25,2,5,2,8.5,Crip1,1000,1000,,,,,,,,,,,,1542898.25,1684207.125,5820862.875,,,,962060.6875,,,
FALSE,High,Master Protein,Q9D0L7,Armadillo repeat-containing protein 10 [OS=Mus musculus],0.00094,3.763,5,1,1,1,33.3,Armc10,,,,,,,,,,,,,,,,,,,,,,,
FALSE,High,Master Protein,Q8BG73,SH3 domain-binding glutamic acid-rich-like protein 2 [OS=Mus musculus],0.00094,3.732,11,1,3,1,12.2,Sh3bgrl2,0.001,,,,2662422.5,,,,,,,,,,,,,,,,,,
FALSE,High,Master Protein,P58064,Small ribosomal subunit protein bS6m [OS=Mus musculus],0.00093,3.712,6,1,15,1,14.3,Mrps6,2.121,0.962,0.057177443,0.851606839,2806664.75,,1707027.5,1547511.25,5978381.5,7014995.5,7573392,3957453,4086835.75,2518042.25,4259226.5,2789252.5,4105024.5,4098029.5,11526000,5334705.5,,,Mitochondrial translation elongation; Mitochondrial translation termination; Mitochondrial ribosome-associated quality control
FALSE,High,Master Protein,Q9WVL3,Solute carrier family 12 member 7 [OS=Mus musculus],0.00093,3.705,3,2,7,2,119.4,Slc12a7,,,,,,,,,,,,,,,,,,,,,,,Cation-coupled Chloride cotransporters
FALSE,High,Master Protein,Q8VCM4,"Lipoyl amidotransferase LIPT1, mitochondrial [OS=Mus musculus]",0.00093,3.694,6,2,3,2,42.1,Lipt1,,,,,,,,,,,,,,,,,,,,,,,Protein lipoylation
FALSE,High,Master Protein,Q3THF9,"Coenzyme Q-binding protein COQ10 homolog B, mitochondrial [OS=Mus musculus]",0.00093,3.678,4,1,17,1,27.3,Coq10b,,,,,,,,,,,,,,,,,,,,,,,Respiratory electron transport; Complex IV assembly
FALSE,High,Master Protein,Q9CPQ3,Mitochondrial import receptor subunit TOM22 homolog [OS=Mus musculus],0.00093,3.666,16,2,2,2,15.5,Tomm22,,,,,,,,,,,,,,,,,,,,,,,PINK1-PRKN Mediated Mitophagy
FALSE,High,Master Protein,P63163,Small nuclear ribonucleoprotein-associated protein N [OS=Mus musculus],0.00093,3.665,6,2,10,2,24.6,Snrpn,2.026,1.126,0.00928038,0.542312901,7272222.5,3627071,3942613,6779343.5,4847092.5,4192423,,3930379.25,13247304,8727616,8885579,9971448,4519287.5,4374624,7948142,4779442.5,,mRNA processing,mRNA Splicing - Major Pathway
FALSE,High,Master Protein,P61082,NEDD8-conjugating enzyme Ubc12 [OS=Mus musculus],0.00093,3.649,11,2,6,2,20.9,Ube2m,1000,1000,,,,,,,,,,,11122073.5,2526126,10948073.5,7036598.75,2415541.75,5197177.75,8320203.25,5223998,,,Neddylation; Antigen processing: Ubiquitination & Proteasome degradation; TGF-beta receptor signaling activates SMADs; Dectin-1 mediated noncanonical NF-kB signaling; NIK-->noncanonical NF-kB signaling
FALSE,High,Master Protein,Q9ERU3,Zinc finger protein 22 [OS=Mus musculus],0.00093,3.649,9,2,2,2,27.3,Znf22,,,,,,,,,,,,,,,,,,,,,,,
FALSE,High,Master Protein,Q9CR67,Transmembrane protein 33 [OS=Mus musculus],0.00093,3.612,5,1,2,1,28,Tmem33,,,,,,,,,,,,,,,,,,,,,,,
FALSE,High,Master Protein,Q9Z2G9,Protein HTATIP2 [OS=Mus musculus],0.00093,3.61,8,2,2,2,26.9,Htatip2,,,,,,,,,,,,,,,,,,,,,,,
FALSE,High,Master Protein,P97390,Vacuolar protein sorting-associated protein 45 [OS=Mus musculus],0.00093,3.584,2,1,2,1,65,Vps45,,,,,,,,,,,,,,,,,,,,,,,Factors involved in megakaryocyte development and platelet production; Intra-Golgi traffic
FALSE,High,Master Protein,Q9ESL4,Mitogen-activated protein kinase kinase kinase 20 [OS=Mus musculus],0.00093,3.579,1,1,3,1,91.7,Map3k20,,,,,,,,,,,,,,,,,,,,,,Mapk signaling pathway,
FALSE,High,Master Protein,Q9R1P4,Proteasome subunit alpha type-1 [OS=Mus musculus],0.00093,3.577,8,2,5,2,29.5,Psma1,1000,1000,,,,,,,,,,,4374011.5,4398810.688,4590977.75,4646334.656,1230100.875,1677898.375,3271929,1568768.125,,,"AMPK-induced ERAD and lysosome mediated degradation of PD-L1(CD274); ER-Phagosome pathway; Ribosome Quality Control (RQC) complex extracts and degrades nascent peptide; Antigen processing: Ubiquitination & Proteasome degradation; Ub-specific processing proteases; UCH proteinases; KEAP1-NFE2L2 pathway; Separation of Sister Chromatids; The role of GTSE1 in G2/M progression after G2 checkpoint; FCERI mediated NF-kB activation; Downstream TCR signaling; Activation of NF-kappaB in B cells; Neddylation; Asymmetric localization of PCP proteins; Degradation of AXIN; Hedgehog 'on' state; Regulation of RUNX3 expression and activity; Autodegradation of Cdh1 by Cdh1:APC/C; APC/C:Cdc20 mediated degradation of Securin; APC/C:Cdh1 mediated degradation of Cdc20 and other APC/C:Cdh1 targeted proteins in late mitosis/early G1; Cdc20:Phospho-APC/C mediated degradation of Cyclin A; Assembly of the pre-replicative complex; CDK-mediated phosphorylation and removal of Cdc6; MAPK6/MAPK4 signaling; Regulation of PTEN stability and activity; ABC-family proteins mediated transport; Regulation of RAS by GAPs; FBXL7 down-regulates AURKA during mitotic entry and in early mitosis; Degradation of CDH1; Regulation of ornithine decarboxylase (ODC); Oxygen-dependent proline hydroxylation of Hypoxia-inducible Factor Alpha; Cross-presentation of soluble exogenous antigens (endosomes); SCF(Skp2)-mediated degradation of p27/p21; Degradation of beta-catenin by the destruction complex; Autodegradation of the E3 ubiquitin ligase COP1; AUF1 (hnRNP D0) binds and destabilizes mRNA; Degradation of DVL; Hedgehog ligand biogenesis; Dectin-1 mediated noncanonical NF-kB signaling; Degradation of GLI1 by the proteasome; GLI3 is processed to GLI3R by the proteasome; NIK-->noncanonical NF-kB signaling; Orc1 removal from chromatin; G2/M Checkpoints; Ubiquitin-Mediated Degradation of Phosphorylated Cdc25A; Ubiquitin-dependent degradation of Cyclin D; RUNX1 regulates transcription of genes involved in differentiation of HSCs; Regulation of RUNX2 expression and activity; Interleukin-1 signaling; GSK3B and BTRC:CUL1-mediated-degradation of NFE2L2; Proteasome assembly; Antigen processing: Ub, ATP-independent proteasomal degradation; GSK3B-mediated proteasomal degradation of PD-L1(CD274); SPOP-mediated proteasomal degradation of PD-L1(CD274); Degradation of CRY and PER proteins"
FALSE,High,Master Protein,O35892,Nuclear autoantigen Sp-100 [OS=Mus musculus],0.00093,3.577,5,2,5,2,54.7,Sp100,,,,,,,,,,,,,,,,,,,,,,,SUMOylation of DNA damage response and repair proteins
FALSE,High,Master Protein,O70566,Protein diaphanous homolog 2 [OS=Mus musculus],0.00093,3.57,1,1,2,1,124.8,Diaph2,1000,1000,,,,,,,,,,,5135221.5,3161852,2237532.75,2934975,836096.8125,2063746.75,2120315,,,,RHO GTPases Activate Formins; RHOF GTPase cycle; RHOD GTPase cycle
FALSE,High,Master Protein,Q9JLQ2,ARF GTPase-activating protein GIT2 [OS=Mus musculus],0.00093,3.561,3,2,10,2,78.7,Git2,,,,,,,,,,,,,,,,,,,,,,T cell receptor signaling pathway; Integrin-mediated cell adhesion,RAC1 GTPase cycle; RHOU GTPase cycle; RHOV GTPase cycle; RHOQ GTPase cycle; RAC2 GTPase cycle; RAC3 GTPase cycle
FALSE,High,Master Protein,P62869,Elongin-B [OS=Mus musculus],0.00093,3.558,15,2,7,2,13.2,Elob,1000,1000,,,,,,,,,,,3146277.25,2150983,2040982.5,1873357.625,,,2534949.5,1326219.5,,,Ribosome Quality Control (RQC) complex extracts and degrades nascent peptide; Neddylation; Antigen processing: Ubiquitination & Proteasome degradation; Formation of RNA Pol II elongation complex ; RNA Polymerase II Pre-transcription Events; TP53 Regulates Transcription of DNA Repair Genes; Oxygen-dependent proline hydroxylation of Hypoxia-inducible Factor Alpha; Inactivation of CSF3 (G-CSF) signaling
FALSE,High,Master Protein,Q6NV83,U2 snRNP-associated SURP motif-containing protein [OS=Mus musculus],0.00093,3.556,1,1,1,1,118.2,U2surp,,,,,,,,,,,,,,,,,,,,,,mRNA processing,mRNA Splicing - Major Pathway
FALSE,High,Master Protein,Q64213,Splicing factor 1 [OS=Mus musculus],0.00093,3.552,2,1,2,1,70.4,Sf1,,,,,,,,,,,,,,,,,,,,,,,mRNA Splicing - Major Pathway
FALSE,High,Master Protein,Q9CPU0,Lactoylglutathione lyase [OS=Mus musculus],0.00093,3.548,5,1,4,1,20.8,Glo1,1000,1000,,,,,,,,,,,3088244.75,3277101.5,3718888,1773997.875,,,1310115.375,1723256.375,,,Pyruvate metabolism
FALSE,High,Master Protein,Q3TL44,NLR family member X1 [OS=Mus musculus],0.00092,3.546,2,1,2,1,107.8,Nlrx1,,,,,,,,,,,,,,,,,,,,,,,Regulation of NF-kappa B signaling; Negative regulators of DDX58/IFIH1 signaling
FALSE,High,Master Protein,E9PZJ8,Activating signal cointegrator 1 complex subunit 3 [OS=Mus musculus],0.00092,3.54,1,2,4,2,250.4,Ascc3,,,,,,,,,,,,,,,,,,,,,,,ZNF598 and the Ribosome-associated Quality Trigger (RQT) complex dissociate a ribosome stalled on a no-go mRNA
FALSE,High,Master Protein,P62309,Small nuclear ribonucleoprotein G [OS=Mus musculus],0.00092,3.538,16,1,6,1,8.5,Snrpg,,,,,,,,,,,,,,,,,,,,,,mRNA processing,mRNA Splicing - Major Pathway; RNA Polymerase II Transcription Termination; snRNP Assembly; mRNA Splicing - Minor Pathway; SLBP independent Processing of Histone Pre-mRNAs; SLBP Dependent Processing of Replication-Dependent Histone Pre-mRNAs
FALSE,High,Master Protein,Q9QZE5,Coatomer subunit gamma-1 [OS=Mus musculus],0.00092,3.53,1,1,4,1,97.5,Copg1,1000,,,,,,,,,,,,,,2798257.75,,,,,,,,COPI-dependent Golgi-to-ER retrograde traffic; COPI-mediated anterograde transport
FALSE,High,Master Protein,P12815,Programmed cell death protein 6 [OS=Mus musculus],0.00092,3.527,11,2,3,2,21.9,Pdcd6,,,,,,,,,,,,,,,,,,,,,,,
FALSE,High,Master Protein,Q9D8U8,Sorting nexin-5 [OS=Mus musculus],0.00092,3.521,4,1,5,1,46.8,Snx5,,,,,,,,,,,,,,,,,,,,,,,Golgi Associated Vesicle Biogenesis
FALSE,High,Master Protein,Q6P9R2,Serine/threonine-protein kinase OSR1 [OS=Mus musculus],0.00092,3.504,4,2,10,2,58.2,Oxsr1,1000,1000,,,,,,,,,,,2514480.5,1339171.875,1320853.625,1195519.875,,,1695943.25,1035782.438,,,
FALSE,High,Master Protein,A2ALW5,DnaJ homolog subfamily C member 25 [OS=Mus musculus],0.00092,3.503,4,1,4,1,41.9,Dnajc25,,1000,,,,,,,,,,,,,,,,1478981.625,,1809699.75,,,
FALSE,High,Master Protein,Q5GIG6,Serine/threonine-protein kinase TNNI3K [OS=Mus musculus],0.00092,3.501,5,2,2,2,92.5,Tnni3k,,,,,,,,,,,,,,,,,,,,,,,
FALSE,High,Master Protein,Q8JZS0,Protein lin-7 homolog A [OS=Mus musculus],0.00092,3.482,7,2,4,2,26,Lin7a,,,,,,,,,,,,,,,,,,,,,,,Dopamine Neurotransmitter Release Cycle
FALSE,High,Master Protein,Q9QY80,Very-long-chain (3R)-3-hydroxyacyl-CoA dehydratase 1 [OS=Mus musculus],0.00092,3.481,4,1,2,1,32.3,Hacd1,0.001,0.001,,,961691.5625,,,1060211.875,2095223.75,2546931.5,2546645.5,1329914,,,,,,,,,,,Synthesis of very long-chain fatty acyl-CoAs
FALSE,High,Master Protein,Q9EPL8,Importin-7 [OS=Mus musculus],0.00092,3.479,1,1,3,1,119.4,Ipo7,,,,,,,,,,,,,,,,,,,,,,Mechanisms associated with pluripotency,
FALSE,High,Master Protein,Q6PHQ8,"N-alpha-acetyltransferase 35, NatC auxiliary subunit [OS=Mus musculus]",0.00092,3.475,2,2,2,2,83.3,Naa35,,,,,,,,,,,,,,,,,,,,,,,
FALSE,High,Master Protein,P50637,Translocator protein [OS=Mus musculus],0.00092,3.471,12,1,1,1,18.8,Tspo,,,,,,,,,,,,,,,,,,,,,,,Pregnenolone biosynthesis
FALSE,High,Master Protein,Q9Z0V7,Mitochondrial import inner membrane translocase subunit Tim17-B [OS=Mus musculus],0.00092,3.467,20,2,2,2,18.3,Timm17b,,,,,,,,,,,,,,,,,,,,,,,
FALSE,High,Master Protein,Q6P8X1,Sorting nexin-6 [OS=Mus musculus],0.00092,3.465,5,2,4,2,46.6,Snx6,,,,,,,,,,,,,,,,,,,,,,TGF-beta receptor signaling pathway,
FALSE,High,Master Protein,O35215,D-dopachrome decarboxylase [OS=Mus musculus],0.00092,3.461,26,2,3,2,13.1,Ddt,,,,,,,,,,,,,,,,,,,,,,,
FALSE,High,Master Protein,Q8BX10,"Serine/threonine-protein phosphatase PGAM5, mitochondrial [OS=Mus musculus]",0.00092,3.46,4,1,6,1,32,Pgam5,,,,,,,,,,,,,,,,,,,,,,,Receptor Mediated Mitophagy; Regulation of pyruvate metabolism
FALSE,High,Master Protein,Q791T5,Mitochondrial carrier homolog 1 [OS=Mus musculus],0.00092,3.454,8,2,2,2,41.5,Mtch1,,,,,,,,,,,,,,,,,,,,,,,
FALSE,High,Master Protein,Q91VW5,Golgin subfamily A member 4 [OS=Mus musculus],0.00092,3.452,1,3,4,3,257.4,Golga4,1000,,,,,,,,,,,,,,1209252.75,1633477.25,,,,,,,Retrograde transport at the Trans-Golgi-Network
FALSE,High,Master Protein,Q99KQ4,Nicotinamide phosphoribosyltransferase [OS=Mus musculus],0.00092,3.448,4,1,2,1,55.4,Nampt,,,,,,,,,,,,,,,,,,,,,,Adipogenesis genes,Nicotinate metabolism
FALSE,High,Master Protein,Q9CQ65,S-methyl-5'-thioadenosine phosphorylase [OS=Mus musculus],0.00091,3.43,10,2,2,2,31,Mtap,,,,,,,,,,,,,,,,,,,,,,,Methionine salvage pathway
FALSE,High,Master Protein,Q8R0N6,"Hydroxyacid-oxoacid transhydrogenase, mitochondrial [OS=Mus musculus]",0.00091,3.412,3,1,4,1,49.9,Adhfe1,,,,,,,,,,,,,,,,,,,,,,,Interconversion of 2-oxoglutarate and 2-hydroxyglutarate
FALSE,High,Master Protein,Q6GQT9,BOS complex subunit NOMO1 [OS=Mus musculus],0.00091,3.411,2,2,3,2,133.3,Nomo1,,,,,,,,,,,,,,,,,,,,,,,
FALSE,High,Master Protein,Q91WN1,DnaJ homolog subfamily C member 9 [OS=Mus musculus],0.00091,3.407,4,1,6,1,30,Dnajc9,1000,1000,,,,,,,,,,,2812734.5,2269195.5,2024644.375,2297850,,1333739.5,2076155.625,1795218.875,,,
FALSE,High,Master Protein,P54775,26S proteasome regulatory subunit 6B [OS=Mus musculus],0.00091,3.394,2,1,3,1,47.4,Psmc4,1000,1000,,,,,,,,,,,,,,832018.3125,,,1131011.375,,Acetyl [N-Term],Proteasome degradation,Antigen processing: Ubiquitination & Proteasome degradation; Ub-specific processing proteases; FCERI mediated NF-kB activation; Downstream TCR signaling; Ribosome Quality Control (RQC) complex extracts and degrades nascent peptide; Activation of NF-kappaB in B cells; Neddylation; Asymmetric localization of PCP proteins; Degradation of AXIN; Hedgehog 'on' state; Regulation of RUNX3 expression and activity; Autodegradation of Cdh1 by Cdh1:APC/C; APC/C:Cdc20 mediated degradation of Securin; APC/C:Cdh1 mediated degradation of Cdc20 and other APC/C:Cdh1 targeted proteins in late mitosis/early G1; Cdc20:Phospho-APC/C mediated degradation of Cyclin A; Separation of Sister Chromatids; Assembly of the pre-replicative complex; CDK-mediated phosphorylation and removal of Cdc6; The role of GTSE1 in G2/M progression after G2 checkpoint; MAPK6/MAPK4 signaling; UCH proteinases; Regulation of PTEN stability and activity; ABC-family proteins mediated transport; Regulation of RAS by GAPs; FBXL7 down-regulates AURKA during mitotic entry and in early mitosis; Degradation of CDH1; Oxygen-dependent proline hydroxylation of Hypoxia-inducible Factor Alpha; SCF(Skp2)-mediated degradation of p27/p21; Degradation of beta-catenin by the destruction complex; Autodegradation of the E3 ubiquitin ligase COP1; AUF1 (hnRNP D0) binds and destabilizes mRNA; Degradation of DVL; Hedgehog ligand biogenesis; Dectin-1 mediated noncanonical NF-kB signaling; Degradation of GLI1 by the proteasome; GLI3 is processed to GLI3R by the proteasome; NIK-->noncanonical NF-kB signaling; Orc1 removal from chromatin; G2/M Checkpoints; Ubiquitin-Mediated Degradation of Phosphorylated Cdc25A; Ubiquitin-dependent degradation of Cyclin D; RUNX1 regulates transcription of genes involved in differentiation of HSCs; Regulation of RUNX2 expression and activity; Interleukin-1 signaling; KEAP1-NFE2L2 pathway; GSK3B and BTRC:CUL1-mediated-degradation of NFE2L2; GSK3B-mediated proteasomal degradation of PD-L1(CD274); SPOP-mediated proteasomal degradation of PD-L1(CD274); AMPK-induced ERAD and lysosome mediated degradation of PD-L1(CD274); Degradation of CRY and PER proteins; Regulation of ornithine decarboxylase (ODC); Cross-presentation of soluble exogenous antigens (endosomes); Proteasome assembly
FALSE,High,Master Protein,Q8VCF0,Mitochondrial antiviral-signaling protein [OS=Mus musculus],0.00137,3.378,9,2,3,2,53.4,Mavs,,,,,,,,,,,,,,,,,,,,,,,Negative regulators of DDX58/IFIH1 signaling; PKR-mediated signaling
FALSE,High,Master Protein,Q61464,Zinc finger protein 638 [OS=Mus musculus],0.00137,3.368,1,1,2,1,218,Znf638,,,,,,,,,,,,,,,,,,,,,,mRNA processing,
FALSE,High,Master Protein,P06330,Ig heavy chain V region AC38 205.12 [OS=Mus musculus],0.00136,3.367,16,1,3,1,12.9,,1000,,,,,,,,,,,,,2733729.75,,,,,,,,,
FALSE,High,Master Protein,Q80UG5,Septin-9 [OS=Mus musculus],0.00136,3.35,2,1,2,1,65.5,Septin9,,,,,,,,,,,,,,,,,,,,,,,
FALSE,High,Master Protein,Q9Z1M8,Protein Red [OS=Mus musculus],0.00136,3.318,4,2,4,2,65.6,Ik,,,,,,,,,,,,,,,,,,,,,,,mRNA Splicing - Major Pathway
FALSE,High,Master Protein,P61211,ADP-ribosylation factor-like protein 1 [OS=Mus musculus],0.00136,3.311,11,2,5,2,20.4,Arl1,3.807,1000,0.017403546,,1935702.375,961149.5,1027664.063,1106578.625,,,,,4508815.5,6183523,6234503.25,2644189.75,1724580,2617883.5,3151058,2803134.5,,,Retrograde transport at the Trans-Golgi-Network
FALSE,High,Master Protein,P31725,Protein S100-A9 [OS=Mus musculus],0.00136,3.308,12,1,3,1,13,S100a9,,,,,,,,,,,,,,,,,,,,,,Oxidative stress and redox pathway,Neutrophil degranulation; Regulation of TLR by endogenous ligand; RHO GTPases Activate NADPH Oxidases; Metal sequestration by antimicrobial proteins
FALSE,High,Master Protein,Q8VDT9,Large ribosomal subunit protein mL50 [OS=Mus musculus],0.00136,3.308,14,1,1,1,18.2,Mrpl50,,,,,,,,,,,,,,,,,,,,,,,Mitochondrial translation elongation; Mitochondrial translation termination; Mitochondrial ribosome-associated quality control
FALSE,High,Master Protein,O09061,Proteasome subunit beta type-1 [OS=Mus musculus],0.00136,3.296,6,1,3,1,26.4,Psmb1,,,,,,,,,,,,,,,,,,,,,,Proteasome degradation,"FCERI mediated NF-kB activation; Downstream TCR signaling; Ribosome Quality Control (RQC) complex extracts and degrades nascent peptide; Neutrophil degranulation; Activation of NF-kappaB in B cells; Neddylation; Asymmetric localization of PCP proteins; Degradation of AXIN; Hedgehog 'on' state; Ub-specific processing proteases; Regulation of RUNX3 expression and activity; Antigen processing: Ubiquitination & Proteasome degradation; Autodegradation of Cdh1 by Cdh1:APC/C; APC/C:Cdc20 mediated degradation of Securin; APC/C:Cdh1 mediated degradation of Cdc20 and other APC/C:Cdh1 targeted proteins in late mitosis/early G1; Cdc20:Phospho-APC/C mediated degradation of Cyclin A; Separation of Sister Chromatids; Assembly of the pre-replicative complex; CDK-mediated phosphorylation and removal of Cdc6; The role of GTSE1 in G2/M progression after G2 checkpoint; MAPK6/MAPK4 signaling; UCH proteinases; Regulation of PTEN stability and activity; ABC-family proteins mediated transport; Regulation of RAS by GAPs; FBXL7 down-regulates AURKA during mitotic entry and in early mitosis; Degradation of CDH1; Regulation of ornithine decarboxylase (ODC); Oxygen-dependent proline hydroxylation of Hypoxia-inducible Factor Alpha; Cross-presentation of soluble exogenous antigens (endosomes); SCF(Skp2)-mediated degradation of p27/p21; Degradation of beta-catenin by the destruction complex; Autodegradation of the E3 ubiquitin ligase COP1; AUF1 (hnRNP D0) binds and destabilizes mRNA; Degradation of DVL; Hedgehog ligand biogenesis; Dectin-1 mediated noncanonical NF-kB signaling; Degradation of GLI1 by the proteasome; GLI3 is processed to GLI3R by the proteasome; NIK-->noncanonical NF-kB signaling; Orc1 removal from chromatin; G2/M Checkpoints; Ubiquitin-Mediated Degradation of Phosphorylated Cdc25A; Ubiquitin-dependent degradation of Cyclin D; RUNX1 regulates transcription of genes involved in differentiation of HSCs; Regulation of RUNX2 expression and activity; Interleukin-1 signaling; KEAP1-NFE2L2 pathway; GSK3B and BTRC:CUL1-mediated-degradation of NFE2L2; Proteasome assembly; Antigen processing: Ub, ATP-independent proteasomal degradation; GSK3B-mediated proteasomal degradation of PD-L1(CD274); SPOP-mediated proteasomal degradation of PD-L1(CD274); AMPK-induced ERAD and lysosome mediated degradation of PD-L1(CD274); Degradation of CRY and PER proteins"
FALSE,High,Master Protein,Q99JY8,Phospholipid phosphatase 3 [OS=Mus musculus],0.00181,3.277,4,1,7,1,35.2,Plpp3,,,,,,,,,,,,,,,,,,,,,,Triacylglyceride synthesis; Sphingolipid metabolism overview; Sphingolipid metabolism (integrated pathway),Sphingolipid catabolism
FALSE,High,Master Protein,Q8BKY8,"Transcription termination factor 2, mitochondrial [OS=Mus musculus]",0.00181,3.274,3,1,3,1,43.4,Mterf2,,,,,,,,,,,,,,,,,,,,,,,
FALSE,High,Master Protein,Q8BMP6,Golgi resident protein GCP60 [OS=Mus musculus],0.00181,3.262,3,1,4,1,60.1,Acbd3,,,,,,,,,,,,,,,,,,,,,,,Golgi Associated Vesicle Biogenesis
FALSE,High,Master Protein,O08532,Voltage-dependent calcium channel subunit alpha-2/delta-1 [OS=Mus musculus],0.00181,3.262,2,2,5,2,124.6,Cacna2d1,,,,,,,,,,,,,,,,,,,,,,,
FALSE,High,Master Protein,Q8BWW9,Serine/threonine-protein kinase N2 [OS=Mus musculus],0.0018,3.256,1,1,1,1,111.5,Pkn2,,,,,,,,,,,,,,,,,,,,,,EGFR1 signaling pathway,RHOA GTPase cycle; RHOC GTPase cycle; RHO GTPases activate PKNs; RAC1 GTPase cycle; RHOB GTPase cycle; High laminar flow shear stress activates signaling by PIEZO1 and PECAM1:CDH5:KDR in endothelial cells
FALSE,High,Master Protein,Q8VCT4,Carboxylesterase 1D [OS=Mus musculus],0.0018,3.256,4,2,3,2,61.7,Ces1d,,,,,,,,,,,,,,,,,,,,,,,Metabolism of Angiotensinogen to Angiotensins; Aspirin ADME; Phase I - Functionalization of compounds; Physiological factors
FALSE,High,Master Protein,Q8K2C9,Very-long-chain (3R)-3-hydroxyacyl-CoA dehydratase 3 [OS=Mus musculus],0.0018,3.248,6,2,5,2,43.1,Hacd3,1000,,,,,,,,,,,,2738879.5,806387.4375,1807078.125,,,,,,,,Synthesis of very long-chain fatty acyl-CoAs
FALSE,High,Master Protein,Q8VC48,Peroxisome assembly protein 12 [OS=Mus musculus],0.0018,3.235,3,1,1,1,40.6,Pex12,,,,,,,,,,,,,,,,,,,,,,,E3 ubiquitin ligases ubiquitinate target proteins; Peroxisomal protein import; Class I peroxisomal membrane protein import
FALSE,High,Master Protein,Q62203,Splicing factor 3A subunit 2 [OS=Mus musculus],0.0018,3.214,3,1,3,1,49.9,Sf3a2,,,,,,,,,,,,,,,,,,,,,,,mRNA Splicing - Major Pathway
FALSE,High,Master Protein,Q9CQS2,H/ACA ribonucleoprotein complex subunit 3 [OS=Mus musculus],0.0018,3.211,23,1,3,1,7.7,Nop10,,,,,,,,,,,,,,,,,,,,,,,Telomere Extension By Telomerase
FALSE,High,Master Protein,P61327,Protein mago nashi homolog [OS=Mus musculus],0.00225,3.202,18,2,6,2,17.2,Magoh,1000,,,,,,,,,,,,4060844,1858485.875,,5029967.5,,,,,,,Nonsense Mediated Decay (NMD) enhanced by the Exon Junction Complex (EJC); Transport of Mature mRNA derived from an Intron-Containing Transcript; mRNA Splicing - Major Pathway; mRNA 3'-end processing; RNA Polymerase II Transcription Termination
FALSE,High,Master Protein,Q9DBZ5,Eukaryotic translation initiation factor 3 subunit K [OS=Mus musculus],0.00225,3.196,6,1,3,1,25.1,Eif3k,1000,,,,,,,,,,,,3697937.25,3041924,3061237.75,,,,,,,,"L13a-mediated translational silencing of Ceruloplasmin expression; Formation of a pool of free 40S subunits; GTP hydrolysis and joining of the 60S ribosomal subunit; Translation initiation complex formation; Formation of the ternary complex, and subsequently, the 43S complex; Ribosomal scanning and start codon recognition"
FALSE,High,Master Protein,Q6Y685,Transforming acidic coiled-coil-containing protein 1 [OS=Mus musculus],0.00224,3.196,1,1,1,1,83.9,Tacc1,,,,,,,,,,,,,,,,,,,,,,,
FALSE,High,Master Protein,Q8K4Z5,Splicing factor 3A subunit 1 [OS=Mus musculus],0.00224,3.181,2,1,1,1,88.5,Sf3a1,,,,,,,,,,,,,,,,,,,,,,mRNA processing,mRNA Splicing - Major Pathway
FALSE,High,Master Protein,Q80UJ9,Histone-lysine N-methyltransferase SETMAR [OS=Mus musculus],0.00224,3.176,10,3,3,3,34.4,Setmar,,,,,,,,,,,,,,,,,,,,,Acetyl [N-Term]; Met-loss+Acetyl [N-Term],,
FALSE,High,Master Protein,Q64096,Guanine nucleotide exchange factor DBS [OS=Mus musculus],0.00224,3.169,1,2,8,1,129,Mcf2l,,,,,,,,,,,,,,,,,,,,,,,RHOA GTPase cycle; RHOB GTPase cycle; RHOC GTPase cycle; RAC1 GTPase cycle; RHOG GTPase cycle; CDC42 GTPase cycle; NRAGE signals death through JNK; G alpha (12/13) signalling events
FALSE,High,Master Protein,Q9QWW1,Homer protein homolog 2 [OS=Mus musculus],0.00224,3.165,6,2,2,2,40.5,Homer2,,,,,,,,,,,,,,,,,,,,,,,Neurexins and neuroligins
FALSE,High,Master Protein,Q9QY36,N-alpha-acetyltransferase 10 [OS=Mus musculus],0.00224,3.154,5,1,2,1,26.5,Naa10,,,,,,,,,,,,,,,,,,,,,,,
FALSE,High,Master Protein,Q9CQX8,Alpha-ketoglutarate dehydrogenase component 4 [OS=Mus musculus],0.00223,3.153,21,1,6,1,11.1,Kgd4,0.001,0.001,,,2828584.5,2730963.25,,2139018.75,5718741.5,7811669,4732550.5,4562916,,,,,,,,,,,Mitochondrial translation termination; Glycine degradation; OGDH complex synthesizes succinyl-CoA from 2-OG; Mitochondrial translation elongation; Mitochondrial ribosome-associated quality control
FALSE,High,Master Protein,Q9QZ73,DCN1-like protein 1 [OS=Mus musculus],0.00223,3.15,7,1,3,1,30.1,Dcun1d1,,,,,,,,,,,,,,,,,,,,,,,Neddylation
FALSE,High,Master Protein,Q6NS52,Diacylglycerol kinase beta [OS=Mus musculus],0.00223,3.147,4,2,6,2,90.2,Dgkb,0.001,0.001,,,10799370,8559234,9712628,8470940,13297656,15013397,13581450,13240420,,,,,,,,,,,Effects of PIP2 hydrolysis
FALSE,High,Master Protein,Q99N92,Large ribosomal subunit protein bL27m [OS=Mus musculus],0.00223,3.147,18,2,4,2,15.9,Mrpl27,,,,,,,,,,,,,,,,,,,,,,,Mitochondrial translation elongation; Mitochondrial translation termination; Mitochondrial ribosome-associated quality control
FALSE,High,Master Protein,Q9D7S7,Ribosomal protein eL22-like 1 [OS=Mus musculus],0.00223,3.143,10,1,3,1,14.5,Rpl22l1,,,,,,,,,,,,,,,,,,,,,,,Ribosome Quality Control (RQC) complex extracts and degrades nascent peptide; ZNF598 and the Ribosome-associated Quality Trigger (RQT) complex dissociate a ribosome stalled on a no-go mRNA; L13a-mediated translational silencing of Ceruloplasmin expression; SRP-dependent cotranslational protein targeting to membrane; Major pathway of rRNA processing in the nucleolus and cytosol; Formation of a pool of free 40S subunits; GTP hydrolysis and joining of the 60S ribosomal subunit; Nonsense Mediated Decay (NMD) independent of the Exon Junction Complex (EJC); Nonsense Mediated Decay (NMD) enhanced by the Exon Junction Complex (EJC); PELO:HBS1L and ABCE1 dissociate a ribosome on a non-stop mRNA
FALSE,High,Master Protein,Q9ER00,Syntaxin-12 [OS=Mus musculus],0.00223,3.131,5,1,1,1,31.2,Stx12,,,,,,,,,,,,,,,,,,,,,,,
FALSE,High,Master Protein,Q4VAE3,Transmembrane protein 65 [OS=Mus musculus],0.00223,3.124,5,1,5,1,24.9,Tmem65,0.349,0.216,0.002354635,0.056565081,4470390,3071264.5,2693373.5,2633176.25,3758921,6649738,5831009,2900470.75,1069023.125,1143525.25,1086235.625,863274.6875,846353,1372864.625,3134851.25,,,,
FALSE,High,Master Protein,P63044,Vesicle-associated membrane protein 2 [OS=Mus musculus],0.00223,3.122,15,1,2,1,12.7,Vamp2,,,,,,,,,,,,,,,,,,,,,,Insulin signaling,"Dopamine Neurotransmitter Release Cycle; Serotonin Neurotransmitter Release Cycle; Norepinephrine Neurotransmitter Release Cycle; Glutamate Neurotransmitter Release Cycle; Acetylcholine Neurotransmitter Release Cycle; Other interleukin signaling; Insertion of tail-anchored proteins into the endoplasmic reticulum membrane; GABA synthesis, release, reuptake and degradation; Cargo recognition for clathrin-mediated endocytosis; Golgi Associated Vesicle Biogenesis; Lysosome Vesicle Biogenesis"
FALSE,High,Master Protein,Q9QUK9,Trypsin-5 [OS=Mus musculus],0.00222,3.121,8,1,36,1,26.3,Try5,0.001,0.001,,,502489208.5,509395744.5,482000054.5,530859419.5,468123559.5,518857090,558587962,486256408,,,,,,,,,,,Neutrophil degranulation; Antimicrobial peptides; Alpha-defensins; Activation of Matrix Metalloproteinases
FALSE,High,Master Protein,Q9DCL4,12S rRNA N(4)-cytidine methyltransferase METTL15 [OS=Mus musculus],0.00222,3.116,3,1,1,1,45.3,Mettl15,,,,,,,,,,,,,,,,,,,,,,,
FALSE,High,Master Protein,Q78J03,"Methionine-R-sulfoxide reductase B2, mitochondrial [OS=Mus musculus]",0.00222,3.113,6,1,4,1,19.1,Msrb2,,,,,,,,,,,,,,,,,,,,,,,Protein repair
FALSE,High,Master Protein,P62892,Large ribosomal subunit protein eL39 [OS=Mus musculus],0.00222,3.103,20,1,12,1,6.4,Rpl39,,,,,,,,,,,,,,,,,,,,,,Cytoplasmic ribosomal proteins; mRNA processing,L13a-mediated translational silencing of Ceruloplasmin expression; SRP-dependent cotranslational protein targeting to membrane; Major pathway of rRNA processing in the nucleolus and cytosol; Formation of a pool of free 40S subunits; GTP hydrolysis and joining of the 60S ribosomal subunit; Nonsense Mediated Decay (NMD) independent of the Exon Junction Complex (EJC); Nonsense Mediated Decay (NMD) enhanced by the Exon Junction Complex (EJC); PELO:HBS1L and ABCE1 dissociate a ribosome on a non-stop mRNA; ZNF598 and the Ribosome-associated Quality Trigger (RQT) complex dissociate a ribosome stalled on a no-go mRNA; Ribosome Quality Control (RQC) complex extracts and degrades nascent peptide
FALSE,High,Master Protein,P98203,Splicing regulator ARVCF [OS=Mus musculus],0.00222,3.099,1,1,2,1,105,Arvcf,,,,,,,,,,,,,,,,,,,,,,,
FALSE,High,Master Protein,Q91YR7,Pre-mRNA-processing factor 6 [OS=Mus musculus],0.00222,3.097,2,2,2,2,106.7,Prpf6,,,,,,,,,,,,,,,,,,,,,,mRNA processing,mRNA Splicing - Major Pathway; mRNA Splicing - Minor Pathway
FALSE,High,Master Protein,P85094,Isochorismatase domain-containing protein 2A [OS=Mus musculus],0.00222,3.092,16,1,1,1,22.4,Isoc2a,,,,,,,,,,,,,,,,,,,,,,,
FALSE,High,Master Protein,Q64331,Unconventional myosin-VI [OS=Mus musculus],0.00221,3.091,2,2,2,2,145.7,Myo6,,,,,,,,,,,,,,,,,,,,,,,RHOU GTPase cycle; Trafficking of AMPA receptors; Gap junction degradation; RHOBTB1 GTPase cycle; RHOBTB2 GTPase cycle
FALSE,High,Master Protein,Q923T7,E3 ubiquitin-protein ligase TRIM7 [OS=Mus musculus],0.00221,3.069,6,2,3,2,57,Trim7,,,,,,,,,,,,,,,,,,,,,,,
FALSE,High,Master Protein,Q569Z6,Thyroid hormone receptor-associated protein 3 [OS=Mus musculus],0.00221,3.061,3,2,4,2,108.1,Thrap3,1000,1000,,,,,,,,,,,,841484.75,,728011.3125,,,776199.5625,,,,
FALSE,High,Master Protein,Q9D958,Signal peptidase complex subunit 1 [OS=Mus musculus],0.00221,3.047,7,1,2,1,18.2,Spcs1,,,,,,,,,,,,,,,,,,,,,,,"Regulation of CDH1 posttranslational processing and trafficking to plasma membrane; Synthesis, secretion, and deacylation of Ghrelin"
FALSE,High,Master Protein,Q91W39,Nuclear receptor coactivator 5 [OS=Mus musculus],0.00221,3.044,3,1,1,1,65.3,Ncoa5,,,,,,,,,,,,,,,,,,,,,,,
FALSE,High,Master Protein,Q8BTW3,Exosome complex component MTR3 [OS=Mus musculus],0.00221,3.041,6,1,3,1,28.4,Exosc6,,,,,,,,,,,,,,,,,,,,,,,"Major pathway of rRNA processing in the nucleolus and cytosol; Nuclear RNA decay; mRNA decay by 3' to 5' exoribonuclease; Tristetraprolin (TTP, ZFP36) binds and destabilizes mRNA; Butyrate Response Factor 1 (BRF1) binds and destabilizes mRNA; KSRP (KHSRP) binds and destabilizes mRNA"
FALSE,High,Master Protein,Q8BGQ1,Spermatogenesis-defective protein 39 homolog [OS=Mus musculus],0.00221,3.038,3,2,4,2,56.6,Vipas39,,,,,,,,,,,,,,,,,,,,,,,
FALSE,High,Master Protein,P70318,Nucleolysin TIAR [OS=Mus musculus],0.00221,3.037,3,1,2,1,43.4,Tial1,,,,,,,,,,,,,,,,,,,,,,mRNA processing,
FALSE,High,Master Protein,Q9WVL0,Maleylacetoacetate isomerase [OS=Mus musculus],0.0022,3.027,6,1,1,1,24.3,Gstz1,,,,,,,,,,,,,,,,,,,,,,Metapathway biotransformation,Glutathione conjugation; Regulation of pyruvate dehydrogenase (PDH) complex; Tyrosine catabolism
FALSE,High,Master Protein,S4R2K0,"Peptide deformylase, mitochondrial [OS=Mus musculus]",0.0022,3.016,11,2,6,2,25.8,Pdf,,,,,,,,,,,,,,,,,,,,,,,
FALSE,High,Master Protein,Q9ES83,Popeye domain-containing protein 1 [OS=Mus musculus],0.0022,3,3,1,4,1,41,Popdc1,1000,1000,,,,,,,,,,,3849513,2386152.75,1821773.25,1701322.125,,,3790350.5,1678176.375,,,
FALSE,High,Master Protein,O88456,Calpain small subunit 1 [OS=Mus musculus],0.0022,2.998,6,1,2,1,28.4,Capns1,,,,,,,,,,,,,,,,,,,,,,IL-1 signaling pathway; Integrin-mediated cell adhesion,"Degradation of the extracellular matrix; High laminar flow shear stress activates signaling by PIEZO1 and PECAM1:CDH5:KDR in endothelial cells; Turbulent (oscillatory, disturbed) flow shear stress activates signaling by PIEZO1 and integrins in endothelial cells"
FALSE,High,Master Protein,O35226,26S proteasome non-ATPase regulatory subunit 4 [OS=Mus musculus],0.0022,2.997,7,2,2,2,40.7,Psmd4,,,,,,,,,,,,,,,,,,,,,,ID signaling pathway; Proteasome degradation,Proteasome assembly
FALSE,High,Master Protein,Q9R1C7,Pre-mRNA-processing factor 40 homolog A [OS=Mus musculus],0.0022,2.996,1,1,2,1,108.4,Prpf40a,,,,,,,,,,,,,,,,,,,,,,mRNA processing,mRNA Splicing - Major Pathway
FALSE,High,Master Protein,Q6P5F9,Exportin-1 [OS=Mus musculus],0.0022,2.992,1,1,3,1,123,Xpo1,,,,,,,,,,,,,,,,,,,,,,TGF-beta receptor signaling pathway,Cyclin A/B1/B2 associated events during G2/M transition; Separation of Sister Chromatids; Amplification  of signal from unattached  kinetochores via a MAD2  inhibitory signal; Resolution of Sister Chromatid Cohesion; RHO GTPases Activate Formins; EML4 and NUDC in mitotic spindle formation; MAPK6/MAPK4 signaling; Heme signaling; Transcriptional and post-translational regulation of MITF-M expression and activity; Deactivation of the beta-catenin transactivating complex; HuR (ELAVL1) binds and stabilizes mRNA; Estrogen-dependent nuclear events downstream of ESR-membrane signaling
FALSE,High,Master Protein,Q4PJX1,Protein odr-4 homolog [OS=Mus musculus],0.0022,2.992,4,1,1,1,50,Odr4,,,,,,,,,,,,,,,,,,,,,,,
FALSE,High,Master Protein,Q9WUD1,E3 ubiquitin-protein ligase CHIP [OS=Mus musculus],0.0022,2.988,4,1,3,1,34.9,Stub1,,,,,,,,,,,,,,,,,,,,,,Androgen receptor signaling pathway,Antigen processing: Ubiquitination & Proteasome degradation; Regulation of PTEN stability and activity; Regulation of RUNX2 expression and activity; Downregulation of ERBB2 signaling; Downregulation of TGF-beta receptor signaling; Regulation of TNFR1 signaling; Regulation of necroptotic cell death
FALSE,High,Master Protein,Q9D783,Kelch-like protein 40 [OS=Mus musculus],0.0022,2.984,4,2,2,2,69.5,Klhl40,,,,,,,,,,,,,,,,,,,,,,,
FALSE,High,Master Protein,P24549,Aldehyde dehydrogenase 1A1 [OS=Mus musculus],0.00219,2.974,5,2,2,2,54.4,Aldh1a1,1000,,,,,,,,,,,,,5273228,,,,,,,,Retinol metabolism; Dopaminergic neurogenesis; Fatty acid omega-oxidation; Tryptophan metabolism,RA biosynthesis pathway; Ethanol oxidation; Fructose catabolism
FALSE,High,Master Protein,Q9D1B9,Large ribosomal subunit protein bL28m [OS=Mus musculus],0.00219,2.971,6,2,9,2,30.2,Mrpl28,1.961,1.094,0.000452278,0.538981622,6365217,4373210,3822700.5,4290738,2104135.5,1911147.625,2150949.75,,13184395,8123214.5,8271495.5,7883968.5,1743583.875,2090025.625,4010415.25,,,,Mitochondrial translation elongation; Mitochondrial translation termination; Mitochondrial ribosome-associated quality control
FALSE,High,Master Protein,Q8C2E4,"Pentatricopeptide repeat-containing protein 1, mitochondrial [OS=Mus musculus]",0.00219,2.965,1,1,4,1,77.5,Ptcd1,,,,,,,,,,,,,,,,,,,,,,,
FALSE,High,Master Protein,O54950,5'-AMP-activated protein kinase subunit gamma-1 [OS=Mus musculus],0.00219,2.962,3,1,8,1,37.5,Prkag1,1000,1000,,,,,,,,,,,3771507,2417591,3748378.75,2477806.25,1837588.25,2361972,3638161,1735820,,Leptin and adiponectin,Macroautophagy; Regulation of TP53 Activity through Phosphorylation; TP53 Regulates Metabolic Genes; AMPK-induced ERAD and lysosome mediated degradation of PD-L1(CD274); Energy dependent regulation of mTOR by LKB1-AMPK
FALSE,High,Master Protein,Q8C547,HEAT repeat-containing protein 5B [OS=Mus musculus],0.00219,2.96,1,2,2,2,224.2,Heatr5b,,,,,,,,,,,,,,,,,,,,,,,
FALSE,High,Master Protein,Q8VHR5,Transcriptional repressor p66-beta [OS=Mus musculus],0.00262,2.944,2,1,3,1,65.4,Gatad2b,,,,,,,,,,,,,,,,,,,,,,Mechanisms associated with pluripotency,HDACs deacetylate histones; Regulation of TP53 Activity through Acetylation; RNA Polymerase I Transcription Initiation; Regulation of PTEN gene transcription
FALSE,High,Master Protein,P59708,Splicing factor 3B subunit 6 [OS=Mus musculus],0.00262,2.937,18,2,3,2,14.6,Sf3b6,,,,,,,,,,,,,,,,,,,,,,mRNA processing,
FALSE,High,Master Protein,P97352,Protein S100-A13 [OS=Mus musculus],0.00262,2.931,11,1,3,1,11.2,S100a13,,,,,,,,,,,,,,,,,,,,,,,
FALSE,High,Master Protein,P03899,NADH-ubiquinone oxidoreductase chain 3 [OS=Mus musculus],0.00262,2.931,13,1,7,1,13.2,mt-Nd3,,,,,,,,,,,,,,,,,,,,,,Oxidative phosphorylation; Electron transport chain,Complex I biogenesis; Mitochondrial translation termination
FALSE,High,Master Protein,Q6TCG2,Membrane progesterone receptor epsilon [OS=Mus musculus],0.00262,2.929,3,1,4,1,42.7,Paqr9,1000,1000,,,,,,,,,,,1135280.875,1129326.625,890994.0625,937037.25,761205.4375,740869.3125,1273288,1675467.125,,,
FALSE,High,Master Protein,Q9JLN9,Serine/threonine-protein kinase mTOR [OS=Mus musculus],0.00261,2.92,1,2,2,2,288.6,Mtor,,,,,,,,,,,,,,,,,,,,,,ErbB signaling pathway; MicroRNAs in cardiomyocyte hypertrophy; Mechanisms associated with pluripotency; SREBF and miR33 in cholesterol and lipid homeostasis; Focal adhesion: PI3K-Akt-mTOR signaling pathway; ESC pluripotency pathways; Factors and pathways affecting insulin-like growth factor (IGF1)-Akt signaling; Dysregulated miRNA targeting in insulin/PI3K-AKT signaling; IL-2 signaling pathway; Alpha 6 beta 4 integrin signaling pathway; Hypoxia-dependent proliferation of myoblasts; Na/K-ATPase/Src signaling; Comprehensive IL-17A signaling; Insulin signaling,VEGFR2 mediated vascular permeability; HSF1-dependent transactivation; TP53 Regulates Metabolic Genes; High laminar flow shear stress activates signaling by PIEZO1 and PECAM1:CDH5:KDR in endothelial cells; PIP3 activates AKT signaling; Amino acids regulate mTORC1; Macroautophagy; Regulation of PTEN gene transcription; mTORC1-mediated signalling; CD28 dependent PI3K/Akt signaling; Regulation of TP53 Degradation; Energy dependent regulation of mTOR by LKB1-AMPK
FALSE,High,Master Protein,Q9JKS5,Intracellular hyaluronan-binding protein 4 [OS=Mus musculus],0.00261,2.919,4,1,1,1,45.9,Habp4,,,,,,,,,,,,,,,,,,,,,,,Platelet degranulation
FALSE,High,Master Protein,Q9D404,"3-oxoacyl-[acyl-carrier-protein] synthase, mitochondrial [OS=Mus musculus]",0.00261,2.907,6,1,1,1,48.6,Oxsm,,,,,,,,,,,,,,,,,,,,,,,Mitochondrial protein degradation
FALSE,High,Master Protein,Q9CQW1,Synaptobrevin homolog YKT6 [OS=Mus musculus],0.00261,2.899,7,1,1,1,22.3,Ykt6,,,,,,,,,,,,,,,,,,,,,,,RHOA GTPase cycle; COPI-mediated anterograde transport; CDC42 GTPase cycle; RAC1 GTPase cycle; RHOG GTPase cycle; RAC3 GTPase cycle; Intra-Golgi traffic; COPII-mediated vesicle transport
FALSE,High,Master Protein,Q9QZS0,Collagen alpha-3(IV) chain [OS=Mus musculus],0.00261,2.892,1,1,14,1,161.6,Col4a3,,,,,,,,,,,,,,,,,,,,,,Primary focal segmental glomerulosclerosis (FSGS); mRNA processing,Laminin interactions; Signaling by PDGF; Integrin cell surface interactions; NCAM1 interactions; Collagen chain trimerization; Collagen degradation; Fibronectin matrix formation; Crosslinking of collagen fibrils; Non-integrin membrane-ECM interactions
FALSE,High,Master Protein,Q5ND52,"rRNA methyltransferase 3, mitochondrial [OS=Mus musculus]",0.00261,2.889,3,1,6,1,46.8,Mrm3,,,,,,,,,,,,,,,,,,,,,,mRNA processing,
FALSE,High,Master Protein,P59016,Vacuolar protein sorting-associated protein 33B [OS=Mus musculus],0.00304,2.874,2,1,3,1,70.5,Vps33b,,,,,,,,,,,,,,,,,,,,,,,
FALSE,High,Master Protein,O35683,NADH dehydrogenase [ubiquinone] 1 alpha subcomplex subunit 1 [OS=Mus musculus],0.00304,2.874,14,1,7,1,8.1,Ndufa1,,,,,,,,,,,,,,,,,,,,,,Electron transport chain,Complex I biogenesis
FALSE,High,Master Protein,Q9QUR6,Prolyl endopeptidase [OS=Mus musculus],0.00304,2.864,3,1,1,1,80.7,Prep,,,,,,,,,,,,,,,,,,,,,,,
FALSE,High,Master Protein,Q9D3B1,Very-long-chain (3R)-3-hydroxyacyl-CoA dehydratase 2 [OS=Mus musculus],0.00304,2.861,5,1,1,1,28.4,Hacd2,0.001,0.001,,,2560456.25,,,,,,4680926.5,,,,,,,,,,,,Synthesis of very long-chain fatty acyl-CoAs
FALSE,High,Master Protein,Q9CXL3,Cholesin [OS=Mus musculus],0.00304,2.861,8,1,3,1,22.2,Chlsn,,,,,,,,,,,,,,,,,,,,,,,
FALSE,High,Master Protein,P03987,Ig gamma-3 chain C region [OS=Mus musculus],0.00303,2.856,4,1,4,1,43.9,,,,,,,,,,,,,,,,,,,,,,,,
FALSE,High,Master Protein,Q9D8T7,"SRA stem-loop-interacting RNA-binding protein, mitochondrial [OS=Mus musculus]",0.00303,2.854,9,1,5,1,12.6,Slirp,,,,,,,,,,,,,,,,,,,,,,mRNA processing,
FALSE,High,Master Protein,Q8VE88,Protein FAM114A2 [OS=Mus musculus],0.00303,2.85,3,1,1,1,54,Fam114a2,,,,,,,,,,,,,,,,,,,,,,,
FALSE,High,Master Protein,Q99KK9,"Histidine--tRNA ligase, mitochondrial [OS=Mus musculus]",0.00303,2.848,3,2,4,1,56.9,Hars2,,,,,,,,,,,,,,,,,,,,,,,
FALSE,High,Master Protein,P70279,Surfeit locus protein 6 [OS=Mus musculus],0.00303,2.837,3,1,1,1,41.2,Surf6,,,,,,,,,,,,,,,,,,,,,,,
FALSE,High,Master Protein,P36536,Small COPII coat GTPase SAR1A [OS=Mus musculus],0.00303,2.833,6,1,7,1,22.4,Sar1a,4.591,2.961,0.025134707,0.055480052,1547245,1828393.125,,797896.375,,2499395.5,2126186.5,1226621.25,5253022,5512513.5,4347704.5,4954044,2083992.625,3907034.5,6011786,3802689,,,
FALSE,High,Master Protein,P54099,DNA polymerase subunit gamma-1 [OS=Mus musculus],0.00346,2.825,1,1,3,1,136.7,Polg,,,,,,,,,,,,,,,,,,,,,,,Strand-asynchronous mitochondrial DNA replication
FALSE,High,Master Protein,P54797,Transport and Golgi organization 2 homolog [OS=Mus musculus],0.00346,2.823,4,1,1,1,30.9,Tango2,,,,,,,,,,,,,,,,,,,,,,,
FALSE,High,Master Protein,Q05860,Formin-1 [OS=Mus musculus],0.00389,2.821,1,1,1,1,163.5,Fmn1,,,,,,,,,,,,,,,,,,,,,,,
FALSE,High,Master Protein,Q8BMG7,Rab3 GTPase-activating protein non-catalytic subunit [OS=Mus musculus],0.00432,2.811,1,1,1,1,152.4,Rab3gap2,,,,,,,,,,,,,,,,,,,,,,,RAB GEFs exchange GTP for GDP on RABs; COPI-independent Golgi-to-ER retrograde traffic
FALSE,High,Master Protein,Q8BKS9,Pumilio homolog 3 [OS=Mus musculus],0.00431,2.806,2,1,1,1,72.8,Pum3,,,,,,,,,,,,,,,,,,,,,,mRNA processing,
FALSE,High,Master Protein,Q923D5,WW domain-binding protein 11 [OS=Mus musculus],0.00431,2.798,2,1,2,1,69.8,Wbp11,,,,,,,,,,,,,,,,,,,,,,,mRNA Splicing - Major Pathway
FALSE,High,Master Protein,Q8QZY9,Splicing factor 3B subunit 4 [OS=Mus musculus],0.00473,2.782,3,1,1,1,44.3,Sf3b4,,,,,,,,,,,,,,,,,,,,,,mRNA processing,mRNA Splicing - Major Pathway; mRNA Splicing - Minor Pathway
FALSE,High,Master Protein,Q80V70,Multiple epidermal growth factor-like domains protein 6 [OS=Mus musculus],0.00473,2.781,1,1,1,1,164.6,Megf6,,,,,,,,,,,,,,,,,,,,,,,Regulation of Insulin-like Growth Factor (IGF) transport and uptake by Insulin-like Growth Factor Binding Proteins (IGFBPs); Post-translational protein phosphorylation; Formation of the dystrophin-glycoprotein complex (DGC); Laminin interactions; Type I hemidesmosome assembly; MET activates PTK2 signaling
FALSE,High,Master Protein,Q62422,Osteoclast-stimulating factor 1 [OS=Mus musculus],0.00472,2.778,6,1,1,1,23.8,Ostf1,,,,,,,,,,,,,,,,,,,,,,,Neutrophil degranulation
FALSE,High,Master Protein,Q7TN79,A-kinase anchor protein 7 isoform gamma [OS=Mus musculus],0.00472,2.773,4,1,1,1,35.5,Akap7,,,,,,,,,,,,,,,,,,,,,,G protein signaling pathways,
FALSE,High,Master Protein,Q8BHC7,Rhomboid-related protein 4 [OS=Mus musculus],0.00472,2.773,5,1,2,1,35.8,Rhbdd1,,,,,,,,,,,,,,,,,,,,,,,
FALSE,High,Master Protein,P00493,Hypoxanthine-guanine phosphoribosyltransferase [OS=Mus musculus],0.00472,2.77,10,2,4,2,24.6,Hprt1,0.739,0.001,0.961622962,,1099070.5,1213537.5,1828060.75,1498261.75,,694806.25,,,,2343413.75,1262260.5,1184308.875,,,,,,Purine metabolism,Azathioprine ADME; Purine salvage
FALSE,High,Master Protein,Q8BY89,Choline transporter-like protein 2 [OS=Mus musculus],0.00471,2.768,2,1,1,1,80.1,Slc44a2,,,,,,,,,,,,,,,,,,,,,,,Neutrophil degranulation; Synthesis of PC; SLC-mediated bile acid transport
FALSE,High,Master Protein,Q99M28,RNA-binding protein with serine-rich domain 1 [OS=Mus musculus],0.00471,2.767,4,1,4,1,34.2,Rnps1,1000,,,,,,,,,,,,2505141.75,1435105,1700968,2843043,,,,,,mRNA processing,Nonsense Mediated Decay (NMD) enhanced by the Exon Junction Complex (EJC); Transport of Mature mRNA derived from an Intron-Containing Transcript; mRNA Splicing - Major Pathway; mRNA 3'-end processing; RNA Polymerase II Transcription Termination
FALSE,High,Master Protein,P09602,Non-histone chromosomal protein HMG-17 [OS=Mus musculus],0.00471,2.764,13,1,3,1,9.4,Hmgn2,1000,40.531,,,,,,1207696.375,576734.375,,834286.8125,,1033822.875,857558.8125,1188041.5,1927139,,1166073.625,1370540,2041016.625,,,
FALSE,High,Master Protein,Q8BWL5,"RNA-binding motif, single-stranded-interacting protein 3 [OS=Mus musculus]",0.0047,2.764,3,1,3,1,46.9,Rbms3,1000,1000,,,,,,,,,,,11770762,,,6079787.5,5858951.5,,8314809.5,,,mRNA processing,
FALSE,High,Master Protein,Q640M1,U3 small nucleolar RNA-associated protein 14 homolog A [OS=Mus musculus],0.0047,2.76,2,1,1,1,87.2,Utp14a,1000,,,,,,,,,,,,2076610.25,1675172.5,2755641,2151282,,,,,,,Major pathway of rRNA processing in the nucleolus and cytosol
FALSE,High,Master Protein,Q80TF6,StAR-related lipid transfer protein 9 [OS=Mus musculus],0.0047,2.759,0,2,10,1,499.9,Stard9,,,,,,,,,,,,,,,,,,,,,,,
FALSE,High,Master Protein,P33215,Protein NEDD1 [OS=Mus musculus],0.00469,2.749,3,1,1,1,71.2,Nedd1,,,,,,,,,,,,,,,,,,,,,,,Anchoring of the basal body to the plasma membrane; Regulation of PLK1 Activity at G2/M Transition; Loss of Nlp from mitotic centrosomes; Recruitment of mitotic centrosome proteins and complexes; Recruitment of NuMA to mitotic centrosomes; AURKA Activation by TPX2
FALSE,High,Master Protein,Q9EQS9,Immunoglobulin superfamily DCC subclass member 4 [OS=Mus musculus],0.00469,2.748,1,1,3,1,134.7,Igdcc4,,,,,,,,,,,,,,,,,,,,,,,
FALSE,High,Master Protein,Q8BJY1,26S proteasome non-ATPase regulatory subunit 5 [OS=Mus musculus],0.00469,2.744,2,2,2,2,55.9,Psmd5,,,,,,,,,,,,,,,,,,,,,Met-loss+Acetyl [N-Term]; Acetyl [N-Term],Proteasome degradation,Proteasome assembly
FALSE,High,Master Protein,Q8VE62,Polyadenylate-binding protein-interacting protein 1 [OS=Mus musculus],0.00469,2.744,5,2,2,2,45.7,Paip1,,,,,,,,,,,,,,,,,,,,,,Translation factors,Deadenylation of mRNA
FALSE,High,Master Protein,P18608,Non-histone chromosomal protein HMG-14 [OS=Mus musculus],0.00468,2.741,34,1,1,1,10.1,Hmgn1,,,,,,,,,,,,,,,,,,,,,,p38 Mapk signaling pathway,
FALSE,High,Master Protein,Q9D0I8,mRNA turnover protein 4 homolog [OS=Mus musculus],0.00468,2.739,8,2,2,2,27.5,Mrto4,,,,,,,,,,,,,,,,,,,,,,,
FALSE,High,Master Protein,Q8BYC6,Serine/threonine-protein kinase TAO3 [OS=Mus musculus],0.00468,2.739,2,2,3,1,105.3,Taok3,,,,,,,,,,,,,,,,,,,,,,,RAC1 GTPase cycle; RAC2 GTPase cycle; RAC3 GTPase cycle
FALSE,High,Master Protein,Q3UM45,Protein phosphatase 1 regulatory subunit 7 [OS=Mus musculus],0.0051,2.73,5,1,1,1,41.3,Ppp1r7,,,,,,,,,,,,,,,,,,,,,,,
FALSE,High,Master Protein,Q9QXA5,U6 snRNA-associated Sm-like protein LSm4 [OS=Mus musculus],0.0051,2.717,7,1,8,1,15.1,Lsm4,,,,,,,,,,,,,,,,,,,,,,mRNA processing,mRNA Splicing - Major Pathway; mRNA decay by 5' to 3' exoribonuclease
FALSE,High,Master Protein,Q61878,Bone marrow proteoglycan [OS=Mus musculus],0.0051,2.708,5,1,2,1,24.2,Prg2,,,,,,,,,,,,,,,,,,,,,,,Neutrophil degranulation
FALSE,High,Master Protein,Q7TPH6,E3 ubiquitin-protein ligase MYCBP2 [OS=Mus musculus],0.00509,2.707,0,1,1,1,520.9,Mycbp2,,,,,,,,,,,,,,,,,,,,,,,
FALSE,High,Master Protein,Q8CCS6,Polyadenylate-binding protein 2 [OS=Mus musculus],0.00509,2.702,4,1,2,1,32.3,Pabpn1,,,,,,,,,,,,,,,,,,,,,,mRNA processing,mRNA 3'-end processing; RNA Polymerase II Transcription Termination; Nuclear RNA decay; Processing of Intronless Pre-mRNAs
FALSE,High,Master Protein,P49429,4-hydroxyphenylpyruvate dioxygenase [OS=Mus musculus],0.00551,2.686,2,1,1,1,45,Hpd,,,,,,,,,,,,,,,,,,,,,,,Tyrosine catabolism
FALSE,High,Master Protein,Q9CR51,V-type proton ATPase subunit G 1 [OS=Mus musculus],0.00551,2.685,9,1,4,1,13.7,Atp6v1g1,,,,,,,,,,,,,,,,,,,,,,Osteoclast signaling,Insulin receptor recycling; Amino acids regulate mTORC1; ROS and RNS production in phagocytes; Transferrin endocytosis and recycling; Ion channel transport
FALSE,High,Master Protein,Q9CQL6,Large ribosomal subunit protein bL35m [OS=Mus musculus],0.00551,2.684,7,1,2,1,21.5,Mrpl35,,,,,,,,,,,,,,,,,,,,,,,Mitochondrial translation elongation; Mitochondrial translation termination; Mitochondrial ribosome-associated quality control
FALSE,High,Master Protein,Q3UBX0,Voltage-gated monoatomic cation channel TMEM109 [OS=Mus musculus],0.00551,2.682,5,1,1,1,26.3,Tmem109,,,,,,,,,,,,,,,,,,,,,,,
FALSE,High,Master Protein,Q06138,Calcium-binding protein 39 [OS=Mus musculus],0.0055,2.682,3,1,6,1,39.8,Cab39,,,,,,,,,,,,,,,,,,,,,,Endochondral ossification; Focal adhesion: PI3K-Akt-mTOR signaling pathway,Neutrophil degranulation; Energy dependent regulation of mTOR by LKB1-AMPK
FALSE,High,Master Protein,P06795,ATP-dependent translocase ABCB1 [OS=Mus musculus],0.0055,2.676,1,1,1,1,140.9,Abcb1b,,,,,,,,,,,,,,,,,,,,,,,
FALSE,High,Master Protein,Q9EP71,Ankycorbin [OS=Mus musculus],0.00549,2.674,2,1,1,1,108.8,Rai14,,,,,,,,,,,,,,,,,,,,,,,
FALSE,High,Master Protein,A6H8H2,DENN domain-containing protein 4C [OS=Mus musculus],0.00549,2.67,1,1,2,1,211.3,Dennd4c,,,,,,,,,,,,,,,,,,,,,,,RAB GEFs exchange GTP for GDP on RABs
FALSE,High,Master Protein,O35678,Monoglyceride lipase [OS=Mus musculus],0.00549,2.664,5,1,4,1,33.4,Mgll,,,,,,,,,,,,,,,,,,,,,,,Acyl chain remodeling of DAG and TAG; Arachidonate production from DAG
FALSE,High,Master Protein,P40336,Vacuolar protein sorting-associated protein 26A [OS=Mus musculus],0.00549,2.662,8,2,5,2,38.1,Vps26a,,,,,,,,,,,,,,,,,,,,,,,WNT ligand biogenesis and trafficking
FALSE,High,Master Protein,Q7TN99,Cytoplasmic polyadenylation element-binding protein 3 [OS=Mus musculus],0.00548,2.652,2,1,4,1,78.3,Cpeb3,1000,1000,,,,,,,,,,,2220160.5,1723488.625,,1897641.125,1415762.25,2500128.5,3244842,2039240.375,,mRNA processing,
FALSE,High,Master Protein,Q62465,Synaptic vesicle membrane protein VAT-1 homolog [OS=Mus musculus],0.00548,2.651,4,1,2,1,43.1,Vat1,1000,,,,,,,,,,,,2548063.5,2679397.25,1425567.125,1395350.625,,,,,,,Neutrophil degranulation
FALSE,High,Master Protein,Q61749,Translation initiation factor eIF2B subunit delta [OS=Mus musculus],0.00548,2.644,2,1,1,1,57.6,Eif2b4,,,,,,,,,,,,,,,,,,,,,,Translation factors,Recycling of eIF2:GDP
FALSE,High,Master Protein,Q9CWX2,"Complex I intermediate-associated protein 30, mitochondrial [OS=Mus musculus]",0.00547,2.642,6,2,3,2,37.8,Ndufaf1,,,,,,,,,,,,,,,,,,,,,,,Complex I biogenesis
FALSE,High,Master Protein,Q62087,Serum paraoxonase/lactonase 3 [OS=Mus musculus],0.00589,2.628,5,1,1,1,39.3,Pon3,,,,,,,,,,,,,,,,,,,,,,Comprehensive IL-17A signaling,Atorvastatin ADME; Synthesis of 5-eicosatetraenoic acids
FALSE,High,Master Protein,Q9ES74,Serine/threonine-protein kinase Nek7 [OS=Mus musculus],0.00589,2.615,3,1,3,1,34.5,Nek7,37.721,1000,0.184917223,,2185745.5,2060271.25,,,,,,,3110093.25,2492288,2043399.25,1908798.125,,,1477927.875,1543520.75,,,
FALSE,High,Master Protein,P97822,Acidic leucine-rich nuclear phosphoprotein 32 family member E [OS=Mus musculus],0.00589,2.609,7,1,1,1,29.6,Anp32e,,,,,,,,,,,,,,,,,,,,,,,
FALSE,High,Master Protein,Q8K4B0,Metastasis-associated protein MTA1 [OS=Mus musculus],0.00588,2.606,1,1,2,1,80.7,Mta1,,,,,,,,,,,,,,,,,,,,,,Mechanisms associated with pluripotency,HDACs deacetylate histones; RNA Polymerase I Transcription Initiation; Regulation of PTEN gene transcription; SUMOylation of transcription factors
FALSE,High,Master Protein,Q99LR1,Lysophosphatidylserine lipase ABHD12 [OS=Mus musculus],0.00588,2.591,6,2,4,2,45.2,Abhd12,,,,,,,,,,,,,,,,,,,,,,,Arachidonate production from DAG
FALSE,High,Master Protein,P61620,Protein transport protein Sec61 subunit alpha isoform 1 [OS=Mus musculus],0.00587,2.585,2,1,7,1,52.2,Sec61a1,,,,,,,,,,,,,,,,,,,,,,,
FALSE,High,Master Protein,O35730,E3 ubiquitin-protein ligase RING1 [OS=Mus musculus],0.00587,2.579,3,1,1,1,42.6,Ring1,,,,,,,,,,,,,,,,,,,,,,Delta-Notch signaling pathway,RUNX1 interacts with co-factors whose precise effect on RUNX1 targets is not known; SUMOylation of DNA damage response and repair proteins; SUMOylation of chromatin organization proteins; SUMOylation of RNA binding proteins; Transcriptional Regulation by E2F6; SUMOylation of transcription cofactors
FALSE,High,Master Protein,A3KFX0,Cytosolic 5'-nucleotidase 1A [OS=Mus musculus],0.00587,2.579,4,1,1,1,40.7,Nt5c1a,,,,,,,,,,,,,,,,,,,,,,Purine metabolism,Pyrimidine catabolism; Purine catabolism
FALSE,High,Master Protein,Q99LG0,Ubiquitin carboxyl-terminal hydrolase 16 [OS=Mus musculus],0.00586,2.575,2,1,1,1,93.4,Usp16,,,,,,,,,,,,,,,,,,,,,,,Ub-specific processing proteases
FALSE,High,Master Protein,P42225,Signal transducer and activator of transcription 1 [OS=Mus musculus],0.00586,2.569,3,2,6,2,87.1,Stat1,0.616,0.51,0.030212606,0.003076629,16909172,9121207,14222816,14368550,15528257,20121010,16279087,21241176,11185175,5809888,8461117,4819304,7039811.5,9224571,9916781,12035299,,,"PKR-mediated signaling; Signaling by SCF-KIT; Downstream signal transduction; Interleukin-20 family signaling; Regulation of IFNA/IFNB signaling; Turbulent (oscillatory, disturbed) flow shear stress activates signaling by PIEZO1 and integrins in endothelial cells; Interleukin-4 and Interleukin-13 signaling; Interleukin-35 Signalling; Interleukin-27 signaling; Regulation of IFNG signaling; Interleukin-6 signaling; ISG15 antiviral mechanism; Interleukin-9 signaling; Interleukin-21 signaling"
FALSE,High,Master Protein,Q8CDI2,F-box only protein 43 [OS=Mus musculus],0.00628,2.559,1,1,1,1,71.1,Fbxo43,,,,,,,,,,,,,,,,,,,,,,,
FALSE,High,Master Protein,Q8K1N2,Pleckstrin homology-like domain family B member 2 [OS=Mus musculus],0.00627,2.557,1,1,3,1,141.4,Phldb2,,,,,,,,,,,,,,,,,,,,,,,
FALSE,High,Master Protein,Q61702,Inter-alpha-trypsin inhibitor heavy chain H1 [OS=Mus musculus],0.00669,2.552,3,2,3,2,101,Itih1,,,,,,,,,,,,,,,,,,,,,,,
FALSE,High,Master Protein,Q9QZM2,DNA polymerase subunit gamma-2 [OS=Mus musculus],0.00668,2.548,2,1,3,1,51.4,Polg2,,,,,,,,,,,,,,,,,,,,,,,Strand-asynchronous mitochondrial DNA replication
FALSE,High,Master Protein,Q3UKJ7,WD40 repeat-containing protein SMU1 [OS=Mus musculus],0.00668,2.541,2,1,7,1,57.5,Smu1,,,,,,,,,,,,,,,,,,,,,,,mRNA Splicing - Major Pathway
FALSE,High,Master Protein,P46978,Dolichyl-diphosphooligosaccharide--protein glycosyltransferase subunit STT3A [OS=Mus musculus],0.00668,2.538,3,2,6,2,80.5,Stt3a,,,,,,,,,,,,,,,,,,,,,,,Regulation of CDH1 posttranslational processing and trafficking to plasma membrane; PD-L1(CD274) glycosylation and translocation to plasma membrane
FALSE,High,Master Protein,Q8R1S0,"Ubiquinone biosynthesis monooxygenase COQ6, mitochondrial [OS=Mus musculus]",0.00668,2.534,5,2,3,2,51.4,Coq6,0.001,0.001,,,2552582.25,,1217607,,5242009.5,5654653.5,,1830058.625,,,,,,,,,,,Ubiquinol biosynthesis
FALSE,High,Master Protein,Q9CX34,Protein SGT1 homolog [OS=Mus musculus],0.00667,2.532,3,1,3,1,38.1,Sugt1,1000,,,,,,,,,,,,1248540.375,956327.625,921576.0625,1121679.25,,,,,,,The NLRP3 inflammasome
FALSE,High,Master Protein,Q8BHC4,Dephospho-CoA kinase domain-containing protein [OS=Mus musculus],0.00667,2.526,5,1,4,1,26.5,Dcakd,,,,,,,,,,,,,,,,,,,,,,,Coenzyme A biosynthesis
FALSE,High,Master Protein,P01901,"H-2 class I histocompatibility antigen, K-B alpha chain [OS=Mus musculus]",0.00667,2.525,2,1,8,1,41.3,H2-K1,,,,,,,,,,,,,,,,,,,,,,,"Neutrophil degranulation; Immunoregulatory interactions between a Lymphoid and a non-Lymphoid cell; DAP12 interactions; ER-Phagosome pathway; Endosomal/Vacuolar pathway; Antigen Presentation: Folding, assembly and peptide loading of class I MHC"
FALSE,High,Master Protein,Q69ZS7,HBS1-like protein [OS=Mus musculus],0.00663,2.52,3,2,3,2,75.1,Hbs1l,,,,,,,,,,,,,,,,,,,,,,,PELO:HBS1L and ABCE1 dissociate a ribosome on a non-stop mRNA; mRNA decay by 3' to 5' exoribonuclease
FALSE,High,Master Protein,Q9DC23,DnaJ homolog subfamily C member 10 [OS=Mus musculus],0.00663,2.519,3,2,4,2,90.5,Dnajc10,,,,,,,,,,,,,,,,,,,,,,,
FALSE,High,Master Protein,Q9CZ42,ATP-dependent (S)-NAD(P)H-hydrate dehydratase [OS=Mus musculus],0.00663,2.516,3,1,4,1,36.7,Naxd,,,,,,,,,,,,,,,,,,,,,,,Nicotinate metabolism
FALSE,High,Master Protein,Q9D358,Low molecular weight phosphotyrosine protein phosphatase [OS=Mus musculus],0.00662,2.514,6,1,8,1,18.2,Acp1,,,,,,,,,,,,,,,,,,,,,,T cell receptor signaling pathway,
FALSE,High,Master Protein,Q9CYG7,Mitochondrial import receptor subunit TOM34 [OS=Mus musculus],0.00662,2.513,5,1,3,1,34.3,Tomm34,,,,,,,,,,,,,,,,,,,,,,,
FALSE,High,Master Protein,Q8K0Z7,Translational activator of cytochrome c oxidase 1 [OS=Mus musculus],0.00662,2.511,4,1,2,1,32.3,Taco1,,,,,,,,,,,,,,,,,,,,,,,
FALSE,High,Master Protein,Q9DCM0,"Persulfide dioxygenase ETHE1, mitochondrial [OS=Mus musculus]",0.00661,2.51,6,1,3,1,27.7,Ethe1,,,,,,,,,,,,,,,,,,,,,,,Sulfide oxidation to sulfate
FALSE,High,Master Protein,Q8K268,ATP-binding cassette sub-family F member 3 [OS=Mus musculus],0.00661,2.508,2,1,1,1,79.8,Abcf3,1000,1000,,,,,,,,,,,3640677.75,1444361.25,2061324.125,880744.875,,1466947.375,1186059.5,,,,
FALSE,High,Master Protein,O55098,Serine/threonine-protein kinase 10 [OS=Mus musculus],0.00785,2.472,1,1,3,1,111.8,Stk10,,,,,,,,,,,,,,,,,,,,,,,Neutrophil degranulation; RHOA GTPase cycle; RHOB GTPase cycle; RHOC GTPase cycle
FALSE,High,Master Protein,Q7M732,Retrotransposon-like protein 1 [OS=Mus musculus],0.00784,2.471,0,1,3,1,198.9,Rtl1,,,,,,,,,,,,,,,,,,,,,,,
FALSE,High,Master Protein,Q91ZE0,"Trimethyllysine dioxygenase, mitochondrial [OS=Mus musculus]",0.00784,2.47,3,1,1,1,49.6,Tmlhe,,,,,,,,,,,,,,,,,,,,,,,
FALSE,High,Master Protein,P0DN34,NADH dehydrogenase [ubiquinone] 1 beta subcomplex subunit 1 [OS=Mus musculus],0.00784,2.468,32,2,7,2,7,Ndufb1,,,,,,,,,,,,,,,,,,,,,,,Complex I biogenesis
FALSE,High,Master Protein,Q9D328,Novel acetylcholine receptor chaperone [OS=Mus musculus],0.00784,2.46,5,1,4,1,18.5,Tmem35a,,,,,,,,,,,,,,,,,,,,,,,
FALSE,High,Master Protein,Q8C3J5,Dedicator of cytokinesis protein 2 [OS=Mus musculus],0.00783,2.457,1,1,1,1,211.6,Dock2,,,,,,,,,,,,,,,,,,,,,,Chemokine signaling pathway; T cell receptor signaling pathway,Factors involved in megakaryocyte development and platelet production; Neutrophil degranulation; RHOA GTPase cycle; RHOG GTPase cycle; RAC2 GTPase cycle; RAC1 GTPase cycle
FALSE,High,Master Protein,Q9CX56,26S proteasome non-ATPase regulatory subunit 8 [OS=Mus musculus],0.00824,2.455,4,1,2,1,39.9,Psmd8,,,,,,,,,,,,,,,,,,,,,,Proteasome degradation,Proteasome assembly; Regulation of RAS by GAPs; FCERI mediated NF-kB activation; Separation of Sister Chromatids; Degradation of beta-catenin by the destruction complex; Ribosome Quality Control (RQC) complex extracts and degrades nascent peptide; CDK-mediated phosphorylation and removal of Cdc6; SCF(Skp2)-mediated degradation of p27/p21; Orc1 removal from chromatin; Neddylation; ABC-family proteins mediated transport; Hedgehog ligand biogenesis; KEAP1-NFE2L2 pathway; AMPK-induced ERAD and lysosome mediated degradation of PD-L1(CD274); MAPK6/MAPK4 signaling; Ub-specific processing proteases; UCH proteinases; Downstream TCR signaling; Activation of NF-kappaB in B cells; Asymmetric localization of PCP proteins; Degradation of AXIN; Hedgehog 'on' state; Regulation of RUNX3 expression and activity; Antigen processing: Ubiquitination & Proteasome degradation; Autodegradation of Cdh1 by Cdh1:APC/C; APC/C:Cdc20 mediated degradation of Securin; APC/C:Cdh1 mediated degradation of Cdc20 and other APC/C:Cdh1 targeted proteins in late mitosis/early G1; Cdc20:Phospho-APC/C mediated degradation of Cyclin A; Assembly of the pre-replicative complex; The role of GTSE1 in G2/M progression after G2 checkpoint; Regulation of PTEN stability and activity; FBXL7 down-regulates AURKA during mitotic entry and in early mitosis; Degradation of CDH1; Regulation of ornithine decarboxylase (ODC); Oxygen-dependent proline hydroxylation of Hypoxia-inducible Factor Alpha; Cross-presentation of soluble exogenous antigens (endosomes); Autodegradation of the E3 ubiquitin ligase COP1; AUF1 (hnRNP D0) binds and destabilizes mRNA; Degradation of DVL; Dectin-1 mediated noncanonical NF-kB signaling; Degradation of GLI1 by the proteasome; GLI3 is processed to GLI3R by the proteasome; NIK-->noncanonical NF-kB signaling; G2/M Checkpoints; Ubiquitin-Mediated Degradation of Phosphorylated Cdc25A; Ubiquitin-dependent degradation of Cyclin D; RUNX1 regulates transcription of genes involved in differentiation of HSCs; Regulation of RUNX2 expression and activity; Interleukin-1 signaling; GSK3B and BTRC:CUL1-mediated-degradation of NFE2L2; GSK3B-mediated proteasomal degradation of PD-L1(CD274); SPOP-mediated proteasomal degradation of PD-L1(CD274); Degradation of CRY and PER proteins
FALSE,High,Master Protein,Q61686,Chromobox protein homolog 5 [OS=Mus musculus],0.00824,2.444,6,1,4,1,22.2,Cbx5,1000,1000,,,,,,,,,,,,988318.6875,,1717023.75,1229983.313,597916.8125,2089198.875,1224054.625,,,Factors involved in megakaryocyte development and platelet production
FALSE,High,Master Protein,Q9DAW9,Calponin-3 [OS=Mus musculus],0.00823,2.439,3,1,3,1,36.4,Cnn3,,1000,,,,,,,,,,,,,,,1226345.5,,2567608,,,,
FALSE,High,Master Protein,Q8CCJ3,E3 UFM1-protein ligase 1 [OS=Mus musculus],0.00823,2.435,2,1,1,1,89.5,Ufl1,,,,,,,,,,,,,,,,,,,,,,,Antigen processing: Ubiquitination & Proteasome degradation
FALSE,High,Master Protein,Q80T21,ADAMTS-like protein 4 [OS=Mus musculus],0.00822,2.433,1,1,1,1,113.2,Adamtsl4,,,,,,,,,,,,,,,,,,,,,,,O-glycosylation of TSR domain-containing proteins
FALSE,High,Master Protein,Q9WVA3,Mitotic checkpoint protein BUB3 [OS=Mus musculus],0.00821,2.431,5,2,10,2,36.9,Bub3,,,,,,,,,,,,,,,,,,,,,,Cell cycle,Cdc20:Phospho-APC/C mediated degradation of Cyclin A; Separation of Sister Chromatids; Amplification  of signal from unattached  kinetochores via a MAD2  inhibitory signal; Resolution of Sister Chromatid Cohesion; RHO GTPases Activate Formins; EML4 and NUDC in mitotic spindle formation; Inactivation of APC/C via direct inhibition of the APC/C complex; APC/C:Cdc20 mediated degradation of mitotic proteins; APC-Cdc20 mediated degradation of Nek2A
FALSE,High,Master Protein,Q6KCD5,Nipped-B-like protein [OS=Mus musculus],0.00821,2.429,1,2,3,2,315.3,Nipbl,1000,1000,,,,,,,,,,,5841052,4125252.25,3231310.75,,3592309.5,,4953246,3534580.5,,,Cohesin Loading onto Chromatin
FALSE,High,Master Protein,P97434,Myosin phosphatase Rho-interacting protein [OS=Mus musculus],0.0082,2.419,2,1,1,1,116.3,Mprip,,,,,,,,,,,,,,,,,,,,,,,
FALSE,High,Master Protein,Q91YH6,"V-type proton ATPase subunit B, kidney isoform [OS=Mus musculus]",0.0082,2.415,2,1,4,1,56.8,Atp6v1b1,,,,,,,,,,,,,,,,,,,,,,,Insulin receptor recycling; Amino acids regulate mTORC1; ROS and RNS production in phagocytes; Transferrin endocytosis and recycling; Ion channel transport
FALSE,High,Master Protein,Q8CGU1,Calcium-binding and coiled-coil domain-containing protein 1 [OS=Mus musculus],0.00819,2.414,1,1,3,1,77.2,Calcoco1,,,,,,,,,,,,,,,,,,,,,,,
FALSE,High,Master Protein,Q9R1C6,Diacylglycerol kinase epsilon [OS=Mus musculus],0.00819,2.404,2,1,2,1,63.6,Dgke,1000,,,,,,,,,,,,,,1920831.75,1646050.5,,,,,,,Effects of PIP2 hydrolysis
FALSE,High,Master Protein,Q9D5V5,Cullin-5 [OS=Mus musculus],0.00819,2.401,1,1,1,1,90.9,Cul5,,,,,,,,,,,,,,,,,,,,,,,Neddylation; Antigen processing: Ubiquitination & Proteasome degradation; Inactivation of CSF3 (G-CSF) signaling; Downregulation of ERBB2 signaling
FALSE,High,Master Protein,P97386,DNA ligase 3 [OS=Mus musculus],0.00818,2.399,2,1,1,1,113,Lig3,,,,,,,,,,,,,,,,,,,,,,,Gap-filling DNA repair synthesis and ligation in TC-NER; APEX1-Independent Resolution of AP Sites via the Single Nucleotide Replacement Pathway; HDR through MMEJ (alt-NHEJ); Resolution of AP sites via the single-nucleotide replacement pathway
FALSE,High,Master Protein,P16675,Lysosomal protective protein [OS=Mus musculus],0.00818,2.398,2,1,4,1,53.8,Ctsa,,,,,,,,,,,,,,,,,,,,,,,MHC class II antigen presentation; Neutrophil degranulation; Glycosphingolipid catabolism; Sialic acid metabolism
FALSE,High,Master Protein,Q8CJ67,Double-stranded RNA-binding protein Staufen homolog 2 [OS=Mus musculus],0.00818,2.395,3,2,4,1,62.5,Stau2,,,,,,,,,,,,,,,,,,,,,,,
FALSE,High,Master Protein,Q9D8Z1,Activating signal cointegrator 1 complex subunit 1 [OS=Mus musculus],0.00817,2.394,3,1,1,1,41.3,Ascc1,,,,,,,,,,,,,,,,,,,,,,,
FALSE,High,Master Protein,Q9CXV1,"Succinate dehydrogenase [ubiquinone] cytochrome b small subunit, mitochondrial [OS=Mus musculus]",0.00817,2.391,4,1,7,1,17,Sdhd,0.692,0.02,0.409395899,0.020834602,7378165,6356237.5,,,8725712,12997074,15855508,8808097,6727817.5,3338313.5,,,,,6651399,3483986.25,,Electron transport chain; TCA cycle,Maturation of TCA enzymes and regulation of TCA cycle; Citric acid cycle (TCA cycle)
FALSE,High,Master Protein,P28663,Beta-soluble NSF attachment protein [OS=Mus musculus],0.00816,2.376,4,1,2,1,33.5,Napb,,,,,,,,,,,,,,,,,,,,,,,COPI-dependent Golgi-to-ER retrograde traffic; COPI-mediated anterograde transport; Retrograde transport at the Trans-Golgi-Network; Intra-Golgi traffic; COPII-mediated vesicle transport
FALSE,High,Master Protein,Q60988,SCL-interrupting locus protein homolog [OS=Mus musculus],0.00856,2.34,1,1,1,1,138.6,Stil,,,,,,,,,,,,,,,,,,,,,,,
FALSE,High,Master Protein,Q9CQN6,Transmembrane protein 14C [OS=Mus musculus],0.00856,2.34,10,1,2,1,11.6,Tmem14c,,,,,,,,,,,,,,,,,,,,,,,
FALSE,High,Master Protein,P58682,Toll-like receptor 8 [OS=Mus musculus],0.00856,2.338,3,2,2,1,119.3,Tlr8,,,,,,,,,,,,,,,,,,,,,,,Trafficking and processing of endosomal TLR
FALSE,High,Master Protein,E9Q8I9,Protein furry homolog [OS=Mus musculus],0.00855,2.337,0,1,2,1,338.9,Fry,,,,,,,,,,,,,,,,,,,,,,,
FALSE,High,Master Protein,O88735,Ensconsin [OS=Mus musculus],0.00855,2.335,2,1,4,1,82,Map7,,,,,,,,,,,,,,,,,,,,,Acetyl [N-Term],,
FALSE,High,Master Protein,Q8BUZ1,Actin-binding Rho-activating protein [OS=Mus musculus],0.00855,2.33,3,1,3,1,42.8,Abra,,,,,,,,,,,,,,,,,,,,,,,
FALSE,High,Master Protein,Q8BZ47,Zinc finger protein 609 [OS=Mus musculus],0.00854,2.327,1,2,2,2,151,Znf609,0.001,0.001,,,2913169.25,2183039.25,2942189.5,1729002.75,4644487.5,7002582,8502710,7743931,,,,,,,,,Acetyl [N-Term],,
FALSE,High,Master Protein,Q9JI39,"ATP-binding cassette sub-family B member 10, mitochondrial [OS=Mus musculus]",0.00854,2.323,1,1,1,1,77.1,Abcb10,,,,,,,,,,,,,,,,,,,,,,,
FALSE,High,Master Protein,Q640L3,Cell cycle progression protein 1 [OS=Mus musculus],0.00854,2.319,2,1,1,1,86.1,Ccpg1,,,,,,,,,,,,,,,,,,,,,,,
FALSE,High,Master Protein,P56375,Acylphosphatase-2 [OS=Mus musculus],0.00853,2.315,8,1,6,1,11.9,Acyp2,,,,,,,,,,,,,,,,,,,,,,,
FALSE,High,Master Protein,Q64442,Sorbitol dehydrogenase [OS=Mus musculus],0.0085,2.31,3,1,1,1,38.2,Sord,,,,,,,,,,,,,,,,,,,,,,Polyol pathway,Fructose biosynthesis; Formation of xylulose-5-phosphate
FALSE,High,Master Protein,Q3TYS2,Cytochrome b-245 chaperone 1 [OS=Mus musculus],0.0089,2.307,5,1,1,1,20.9,Cybc1,,,,,,,,,,,,,,,,,,,,,,,
FALSE,High,Master Protein,P49722,Proteasome subunit alpha type-2 [OS=Mus musculus],0.00889,2.304,17,2,2,2,25.9,Psma2,,,,,,,,,,,,,,,,,,,,,,Proteasome degradation,"Neutrophil degranulation; ER-Phagosome pathway; Hedgehog ligand biogenesis; Ribosome Quality Control (RQC) complex extracts and degrades nascent peptide; FCERI mediated NF-kB activation; Downstream TCR signaling; Activation of NF-kappaB in B cells; Neddylation; Asymmetric localization of PCP proteins; Degradation of AXIN; Hedgehog 'on' state; Ub-specific processing proteases; Regulation of RUNX3 expression and activity; Antigen processing: Ubiquitination & Proteasome degradation; Autodegradation of Cdh1 by Cdh1:APC/C; APC/C:Cdc20 mediated degradation of Securin; APC/C:Cdh1 mediated degradation of Cdc20 and other APC/C:Cdh1 targeted proteins in late mitosis/early G1; Cdc20:Phospho-APC/C mediated degradation of Cyclin A; Separation of Sister Chromatids; Assembly of the pre-replicative complex; CDK-mediated phosphorylation and removal of Cdc6; The role of GTSE1 in G2/M progression after G2 checkpoint; MAPK6/MAPK4 signaling; UCH proteinases; Regulation of PTEN stability and activity; ABC-family proteins mediated transport; Regulation of RAS by GAPs; FBXL7 down-regulates AURKA during mitotic entry and in early mitosis; Degradation of CDH1; Regulation of ornithine decarboxylase (ODC); Oxygen-dependent proline hydroxylation of Hypoxia-inducible Factor Alpha; Cross-presentation of soluble exogenous antigens (endosomes); SCF(Skp2)-mediated degradation of p27/p21; Degradation of beta-catenin by the destruction complex; Autodegradation of the E3 ubiquitin ligase COP1; AUF1 (hnRNP D0) binds and destabilizes mRNA; Degradation of DVL; Dectin-1 mediated noncanonical NF-kB signaling; Degradation of GLI1 by the proteasome; GLI3 is processed to GLI3R by the proteasome; NIK-->noncanonical NF-kB signaling; Orc1 removal from chromatin; G2/M Checkpoints; Ubiquitin-Mediated Degradation of Phosphorylated Cdc25A; Ubiquitin-dependent degradation of Cyclin D; RUNX1 regulates transcription of genes involved in differentiation of HSCs; Regulation of RUNX2 expression and activity; Interleukin-1 signaling; KEAP1-NFE2L2 pathway; GSK3B and BTRC:CUL1-mediated-degradation of NFE2L2; Proteasome assembly; Antigen processing: Ub, ATP-independent proteasomal degradation; GSK3B-mediated proteasomal degradation of PD-L1(CD274); SPOP-mediated proteasomal degradation of PD-L1(CD274); AMPK-induced ERAD and lysosome mediated degradation of PD-L1(CD274); Degradation of CRY and PER proteins"
FALSE,High,Master Protein,Q61151,Serine/threonine-protein phosphatase 2A 56 kDa regulatory subunit epsilon isoform [OS=Mus musculus],0.00889,2.298,3,2,4,1,54.7,Ppp2r5e,,,,,,,,,,,,,,,,,,,,,,Focal adhesion: PI3K-Akt-mTOR signaling pathway; Glycogen metabolism; IL-6 signaling pathway; Wnt signaling; Wnt signaling pathway and pluripotency,"PI5P, PP2A and IER3 Regulate PI3K/AKT Signaling; Co-stimulation by CD28; Co-inhibition by CTLA4; Separation of Sister Chromatids; Amplification  of signal from unattached  kinetochores via a MAD2  inhibitory signal; Resolution of Sister Chromatid Cohesion; RHO GTPases Activate Formins; EML4 and NUDC in mitotic spindle formation; Negative regulation of MAPK pathway; Platelet sensitization by LDL; RAF activation; Beta-catenin phosphorylation cascade; Disassembly of the destruction complex and recruitment of AXIN to the membrane"
FALSE,High,Master Protein,Q60692,Proteasome subunit beta type-6 [OS=Mus musculus],0.00929,2.295,5,1,2,1,25.4,Psmb6,,,,,,,,,,,,,,,,,,,,,,Proteasome degradation,"FCERI mediated NF-kB activation; Downstream TCR signaling; Ribosome Quality Control (RQC) complex extracts and degrades nascent peptide; Activation of NF-kappaB in B cells; Neddylation; Asymmetric localization of PCP proteins; Degradation of AXIN; Hedgehog 'on' state; Ub-specific processing proteases; Regulation of RUNX3 expression and activity; Antigen processing: Ubiquitination & Proteasome degradation; Autodegradation of Cdh1 by Cdh1:APC/C; APC/C:Cdc20 mediated degradation of Securin; APC/C:Cdh1 mediated degradation of Cdc20 and other APC/C:Cdh1 targeted proteins in late mitosis/early G1; Cdc20:Phospho-APC/C mediated degradation of Cyclin A; Separation of Sister Chromatids; Assembly of the pre-replicative complex; CDK-mediated phosphorylation and removal of Cdc6; The role of GTSE1 in G2/M progression after G2 checkpoint; MAPK6/MAPK4 signaling; UCH proteinases; Regulation of PTEN stability and activity; ABC-family proteins mediated transport; Regulation of RAS by GAPs; FBXL7 down-regulates AURKA during mitotic entry and in early mitosis; Degradation of CDH1; Regulation of ornithine decarboxylase (ODC); Oxygen-dependent proline hydroxylation of Hypoxia-inducible Factor Alpha; Cross-presentation of soluble exogenous antigens (endosomes); SCF(Skp2)-mediated degradation of p27/p21; Degradation of beta-catenin by the destruction complex; Autodegradation of the E3 ubiquitin ligase COP1; AUF1 (hnRNP D0) binds and destabilizes mRNA; Degradation of DVL; Hedgehog ligand biogenesis; Dectin-1 mediated noncanonical NF-kB signaling; Degradation of GLI1 by the proteasome; GLI3 is processed to GLI3R by the proteasome; NIK-->noncanonical NF-kB signaling; Orc1 removal from chromatin; G2/M Checkpoints; Ubiquitin-Mediated Degradation of Phosphorylated Cdc25A; Ubiquitin-dependent degradation of Cyclin D; RUNX1 regulates transcription of genes involved in differentiation of HSCs; Regulation of RUNX2 expression and activity; Interleukin-1 signaling; KEAP1-NFE2L2 pathway; GSK3B and BTRC:CUL1-mediated-degradation of NFE2L2; Proteasome assembly; GSK3B-mediated proteasomal degradation of PD-L1(CD274); SPOP-mediated proteasomal degradation of PD-L1(CD274); AMPK-induced ERAD and lysosome mediated degradation of PD-L1(CD274); Degradation of CRY and PER proteins; ER-Phagosome pathway; Antigen processing: Ub, ATP-independent proteasomal degradation"
FALSE,High,Master Protein,O88531,Palmitoyl-protein thioesterase 1 [OS=Mus musculus],0.00929,2.291,5,1,4,1,34.5,Ppt1,,,,,,,,,,,,,,,,,,,,,,,Fatty acyl-CoA biosynthesis
FALSE,High,Master Protein,Q499X9,"Methionine--tRNA ligase, mitochondrial [OS=Mus musculus]",0.00928,2.291,2,1,2,1,65.8,Mars2,,,,,,,,,,,,,,,,,,,,,,,
FALSE,High,Master Protein,P48301,Transcriptional enhancer factor TEF-4 [OS=Mus musculus],0.00927,2.288,2,1,1,1,49,Tead2,,,,,,,,,,,,,,,,,,,,,,,YAP1- and WWTR1 (TAZ)-stimulated gene expression; RUNX3 regulates YAP1-mediated transcription
FALSE,High,Master Protein,Q6ZQ08,CCR4-NOT transcription complex subunit 1 [OS=Mus musculus],0.00967,2.283,0,1,1,1,266.6,Cnot1,,,,,,,,,,,,,,,,,,,,,,,Deadenylation of mRNA; TP53 regulates transcription of additional cell cycle genes whose exact role in the p53 pathway remain uncertain
FALSE,High,Master Protein,B2RRE7,OTU domain-containing protein 4 [OS=Mus musculus],0.00966,2.283,2,2,4,2,123,Otud4,1000,1000,,,,,,,,,,,4819525.5,,5578959,2910478,3953400,6269076,3633893.5,9015851,,,
FALSE,High,Master Protein,Q9QZS3,Protein numb homolog [OS=Mus musculus],0.00966,2.277,2,1,4,1,70.8,Numb,,,,,,,,,,,,,,,,,,,,,,Delta-Notch signaling pathway; Notch signaling pathway,Hedgehog 'on' state; Recycling pathway of L1; Degradation of GLI1 by the proteasome
FALSE,High,Master Protein,P63073,Eukaryotic translation initiation factor 4E [OS=Mus musculus],0.00965,2.265,7,2,7,2,25,Eif4e,1000,1000,,,,,,,,,,,3370924,3937125.25,2910815.75,2981888.75,1682815.625,,3386611,2312082,,Hypertrophy model; Focal adhesion: PI3K-Akt-mTOR signaling pathway; Translation factors; mRNA processing; IL-6 signaling pathway; IL-2 signaling pathway; Alpha 6 beta 4 integrin signaling pathway; Insulin signaling,L13a-mediated translational silencing of Ceruloplasmin expression; GTP hydrolysis and joining of the 60S ribosomal subunit; Transport of the SLBP independent Mature mRNA; Transport of the SLBP Dependant Mature mRNA; Transport of Mature mRNA Derived from an Intronless Transcript; mTORC1-mediated signalling; Translation initiation complex formation; Ribosomal scanning and start codon recognition; ISG15 antiviral mechanism; Deadenylation of mRNA
FALSE,High,Master Protein,Q7TN98,Cytoplasmic polyadenylation element-binding protein 4 [OS=Mus musculus],0.00965,2.263,2,1,1,1,80.1,Cpeb4,,,,,,,,,,,,,,,,,,,,,,mRNA processing,
FALSE,High,Master Protein,P45878,Peptidyl-prolyl cis-trans isomerase FKBP2 [OS=Mus musculus],0.00965,2.258,9,1,3,1,15.3,Fkbp2,,,,,,,,,,,,,,,,,,,,,,,
FALSE,High,Master Protein,Q811L6,Microtubule-associated serine/threonine-protein kinase 4 [OS=Mus musculus],0.00964,2.254,1,2,2,2,283.8,Mast4,1000,1000,,,,,,,,,,,36922964,26120612,31278136,30460612,22345142,29017032,32537510,37753692,,,
FALSE,High,Master Protein,Q80TM9,Nischarin [OS=Mus musculus],0.00964,2.254,1,1,2,1,174.9,Nisch,,,,,,,,,,,,,,,,,,,,,,,RAC1 GTPase cycle; RND2 GTPase cycle; RND3 GTPase cycle
FALSE,High,Master Protein,Q91WD7,Kinesin-like protein KIF18A [OS=Mus musculus],0.00963,2.246,2,1,4,1,100.9,Kif18a,1000,1000,,,,,,,,,,,12015575,6726885.5,10712238,12353542,8663151,8191840.5,10745857,11044108,,,COPI-dependent Golgi-to-ER retrograde traffic; Kinesins; RHO GTPases Activate Formins; Separation of Sister Chromatids; MHC class II antigen presentation; Amplification  of signal from unattached  kinetochores via a MAD2  inhibitory signal; Resolution of Sister Chromatid Cohesion; EML4 and NUDC in mitotic spindle formation
